{"type":"FeatureCollection","features":[{"type":"Feature","properties":{"d":"Nyarugenge","s":"Nyarugenge","c":"Agatare"},"geometry":{"type":"Polygon","coordinates":[[[30.06611,-1.96586],[30.06588,-1.96559],[30.06573,-1.96543],[30.06576,-1.96537],[30.06563,-1.96526],[30.06569,-1.96511],[30.06561,-1.96492],[30.06537,-1.96479],[30.06531,-1.96494],[30.06528,-1.96506],[30.06518,-1.96515],[30.06517,-1.96527],[30.06522,-1.96532],[30.0652,-1.96552],[30.06516,-1.96557],[30.06515,-1.96561],[30.06519,-1.96567],[30.06521,-1.96582],[30.06515,-1.96594],[30.06509,-1.96595],[30.06501,-1.9659],[30.06492,-1.9659],[30.06489,-1.96594],[30.06478,-1.96592],[30.06481,-1.96581],[30.06463,-1.96578],[30.06463,-1.96579],[30.06443,-1.96575],[30.06422,-1.96583],[30.06413,-1.96586],[30.06408,-1.96586],[30.06413,-1.96599],[30.06411,-1.96602],[30.064,-1.96606],[30.06401,-1.96608],[30.06417,-1.96632],[30.06419,-1.96645],[30.06426,-1.96647],[30.06423,-1.96648],[30.06414,-1.96657],[30.06409,-1.9666],[30.06372,-1.96621],[30.06354,-1.96613],[30.06331,-1.96607],[30.06315,-1.96605],[30.06272,-1.96602],[30.06267,-1.96614],[30.06251,-1.96614],[30.06222,-1.96606],[30.06144,-1.9657],[30.06145,-1.96591],[30.06147,-1.96608],[30.06155,-1.96621],[30.06154,-1.96627],[30.06158,-1.96638],[30.06166,-1.96648],[30.06174,-1.96653],[30.06182,-1.96666],[30.06186,-1.96673],[30.06189,-1.96676],[30.06187,-1.96696],[30.06203,-1.96775],[30.06219,-1.96875],[30.06222,-1.96882],[30.06216,-1.96886],[30.06209,-1.96896],[30.06213,-1.96899],[30.06218,-1.96899],[30.06221,-1.96901],[30.06223,-1.96907],[30.06232,-1.96915],[30.06246,-1.9693],[30.06252,-1.96941],[30.06278,-1.96995],[30.06277,-1.97017],[30.06288,-1.97011],[30.06291,-1.97031],[30.06297,-1.97048],[30.06311,-1.9707],[30.06337,-1.97085],[30.06383,-1.97098],[30.06388,-1.9715],[30.06364,-1.97154],[30.06362,-1.97161],[30.0638,-1.97171],[30.06429,-1.9716],[30.06456,-1.97159],[30.0647,-1.9716],[30.06481,-1.97155],[30.06481,-1.97157],[30.06546,-1.97132],[30.06583,-1.97192],[30.0667,-1.97149],[30.0666,-1.97133],[30.06686,-1.97128],[30.06665,-1.97089],[30.06669,-1.97073],[30.06681,-1.97066],[30.06707,-1.97046],[30.06718,-1.97056],[30.06812,-1.96975],[30.06883,-1.96948],[30.06917,-1.96925],[30.06914,-1.96923],[30.06921,-1.96918],[30.06906,-1.96906],[30.06892,-1.96891],[30.06883,-1.96873],[30.06881,-1.96864],[30.06874,-1.96869],[30.06861,-1.9686],[30.06827,-1.96821],[30.06826,-1.96819],[30.06823,-1.96821],[30.06822,-1.96813],[30.06823,-1.96807],[30.06789,-1.96752],[30.06777,-1.96734],[30.06771,-1.96718],[30.0677,-1.96715],[30.06742,-1.96682],[30.06725,-1.96659],[30.06716,-1.96653],[30.06703,-1.96654],[30.06688,-1.96654],[30.06682,-1.9665],[30.06631,-1.96611],[30.06625,-1.96608],[30.06611,-1.96586]]]}},{"type":"Feature","properties":{"d":"Gasabo","s":"Jali","c":"Agateko"},"geometry":{"type":"Polygon","coordinates":[[[30.02749,-1.88736],[30.02738,-1.88739],[30.02707,-1.88737],[30.02584,-1.88767],[30.02513,-1.888],[30.02466,-1.88836],[30.02434,-1.88885],[30.02347,-1.88975],[30.02104,-1.89066],[30.02088,-1.89079],[30.02071,-1.89071],[30.0206,-1.89054],[30.02059,-1.89055],[30.02032,-1.89051],[30.01996,-1.89088],[30.02023,-1.89128],[30.02056,-1.89178],[30.02137,-1.89171],[30.02161,-1.89206],[30.02188,-1.89262],[30.02194,-1.89287],[30.02206,-1.89479],[30.022,-1.89532],[30.02254,-1.89533],[30.02351,-1.89419],[30.02423,-1.89363],[30.02467,-1.89315],[30.02487,-1.89331],[30.02474,-1.89491],[30.025,-1.89517],[30.02486,-1.89551],[30.02497,-1.89578],[30.0248,-1.8961],[30.02518,-1.89637],[30.02539,-1.89669],[30.0254,-1.89706],[30.02584,-1.89766],[30.02616,-1.89862],[30.02609,-1.89874],[30.02621,-1.89891],[30.02635,-1.89933],[30.02634,-1.89952],[30.02642,-1.89979],[30.02667,-1.90001],[30.02679,-1.90016],[30.02676,-1.90031],[30.02668,-1.90054],[30.0268,-1.90067],[30.02697,-1.90064],[30.02716,-1.90074],[30.02725,-1.90093],[30.02723,-1.90111],[30.02714,-1.90132],[30.02836,-1.90295],[30.02855,-1.90325],[30.02868,-1.90331],[30.02888,-1.90329],[30.02905,-1.90335],[30.02922,-1.90347],[30.02933,-1.90397],[30.02969,-1.90427],[30.0298,-1.90467],[30.02987,-1.9048],[30.02999,-1.9049],[30.03019,-1.90502],[30.03069,-1.90561],[30.03167,-1.90722],[30.03221,-1.9083],[30.0328,-1.90958],[30.03317,-1.91053],[30.03393,-1.91221],[30.03427,-1.91263],[30.03457,-1.91268],[30.03447,-1.91199],[30.03441,-1.91137],[30.03438,-1.91127],[30.03438,-1.9106],[30.0344,-1.91018],[30.03419,-1.90963],[30.03417,-1.90951],[30.03418,-1.90941],[30.03439,-1.90921],[30.03456,-1.90895],[30.03472,-1.9082],[30.03482,-1.90736],[30.03491,-1.90732],[30.03505,-1.90737],[30.03519,-1.90774],[30.03524,-1.90856],[30.03536,-1.90898],[30.03548,-1.90901],[30.03563,-1.9089],[30.03595,-1.90839],[30.03602,-1.90831],[30.0362,-1.90811],[30.03666,-1.90768],[30.03698,-1.90733],[30.03716,-1.90706],[30.0375,-1.90646],[30.03765,-1.90604],[30.03765,-1.90565],[30.03758,-1.90529],[30.03764,-1.90514],[30.03777,-1.90508],[30.03835,-1.90526],[30.03987,-1.906],[30.04008,-1.90618],[30.04025,-1.90637],[30.04033,-1.90648],[30.04037,-1.90661],[30.04044,-1.90672],[30.04057,-1.90688],[30.0413,-1.9063],[30.04173,-1.90606],[30.04207,-1.90581],[30.04229,-1.90572],[30.04242,-1.90567],[30.04274,-1.90538],[30.04308,-1.90478],[30.0433,-1.90435],[30.04333,-1.9041],[30.04329,-1.90395],[30.04333,-1.90383],[30.04347,-1.90381],[30.04363,-1.90383],[30.04375,-1.90386],[30.04448,-1.90418],[30.04542,-1.90463],[30.0456,-1.90476],[30.04565,-1.90485],[30.04569,-1.9049],[30.04574,-1.90495],[30.04599,-1.90545],[30.04618,-1.90605],[30.04626,-1.90634],[30.04631,-1.90665],[30.0463,-1.90692],[30.04627,-1.90712],[30.04616,-1.90748],[30.04622,-1.90756],[30.04624,-1.90758],[30.04637,-1.90754],[30.04692,-1.90716],[30.04724,-1.90688],[30.04751,-1.90659],[30.04796,-1.90609],[30.04839,-1.90551],[30.04865,-1.90506],[30.04876,-1.90481],[30.04886,-1.9045],[30.04895,-1.90433],[30.04905,-1.90393],[30.04911,-1.90386],[30.04917,-1.90342],[30.04918,-1.90319],[30.04921,-1.90309],[30.04928,-1.90303],[30.04937,-1.90305],[30.04946,-1.90312],[30.04971,-1.90335],[30.05002,-1.90358],[30.05013,-1.9037],[30.05017,-1.90382],[30.05016,-1.90392],[30.05012,-1.90402],[30.04993,-1.90428],[30.04996,-1.90446],[30.04996,-1.9045],[30.0501,-1.90432],[30.05036,-1.9041],[30.0507,-1.90388],[30.05159,-1.90351],[30.05155,-1.9035],[30.05146,-1.90284],[30.05138,-1.9027],[30.05129,-1.90259],[30.0512,-1.90251],[30.05099,-1.90227],[30.05076,-1.90212],[30.05055,-1.90173],[30.05051,-1.90147],[30.0505,-1.90144],[30.05047,-1.90141],[30.05045,-1.90137],[30.05014,-1.90107],[30.05004,-1.90105],[30.04985,-1.90103],[30.04963,-1.90138],[30.04947,-1.90135],[30.04928,-1.90099],[30.04889,-1.90088],[30.04877,-1.90057],[30.04879,-1.90039],[30.04857,-1.90008],[30.04745,-1.90004],[30.04632,-1.89998],[30.04628,-1.89997],[30.04625,-1.89998],[30.04555,-1.89995],[30.04541,-1.8999],[30.04532,-1.89971],[30.04496,-1.89951],[30.04478,-1.89925],[30.04479,-1.89895],[30.04495,-1.89886],[30.04497,-1.8987],[30.04495,-1.89853],[30.04491,-1.89837],[30.04481,-1.89817],[30.04452,-1.89778],[30.04448,-1.89769],[30.04447,-1.89759],[30.04451,-1.89741],[30.04452,-1.8972],[30.04447,-1.89706],[30.04436,-1.8969],[30.04431,-1.8968],[30.04428,-1.89661],[30.04421,-1.89635],[30.04411,-1.89617],[30.04404,-1.89608],[30.04398,-1.89575],[30.04382,-1.89569],[30.04376,-1.89569],[30.04363,-1.89586],[30.04358,-1.896],[30.04353,-1.89603],[30.04327,-1.89597],[30.0432,-1.896],[30.04322,-1.89603],[30.04315,-1.89606],[30.04295,-1.89611],[30.04278,-1.89613],[30.04253,-1.89612],[30.04253,-1.89613],[30.04245,-1.89613],[30.04236,-1.89608],[30.04203,-1.89598],[30.0419,-1.89597],[30.04164,-1.89597],[30.0415,-1.89592],[30.04147,-1.89592],[30.04139,-1.89597],[30.04132,-1.89613],[30.04128,-1.89615],[30.04113,-1.89612],[30.04105,-1.89612],[30.04097,-1.89616],[30.04097,-1.8962],[30.04086,-1.89619],[30.04079,-1.89622],[30.04037,-1.89611],[30.04024,-1.89602],[30.04008,-1.8959],[30.03989,-1.8958],[30.03955,-1.89566],[30.03932,-1.89551],[30.03913,-1.89541],[30.03862,-1.89516],[30.03855,-1.8951],[30.03853,-1.89505],[30.03834,-1.89488],[30.03822,-1.89473],[30.03815,-1.89467],[30.038,-1.89449],[30.03786,-1.89437],[30.03784,-1.89437],[30.03782,-1.89436],[30.03753,-1.89413],[30.03732,-1.89392],[30.03712,-1.89374],[30.03702,-1.89361],[30.0369,-1.89331],[30.03681,-1.89314],[30.03658,-1.89286],[30.03643,-1.89264],[30.03632,-1.8923],[30.03622,-1.89212],[30.03604,-1.89193],[30.03594,-1.89178],[30.0358,-1.89149],[30.03577,-1.89138],[30.03578,-1.89128],[30.0357,-1.89116],[30.03567,-1.891],[30.03561,-1.89089],[30.03553,-1.8907],[30.03534,-1.89056],[30.03525,-1.89048],[30.03516,-1.89035],[30.0351,-1.89032],[30.03504,-1.89027],[30.03498,-1.89018],[30.0348,-1.89005],[30.03473,-1.88997],[30.03453,-1.88983],[30.03448,-1.88978],[30.03439,-1.88954],[30.03428,-1.88938],[30.03426,-1.88923],[30.03423,-1.88911],[30.03419,-1.88903],[30.03394,-1.88889],[30.0337,-1.88871],[30.03358,-1.88857],[30.03349,-1.88856],[30.03325,-1.8883],[30.03318,-1.88827],[30.03311,-1.88817],[30.03301,-1.88808],[30.03298,-1.88808],[30.03283,-1.88802],[30.03273,-1.88795],[30.03266,-1.88786],[30.03258,-1.8878],[30.0325,-1.88776],[30.03239,-1.88775],[30.03225,-1.88777],[30.03206,-1.88772],[30.03187,-1.88767],[30.0318,-1.88771],[30.03174,-1.88781],[30.03165,-1.88782],[30.03148,-1.88775],[30.0313,-1.88788],[30.0311,-1.88792],[30.031,-1.88792],[30.03089,-1.88791],[30.03056,-1.88792],[30.0304,-1.88791],[30.03028,-1.88786],[30.03004,-1.88781],[30.02949,-1.88781],[30.02946,-1.88783],[30.02939,-1.88783],[30.02932,-1.88781],[30.02878,-1.88782],[30.02849,-1.88768],[30.02792,-1.88751],[30.02785,-1.88745],[30.02766,-1.88739],[30.02749,-1.88736]]]}},{"type":"Feature","properties":{"d":"Nyarugenge","s":"Gitega","c":"Akabahizi"},"geometry":{"type":"Polygon","coordinates":[[[30.0488,-1.94183],[30.04805,-1.94156],[30.04724,-1.94111],[30.04705,-1.94088],[30.04697,-1.94079],[30.04686,-1.94087],[30.04652,-1.94101],[30.04619,-1.9412],[30.04579,-1.94131],[30.04572,-1.94134],[30.04568,-1.94136],[30.04576,-1.94142],[30.04582,-1.94161],[30.04624,-1.9417],[30.04713,-1.94204],[30.04744,-1.94221],[30.04802,-1.94247],[30.04838,-1.94271],[30.04859,-1.94294],[30.04899,-1.94374],[30.04913,-1.94389],[30.04914,-1.9439],[30.04917,-1.94392],[30.04932,-1.94392],[30.04938,-1.94406],[30.04939,-1.9442],[30.04934,-1.94433],[30.04937,-1.94452],[30.04936,-1.9447],[30.04943,-1.94501],[30.04943,-1.94505],[30.04949,-1.94512],[30.0495,-1.94532],[30.04949,-1.94548],[30.0495,-1.9455],[30.04962,-1.94567],[30.04978,-1.94581],[30.04994,-1.94601],[30.05006,-1.94629],[30.0503,-1.94666],[30.05041,-1.94677],[30.0506,-1.94691],[30.05073,-1.94712],[30.05077,-1.94719],[30.05108,-1.94744],[30.05136,-1.9478],[30.05142,-1.94794],[30.0515,-1.94818],[30.05173,-1.94888],[30.05188,-1.9489],[30.05193,-1.94899],[30.05197,-1.949],[30.05201,-1.94906],[30.05207,-1.94915],[30.05233,-1.94927],[30.05251,-1.9493],[30.05297,-1.94925],[30.0535,-1.94915],[30.054,-1.94908],[30.05399,-1.94916],[30.05515,-1.94924],[30.05517,-1.94917],[30.05531,-1.94916],[30.05557,-1.94922],[30.05567,-1.94926],[30.05573,-1.9493],[30.05613,-1.94949],[30.05628,-1.94963],[30.05654,-1.94956],[30.05657,-1.94954],[30.05683,-1.94945],[30.05687,-1.94946],[30.0569,-1.94943],[30.0566,-1.9489],[30.056,-1.94803],[30.05497,-1.94701],[30.05475,-1.94659],[30.0547,-1.94644],[30.05465,-1.94631],[30.05457,-1.94567],[30.05455,-1.94558],[30.05447,-1.94527],[30.05404,-1.94499],[30.05335,-1.94443],[30.05311,-1.94427],[30.05273,-1.94413],[30.05215,-1.94395],[30.05193,-1.94393],[30.05152,-1.94395],[30.0514,-1.94393],[30.05123,-1.94387],[30.05095,-1.94363],[30.05089,-1.94353],[30.05066,-1.94325],[30.05049,-1.94297],[30.05047,-1.94292],[30.05012,-1.94255],[30.04986,-1.94232],[30.04981,-1.94226],[30.04976,-1.94224],[30.04967,-1.94217],[30.04933,-1.94202],[30.0492,-1.94194],[30.04899,-1.94188],[30.04893,-1.94184],[30.04891,-1.94183],[30.0489,-1.94185],[30.0488,-1.94183]]]}},{"type":"Feature","properties":{"d":"Nyarugenge","s":"Gitega","c":"Akabeza"},"geometry":{"type":"Polygon","coordinates":[[[30.05385,-1.95329],[30.05359,-1.95321],[30.05332,-1.95305],[30.0533,-1.95296],[30.05312,-1.95292],[30.05343,-1.95355],[30.05371,-1.95397],[30.05392,-1.95422],[30.05394,-1.95443],[30.05394,-1.95538],[30.05395,-1.9557],[30.05434,-1.95571],[30.05483,-1.9558],[30.05491,-1.95575],[30.0549,-1.95579],[30.05523,-1.95583],[30.05534,-1.95586],[30.05555,-1.95583],[30.05564,-1.95587],[30.05567,-1.95589],[30.0558,-1.95592],[30.05599,-1.95601],[30.05609,-1.95602],[30.05613,-1.95605],[30.05641,-1.95607],[30.05659,-1.9561],[30.05661,-1.95611],[30.05676,-1.95613],[30.05685,-1.95617],[30.05691,-1.95624],[30.05697,-1.95628],[30.05701,-1.95627],[30.05713,-1.95631],[30.05715,-1.95629],[30.0572,-1.95642],[30.05726,-1.9564],[30.05743,-1.95644],[30.05756,-1.95645],[30.05756,-1.95642],[30.05762,-1.95638],[30.05773,-1.95638],[30.05773,-1.95634],[30.05775,-1.95643],[30.05788,-1.95632],[30.05835,-1.95629],[30.05827,-1.95592],[30.05808,-1.95519],[30.05761,-1.95296],[30.05751,-1.95297],[30.05744,-1.95299],[30.05726,-1.953],[30.05722,-1.95298],[30.05712,-1.95298],[30.05675,-1.95305],[30.05638,-1.95313],[30.05591,-1.95322],[30.05588,-1.95322],[30.05508,-1.95323],[30.05508,-1.95321],[30.05506,-1.9532],[30.05483,-1.95322],[30.05483,-1.9532],[30.05482,-1.9532],[30.0548,-1.95317],[30.05448,-1.95325],[30.05396,-1.95331],[30.05385,-1.95329]]]}},{"type":"Feature","properties":{"d":"Gasabo","s":"Jabana","c":"Akamatamu"},"geometry":{"type":"Polygon","coordinates":[[[30.0781,-1.85628],[30.07809,-1.85623],[30.07806,-1.85615],[30.07784,-1.85636],[30.07739,-1.8563],[30.07611,-1.85783],[30.0744,-1.85849],[30.07433,-1.85854],[30.07422,-1.85858],[30.07397,-1.85864],[30.07388,-1.85872],[30.07381,-1.85876],[30.07361,-1.85879],[30.07355,-1.85875],[30.07351,-1.85881],[30.07331,-1.85886],[30.07329,-1.85884],[30.07322,-1.8589],[30.07304,-1.85899],[30.07263,-1.85945],[30.07256,-1.85948],[30.07245,-1.85948],[30.0723,-1.8596],[30.0721,-1.85983],[30.07172,-1.86012],[30.0717,-1.86014],[30.07185,-1.8603],[30.07182,-1.86036],[30.07181,-1.86047],[30.0716,-1.86074],[30.07154,-1.86078],[30.07153,-1.86084],[30.07142,-1.86097],[30.07123,-1.86127],[30.07112,-1.86137],[30.07098,-1.86146],[30.07095,-1.86147],[30.07085,-1.86137],[30.07068,-1.86148],[30.07062,-1.86156],[30.07043,-1.86172],[30.07047,-1.86174],[30.07039,-1.86185],[30.06987,-1.86243],[30.06981,-1.86251],[30.06888,-1.86193],[30.06832,-1.86152],[30.068,-1.86135],[30.06776,-1.86119],[30.0674,-1.86113],[30.06695,-1.86109],[30.06647,-1.86091],[30.06599,-1.86063],[30.06556,-1.86025],[30.065,-1.85957],[30.06493,-1.85949],[30.06422,-1.85831],[30.0639,-1.85799],[30.06373,-1.85785],[30.06306,-1.85753],[30.06214,-1.85731],[30.06201,-1.8573],[30.0623,-1.85735],[30.06216,-1.85772],[30.06239,-1.85823],[30.06225,-1.85885],[30.06239,-1.85929],[30.06253,-1.86058],[30.06257,-1.86093],[30.06254,-1.8611],[30.06241,-1.86133],[30.06151,-1.86219],[30.06106,-1.86271],[30.06089,-1.86351],[30.06074,-1.86525],[30.06076,-1.86529],[30.06088,-1.86552],[30.06101,-1.86572],[30.06127,-1.86621],[30.0618,-1.86717],[30.06182,-1.86722],[30.06184,-1.86741],[30.06188,-1.86752],[30.06198,-1.86776],[30.06198,-1.86807],[30.06208,-1.86833],[30.06222,-1.86854],[30.06276,-1.86955],[30.06298,-1.86991],[30.06309,-1.87013],[30.06316,-1.87022],[30.06327,-1.87042],[30.06333,-1.87058],[30.06362,-1.87112],[30.06372,-1.87128],[30.06381,-1.87152],[30.06379,-1.87153],[30.06723,-1.87528],[30.06746,-1.87562],[30.06768,-1.87594],[30.06784,-1.87634],[30.06813,-1.87752],[30.0684,-1.87809],[30.06872,-1.87856],[30.06895,-1.87898],[30.06911,-1.8795],[30.06913,-1.87979],[30.06996,-1.8815],[30.07158,-1.88323],[30.07176,-1.8837],[30.07176,-1.88405],[30.07186,-1.88437],[30.07236,-1.88543],[30.07253,-1.88563],[30.0728,-1.88597],[30.07301,-1.88607],[30.07309,-1.88617],[30.07313,-1.8862],[30.07324,-1.88668],[30.07327,-1.88688],[30.07349,-1.88788],[30.07355,-1.88827],[30.07482,-1.88658],[30.07593,-1.88497],[30.07599,-1.88484],[30.07612,-1.88479],[30.07653,-1.88417],[30.07661,-1.88408],[30.07678,-1.88385],[30.07688,-1.88367],[30.07735,-1.88325],[30.07778,-1.8829],[30.07834,-1.88239],[30.0787,-1.88211],[30.07893,-1.88186],[30.07903,-1.88178],[30.07915,-1.88172],[30.07929,-1.88161],[30.07951,-1.88143],[30.07958,-1.88134],[30.07968,-1.88129],[30.07991,-1.8811],[30.07995,-1.88099],[30.07998,-1.88095],[30.0801,-1.88088],[30.0802,-1.88078],[30.08025,-1.88066],[30.08044,-1.88044],[30.08081,-1.87989],[30.08139,-1.87912],[30.08152,-1.87899],[30.08191,-1.8785],[30.08205,-1.87831],[30.08215,-1.87821],[30.08217,-1.87814],[30.08231,-1.87796],[30.08239,-1.8779],[30.0824,-1.87784],[30.08247,-1.87776],[30.08252,-1.87773],[30.08264,-1.87755],[30.08273,-1.87746],[30.08276,-1.87737],[30.08285,-1.87726],[30.08306,-1.87702],[30.08313,-1.8769],[30.08335,-1.87662],[30.08347,-1.87645],[30.0836,-1.87632],[30.08372,-1.87616],[30.08386,-1.87604],[30.08394,-1.87589],[30.08433,-1.87536],[30.08456,-1.87503],[30.08467,-1.87491],[30.0848,-1.87471],[30.08499,-1.87451],[30.08515,-1.87431],[30.0852,-1.87425],[30.08527,-1.87412],[30.08556,-1.87377],[30.08561,-1.87366],[30.08568,-1.87358],[30.08593,-1.87333],[30.086,-1.87312],[30.08612,-1.87296],[30.08616,-1.87289],[30.08626,-1.87262],[30.08628,-1.87247],[30.08651,-1.8719],[30.08678,-1.87182],[30.08695,-1.87165],[30.08707,-1.87138],[30.08725,-1.87117],[30.08743,-1.87106],[30.08767,-1.87072],[30.08775,-1.87036],[30.08774,-1.87029],[30.08787,-1.86988],[30.08822,-1.86904],[30.08826,-1.86864],[30.08846,-1.86807],[30.08852,-1.86743],[30.0886,-1.86719],[30.08862,-1.8672],[30.08865,-1.86707],[30.0888,-1.86668],[30.08902,-1.86639],[30.08897,-1.86607],[30.08907,-1.86581],[30.089,-1.8658],[30.08891,-1.86567],[30.08871,-1.86573],[30.08827,-1.86607],[30.08762,-1.86619],[30.08627,-1.86514],[30.08621,-1.86515],[30.08582,-1.86499],[30.0857,-1.86498],[30.08551,-1.865],[30.08423,-1.86429],[30.0842,-1.86395],[30.08395,-1.86352],[30.0837,-1.86325],[30.08341,-1.86311],[30.08338,-1.86319],[30.08322,-1.86316],[30.08249,-1.86313],[30.08229,-1.86309],[30.08202,-1.86288],[30.08196,-1.86271],[30.08192,-1.86267],[30.08162,-1.86222],[30.08091,-1.86175],[30.08008,-1.86138],[30.07993,-1.86114],[30.07976,-1.86014],[30.07977,-1.85999],[30.07979,-1.8599],[30.07984,-1.85983],[30.07988,-1.85969],[30.07949,-1.85922],[30.0794,-1.85899],[30.07934,-1.85834],[30.079,-1.85788],[30.07828,-1.85726],[30.07814,-1.85683],[30.0781,-1.85628]]]}},{"type":"Feature","properties":{"d":"Nyarugenge","s":"Muhima","c":"Amahoro"},"geometry":{"type":"Polygon","coordinates":[[[30.05811,-1.93365],[30.0577,-1.93352],[30.0572,-1.93379],[30.05699,-1.9339],[30.05613,-1.93389],[30.05577,-1.93389],[30.05543,-1.934],[30.0552,-1.93398],[30.05496,-1.93421],[30.05455,-1.93453],[30.05504,-1.9356],[30.05544,-1.93557],[30.05569,-1.93553],[30.0558,-1.93609],[30.05599,-1.93666],[30.05585,-1.93669],[30.05561,-1.93741],[30.05538,-1.93807],[30.05533,-1.93824],[30.05529,-1.93842],[30.0553,-1.93856],[30.05565,-1.9392],[30.05713,-1.93941],[30.05787,-1.9396],[30.05822,-1.93971],[30.0584,-1.93973],[30.0585,-1.93974],[30.05841,-1.93942],[30.0583,-1.93914],[30.05815,-1.93887],[30.05816,-1.93883],[30.05841,-1.93883],[30.05865,-1.93879],[30.05895,-1.93867],[30.05903,-1.93849],[30.05912,-1.9384],[30.05924,-1.93834],[30.05955,-1.93822],[30.05981,-1.93815],[30.06015,-1.93814],[30.06077,-1.93803],[30.06092,-1.93802],[30.06104,-1.93805],[30.06153,-1.93829],[30.06195,-1.93854],[30.06213,-1.93862],[30.06227,-1.93871],[30.06252,-1.93885],[30.06263,-1.93892],[30.06281,-1.93904],[30.06342,-1.93966],[30.06398,-1.94011],[30.0644,-1.94058],[30.06458,-1.94075],[30.06465,-1.94079],[30.06467,-1.94075],[30.06458,-1.94067],[30.06474,-1.94048],[30.0647,-1.94044],[30.06476,-1.94037],[30.0648,-1.94041],[30.06493,-1.94029],[30.06497,-1.94028],[30.06503,-1.94017],[30.06499,-1.94013],[30.06503,-1.94009],[30.06504,-1.9401],[30.06516,-1.93998],[30.06522,-1.93987],[30.06543,-1.93958],[30.06545,-1.93954],[30.06544,-1.93949],[30.06545,-1.93945],[30.06547,-1.93945],[30.06554,-1.93939],[30.06571,-1.93917],[30.06588,-1.93899],[30.06598,-1.9391],[30.06617,-1.9389],[30.06619,-1.93886],[30.0664,-1.93855],[30.06643,-1.93856],[30.06646,-1.93855],[30.06654,-1.93857],[30.06651,-1.93855],[30.06701,-1.93791],[30.06703,-1.93789],[30.06692,-1.93779],[30.06667,-1.9378],[30.06588,-1.93717],[30.06488,-1.93662],[30.06486,-1.93659],[30.06478,-1.93654],[30.06474,-1.93645],[30.06434,-1.93629],[30.06422,-1.9362],[30.06408,-1.93613],[30.06398,-1.93599],[30.06378,-1.93585],[30.06349,-1.93579],[30.06334,-1.93578],[30.06322,-1.93572],[30.06323,-1.93569],[30.06315,-1.93571],[30.06315,-1.93568],[30.06242,-1.93541],[30.06158,-1.93497],[30.06076,-1.9347],[30.06065,-1.93466],[30.0601,-1.93436],[30.06006,-1.93432],[30.05968,-1.93429],[30.05958,-1.93409],[30.05948,-1.93409],[30.05913,-1.93365],[30.05873,-1.9337],[30.05853,-1.93368],[30.05845,-1.9337],[30.0584,-1.93372],[30.05811,-1.93365]]]}},{"type":"Feature","properties":{"d":"Kicukiro","s":"Masaka","c":"Ayabaraya"},"geometry":{"type":"Polygon","coordinates":[[[30.21956,-2.01139],[30.21801,-2.01071],[30.21789,-2.01099],[30.21749,-2.01174],[30.21737,-2.01173],[30.2173,-2.01197],[30.21733,-2.01216],[30.21728,-2.01227],[30.2172,-2.01274],[30.21689,-2.01309],[30.21626,-2.01344],[30.2162,-2.01353],[30.21612,-2.01377],[30.21608,-2.01396],[30.21607,-2.01405],[30.21615,-2.0142],[30.21621,-2.01434],[30.21639,-2.01444],[30.21661,-2.01469],[30.21665,-2.01491],[30.21682,-2.01513],[30.21712,-2.0157],[30.21723,-2.01604],[30.21746,-2.01828],[30.21774,-2.019],[30.21807,-2.01974],[30.21798,-2.01984],[30.21781,-2.02006],[30.21773,-2.02053],[30.21769,-2.02217],[30.21775,-2.02239],[30.21849,-2.02239],[30.21888,-2.02248],[30.21869,-2.02296],[30.2185,-2.0234],[30.2183,-2.0237],[30.21814,-2.02398],[30.21713,-2.02576],[30.21666,-2.02619],[30.21637,-2.02631],[30.21629,-2.02661],[30.21575,-2.02757],[30.21708,-2.02727],[30.21751,-2.02726],[30.21767,-2.02723],[30.21775,-2.02727],[30.21824,-2.02791],[30.21836,-2.02818],[30.21842,-2.02821],[30.21846,-2.02821],[30.21848,-2.02825],[30.219,-2.0296],[30.21899,-2.03008],[30.21933,-2.03038],[30.21906,-2.03057],[30.21909,-2.03076],[30.21899,-2.03128],[30.21876,-2.03178],[30.21859,-2.03255],[30.21876,-2.03306],[30.21906,-2.03322],[30.21905,-2.03352],[30.21927,-2.03409],[30.21942,-2.0343],[30.21949,-2.03461],[30.21947,-2.03498],[30.2192,-2.03551],[30.21917,-2.0359],[30.21919,-2.03624],[30.21916,-2.03665],[30.21906,-2.03805],[30.21897,-2.03869],[30.21898,-2.03916],[30.21895,-2.0396],[30.21896,-2.04008],[30.2188,-2.04032],[30.21878,-2.04063],[30.21878,-2.04082],[30.21886,-2.04135],[30.21884,-2.04206],[30.21885,-2.04247],[30.21878,-2.04317],[30.21882,-2.04342],[30.21828,-2.04336],[30.2182,-2.04334],[30.21757,-2.04315],[30.21737,-2.04307],[30.21674,-2.04291],[30.21661,-2.04282],[30.21654,-2.04281],[30.2165,-2.04282],[30.21647,-2.04284],[30.21631,-2.0428],[30.21597,-2.04368],[30.21568,-2.04404],[30.21548,-2.04426],[30.21524,-2.0447],[30.21516,-2.04494],[30.21511,-2.04533],[30.21511,-2.04677],[30.21472,-2.04787],[30.21453,-2.04854],[30.21391,-2.05026],[30.21345,-2.05075],[30.21262,-2.05136],[30.21192,-2.0519],[30.21162,-2.05224],[30.21144,-2.05244],[30.21119,-2.05305],[30.21104,-2.05386],[30.21087,-2.0543],[30.21062,-2.0547],[30.21028,-2.05497],[30.20996,-2.05521],[30.2099,-2.0555],[30.20967,-2.05628],[30.20967,-2.0564],[30.2097,-2.05664],[30.20969,-2.05687],[30.20966,-2.05687],[30.20966,-2.05694],[30.20949,-2.05716],[30.20946,-2.05722],[30.20945,-2.05749],[30.20942,-2.05765],[30.20945,-2.05773],[30.20946,-2.0579],[30.20943,-2.05803],[30.20901,-2.05845],[30.20888,-2.05865],[30.20882,-2.05872],[30.20878,-2.05873],[30.20876,-2.05881],[30.20875,-2.05888],[30.20893,-2.05926],[30.20905,-2.05964],[30.20919,-2.06003],[30.20922,-2.06011],[30.20935,-2.06028],[30.20939,-2.06032],[30.20936,-2.06069],[30.20942,-2.06093],[30.20878,-2.06153],[30.20825,-2.06192],[30.2076,-2.0621],[30.20701,-2.06192],[30.20709,-2.06215],[30.20704,-2.06263],[30.20662,-2.063],[30.20649,-2.06328],[30.20679,-2.06348],[30.20679,-2.06354],[30.20686,-2.06386],[30.20692,-2.06401],[30.20685,-2.06408],[30.20682,-2.06409],[30.20644,-2.06448],[30.20617,-2.06467],[30.20622,-2.06477],[30.20617,-2.06483],[30.20572,-2.06502],[30.20564,-2.06508],[30.2056,-2.06513],[30.20558,-2.06525],[30.20559,-2.06545],[30.20551,-2.06548],[30.20527,-2.06549],[30.20525,-2.06547],[30.20498,-2.06556],[30.20495,-2.0656],[30.20497,-2.06566],[30.20444,-2.0667],[30.20401,-2.0673],[30.20392,-2.06794],[30.20438,-2.06822],[30.20546,-2.06798],[30.20604,-2.06772],[30.2066,-2.06757],[30.2068,-2.06804],[30.20638,-2.06951],[30.206,-2.07019],[30.20517,-2.07108],[30.20478,-2.07217],[30.20465,-2.07318],[30.20466,-2.07355],[30.20504,-2.07445],[30.2054,-2.07454],[30.20646,-2.07448],[30.20686,-2.07475],[30.20729,-2.07563],[30.20735,-2.07616],[30.20764,-2.07736],[30.2078,-2.0789],[30.20807,-2.07974],[30.20825,-2.07978],[30.20837,-2.0798],[30.20886,-2.07936],[30.2093,-2.07846],[30.20974,-2.07813],[30.21017,-2.0774],[30.21056,-2.07612],[30.21087,-2.07563],[30.21123,-2.07557],[30.21209,-2.07622],[30.21268,-2.07628],[30.21315,-2.07579],[30.21334,-2.07458],[30.21354,-2.07433],[30.21417,-2.07448],[30.21471,-2.07471],[30.21577,-2.07478],[30.21617,-2.07461],[30.21679,-2.07417],[30.21763,-2.07326],[30.21849,-2.07208],[30.21865,-2.072],[30.21881,-2.07195],[30.21909,-2.07199],[30.22008,-2.07255],[30.22085,-2.07287],[30.22116,-2.07278],[30.2218,-2.07243],[30.22211,-2.07212],[30.22234,-2.07146],[30.22237,-2.07072],[30.22225,-2.07028],[30.22189,-2.06875],[30.2217,-2.06814],[30.2216,-2.06704],[30.22171,-2.06643],[30.22205,-2.0662],[30.22059,-2.06065],[30.22432,-2.05564],[30.2254,-2.05336],[30.22764,-2.04861],[30.22782,-2.04757],[30.22826,-2.04512],[30.22925,-2.03959],[30.22922,-2.03769],[30.22918,-2.03501],[30.22914,-2.0348],[30.22901,-2.03389],[30.22896,-2.03294],[30.22889,-2.03244],[30.22895,-2.03182],[30.22907,-2.03098],[30.22945,-2.02866],[30.2296,-2.02812],[30.22989,-2.02744],[30.22987,-2.02719],[30.22991,-2.02683],[30.23016,-2.02623],[30.2302,-2.02459],[30.23026,-2.02317],[30.23023,-2.02083],[30.23024,-2.02019],[30.2302,-2.01964],[30.23012,-2.01907],[30.22993,-2.0181],[30.22981,-2.01719],[30.22979,-2.01638],[30.2298,-2.01599],[30.22985,-2.01578],[30.22997,-2.01556],[30.23025,-2.01494],[30.2303,-2.01467],[30.23028,-2.01436],[30.23013,-2.01342],[30.23005,-2.01342],[30.23005,-2.01341],[30.22968,-2.01334],[30.22874,-2.01334],[30.22851,-2.01323],[30.22852,-2.01332],[30.22675,-2.01316],[30.22698,-2.01285],[30.22704,-2.01274],[30.22706,-2.01266],[30.22582,-2.0126],[30.2258,-2.0127],[30.22573,-2.01268],[30.22566,-2.01264],[30.22549,-2.01289],[30.22536,-2.01279],[30.22516,-2.01276],[30.22465,-2.01218],[30.22466,-2.01214],[30.22383,-2.01168],[30.22379,-2.01163],[30.22377,-2.01165],[30.22379,-2.01186],[30.22374,-2.01192],[30.22372,-2.01199],[30.22369,-2.01202],[30.22314,-2.01218],[30.22244,-2.01203],[30.22217,-2.01205],[30.22182,-2.01188],[30.22137,-2.01181],[30.22127,-2.01173],[30.22119,-2.01171],[30.2209,-2.01173],[30.22062,-2.01155],[30.22048,-2.01182],[30.22031,-2.01176],[30.2199,-2.01156],[30.21989,-2.01157],[30.21956,-2.01139]]]}},{"type":"Feature","properties":{"d":"Gasabo","s":"Kimironko","c":"Bibare"},"geometry":{"type":"Polygon","coordinates":[[[30.13832,-1.93922],[30.13812,-1.93897],[30.13781,-1.93842],[30.13784,-1.93813],[30.13783,-1.93791],[30.13774,-1.93733],[30.13779,-1.93704],[30.13779,-1.93703],[30.13775,-1.93701],[30.13783,-1.9366],[30.1379,-1.93652],[30.13792,-1.93633],[30.138,-1.93606],[30.13819,-1.93561],[30.13824,-1.93545],[30.13828,-1.93524],[30.13838,-1.93489],[30.1384,-1.93471],[30.13839,-1.93432],[30.13837,-1.93429],[30.1383,-1.93427],[30.13829,-1.93423],[30.13833,-1.93394],[30.13837,-1.93373],[30.13846,-1.93347],[30.13846,-1.93334],[30.13849,-1.93315],[30.13848,-1.93285],[30.13838,-1.93256],[30.13836,-1.93245],[30.13842,-1.93207],[30.13854,-1.9317],[30.13868,-1.93139],[30.13869,-1.93121],[30.13872,-1.9311],[30.13877,-1.93103],[30.13888,-1.93094],[30.13895,-1.93083],[30.13907,-1.93052],[30.13919,-1.93038],[30.13922,-1.93021],[30.13922,-1.93012],[30.13912,-1.92988],[30.13895,-1.92964],[30.13889,-1.9295],[30.13888,-1.92925],[30.13885,-1.92901],[30.13879,-1.92872],[30.13864,-1.92867],[30.13796,-1.92902],[30.13752,-1.92905],[30.13717,-1.9292],[30.13698,-1.92981],[30.13695,-1.93088],[30.1367,-1.93159],[30.1366,-1.93169],[30.13614,-1.93209],[30.13593,-1.93244],[30.13573,-1.93303],[30.13554,-1.93334],[30.13533,-1.93359],[30.13455,-1.93443],[30.13346,-1.9355],[30.13324,-1.93578],[30.13162,-1.93938],[30.13125,-1.94025],[30.13058,-1.94165],[30.13056,-1.9417],[30.13046,-1.94187],[30.12785,-1.94738],[30.12753,-1.94803],[30.12743,-1.94806],[30.12725,-1.94823],[30.1267,-1.94853],[30.1261,-1.94884],[30.12575,-1.94899],[30.12569,-1.94906],[30.12504,-1.94942],[30.12451,-1.94974],[30.12445,-1.94981],[30.12321,-1.9507],[30.12109,-1.95227],[30.12099,-1.9523],[30.12068,-1.95257],[30.11994,-1.95309],[30.11973,-1.95321],[30.11941,-1.95347],[30.11948,-1.9535],[30.11941,-1.9535],[30.11927,-1.95359],[30.11866,-1.95404],[30.11862,-1.95411],[30.11867,-1.95429],[30.11881,-1.95491],[30.11903,-1.95578],[30.11914,-1.9559],[30.11916,-1.95593],[30.11926,-1.95602],[30.11961,-1.95639],[30.11961,-1.9565],[30.11966,-1.95647],[30.11997,-1.95664],[30.1203,-1.9568],[30.12153,-1.95731],[30.12189,-1.95742],[30.12271,-1.95765],[30.12333,-1.95791],[30.12393,-1.95811],[30.12404,-1.95818],[30.1241,-1.95807],[30.12424,-1.95786],[30.12438,-1.95755],[30.1245,-1.95716],[30.12458,-1.95666],[30.12465,-1.95661],[30.12496,-1.95688],[30.12577,-1.95779],[30.12587,-1.9579],[30.12605,-1.95836],[30.12609,-1.9585],[30.12618,-1.95886],[30.12599,-1.95907],[30.12572,-1.95934],[30.12552,-1.95953],[30.12532,-1.95986],[30.12523,-1.96027],[30.12537,-1.96074],[30.12548,-1.96092],[30.1256,-1.96104],[30.12578,-1.96116],[30.12582,-1.96116],[30.12625,-1.9607],[30.12649,-1.96056],[30.12709,-1.9603],[30.12728,-1.96019],[30.12797,-1.95957],[30.12837,-1.95914],[30.12853,-1.95901],[30.12903,-1.95859],[30.12933,-1.95832],[30.12976,-1.95798],[30.13082,-1.95727],[30.13105,-1.95706],[30.13152,-1.9567],[30.132,-1.95641],[30.13254,-1.95607],[30.13262,-1.95602],[30.13272,-1.95596],[30.13324,-1.95564],[30.13333,-1.95558],[30.13381,-1.95531],[30.13425,-1.95516],[30.1344,-1.95509],[30.13546,-1.95455],[30.13591,-1.95429],[30.13602,-1.95421],[30.13658,-1.95394],[30.13675,-1.95382],[30.13703,-1.95366],[30.13737,-1.9534],[30.13746,-1.95335],[30.13821,-1.95303],[30.13837,-1.95293],[30.13839,-1.95294],[30.13872,-1.95284],[30.1391,-1.95285],[30.13906,-1.95277],[30.13903,-1.95111],[30.13863,-1.95009],[30.13861,-1.94955],[30.13868,-1.94912],[30.13857,-1.9486],[30.13864,-1.94741],[30.13864,-1.94739],[30.13861,-1.94739],[30.13862,-1.94729],[30.13856,-1.94728],[30.13855,-1.94725],[30.13854,-1.94693],[30.13848,-1.94642],[30.13845,-1.94619],[30.13844,-1.94539],[30.13848,-1.94538],[30.13846,-1.94466],[30.1386,-1.94347],[30.13864,-1.94192],[30.13873,-1.94119],[30.13869,-1.94072],[30.13867,-1.94066],[30.13859,-1.94001],[30.13864,-1.94],[30.13861,-1.93977],[30.1385,-1.93977],[30.13832,-1.93922]]]}},{"type":"Feature","properties":{"d":"Nyarugenge","s":"Nyarugenge","c":"Biryogo"},"geometry":{"type":"Polygon","coordinates":[[[30.06026,-1.96384],[30.06026,-1.96379],[30.06014,-1.96361],[30.06028,-1.96302],[30.06022,-1.9627],[30.06011,-1.96273],[30.05986,-1.9629],[30.05983,-1.96303],[30.05964,-1.9637],[30.05923,-1.96493],[30.05889,-1.96581],[30.05881,-1.96611],[30.05861,-1.96672],[30.05856,-1.9669],[30.05874,-1.96676],[30.05892,-1.96692],[30.05911,-1.96714],[30.05938,-1.96743],[30.05972,-1.96769],[30.06011,-1.96794],[30.06052,-1.96814],[30.06062,-1.96817],[30.0607,-1.96792],[30.06097,-1.96741],[30.06117,-1.96723],[30.06139,-1.96709],[30.06157,-1.96704],[30.06187,-1.96696],[30.06189,-1.96676],[30.06186,-1.96673],[30.06182,-1.96666],[30.06174,-1.96653],[30.06166,-1.96648],[30.06158,-1.96638],[30.06154,-1.96627],[30.06155,-1.96621],[30.06147,-1.96608],[30.06145,-1.96591],[30.06144,-1.9657],[30.06222,-1.96606],[30.06251,-1.96614],[30.06267,-1.96614],[30.06272,-1.96602],[30.06315,-1.96605],[30.06331,-1.96607],[30.06354,-1.96613],[30.06372,-1.96621],[30.06409,-1.9666],[30.06414,-1.96657],[30.06423,-1.96648],[30.06426,-1.96647],[30.06419,-1.96645],[30.06417,-1.96632],[30.06401,-1.96608],[30.064,-1.96606],[30.06411,-1.96602],[30.06413,-1.96599],[30.06408,-1.96586],[30.06413,-1.96586],[30.06422,-1.96583],[30.06443,-1.96575],[30.06463,-1.96579],[30.06463,-1.96578],[30.06481,-1.96581],[30.06478,-1.96592],[30.06489,-1.96594],[30.06492,-1.9659],[30.06501,-1.9659],[30.06509,-1.96595],[30.06515,-1.96594],[30.06521,-1.96582],[30.06519,-1.96567],[30.06515,-1.96561],[30.06516,-1.96557],[30.0652,-1.96552],[30.06522,-1.96532],[30.06517,-1.96527],[30.06518,-1.96515],[30.06528,-1.96506],[30.06531,-1.96494],[30.06537,-1.96479],[30.06539,-1.96472],[30.06555,-1.96427],[30.06555,-1.96401],[30.06552,-1.96379],[30.06545,-1.96354],[30.06545,-1.96354],[30.0654,-1.96355],[30.06538,-1.96345],[30.06523,-1.96348],[30.06523,-1.96352],[30.06492,-1.96356],[30.06483,-1.96357],[30.06455,-1.96358],[30.06412,-1.96362],[30.06408,-1.96366],[30.06409,-1.96367],[30.06404,-1.96369],[30.06381,-1.96371],[30.06318,-1.96375],[30.06183,-1.96382],[30.06164,-1.96385],[30.06155,-1.9638],[30.06118,-1.96382],[30.06109,-1.96385],[30.06095,-1.96385],[30.06091,-1.96387],[30.06065,-1.96388],[30.06062,-1.96385],[30.06031,-1.96386],[30.06026,-1.96384]]]}},{"type":"Feature","properties":{"d":"Gasabo","s":"Rusororo","c":"Bisenga"},"geometry":{"type":"Polygon","coordinates":[[[30.26609,-1.89648],[30.26495,-1.89641],[30.26457,-1.89629],[30.2638,-1.89608],[30.26339,-1.89597],[30.26329,-1.89597],[30.26322,-1.89592],[30.26116,-1.89537],[30.26045,-1.89527],[30.26043,-1.89596],[30.26052,-1.89687],[30.26087,-1.89768],[30.26122,-1.89814],[30.26167,-1.89896],[30.26324,-1.90102],[30.26372,-1.90198],[30.26387,-1.90227],[30.26397,-1.90309],[30.26239,-1.9034],[30.26109,-1.90326],[30.26092,-1.90322],[30.26086,-1.9032],[30.26073,-1.90313],[30.26061,-1.90302],[30.25991,-1.90267],[30.25946,-1.90258],[30.25865,-1.90254],[30.25806,-1.90267],[30.25725,-1.9027],[30.25636,-1.90257],[30.25625,-1.90264],[30.25637,-1.90288],[30.25694,-1.90358],[30.25713,-1.90392],[30.25722,-1.9053],[30.25779,-1.90619],[30.25776,-1.90662],[30.25787,-1.907],[30.25805,-1.90725],[30.25846,-1.90761],[30.25874,-1.90874],[30.25895,-1.90927],[30.26002,-1.90946],[30.26097,-1.9098],[30.26196,-1.91054],[30.26188,-1.91061],[30.26173,-1.91089],[30.26132,-1.91124],[30.26137,-1.91166],[30.26095,-1.91243],[30.26119,-1.91273],[30.26191,-1.91305],[30.2624,-1.91343],[30.26309,-1.91311],[30.26336,-1.91318],[30.26379,-1.91307],[30.26379,-1.91318],[30.26368,-1.91323],[30.2636,-1.91334],[30.26348,-1.91344],[30.26335,-1.91366],[30.26328,-1.91382],[30.2632,-1.91393],[30.26308,-1.91423],[30.26306,-1.91433],[30.26301,-1.9144],[30.26452,-1.91619],[30.26458,-1.91619],[30.26511,-1.91791],[30.26506,-1.91807],[30.26489,-1.91829],[30.26431,-1.91839],[30.26445,-1.91873],[30.26442,-1.91902],[30.26345,-1.91927],[30.26291,-1.91946],[30.26288,-1.91973],[30.26274,-1.92011],[30.26288,-1.92069],[30.26291,-1.92089],[30.26289,-1.92114],[30.26285,-1.92144],[30.26277,-1.92157],[30.26279,-1.92197],[30.26285,-1.9222],[30.2628,-1.92248],[30.26285,-1.92307],[30.26279,-1.92318],[30.26294,-1.92366],[30.26305,-1.92377],[30.2631,-1.92396],[30.26318,-1.92417],[30.26334,-1.92431],[30.26346,-1.92455],[30.26349,-1.92471],[30.26328,-1.92548],[30.263,-1.92577],[30.26287,-1.92578],[30.26304,-1.926],[30.26349,-1.92648],[30.26387,-1.92686],[30.26401,-1.92718],[30.2643,-1.92729],[30.26464,-1.92757],[30.26498,-1.92773],[30.26547,-1.928],[30.2657,-1.92837],[30.26605,-1.92858],[30.2661,-1.92919],[30.26589,-1.92986],[30.26591,-1.93042],[30.26655,-1.93029],[30.2665,-1.93057],[30.26656,-1.93093],[30.26678,-1.93198],[30.26676,-1.93229],[30.2666,-1.93247],[30.26697,-1.93325],[30.26713,-1.93365],[30.26725,-1.93401],[30.26727,-1.93434],[30.26717,-1.93473],[30.26711,-1.93491],[30.26682,-1.93538],[30.26669,-1.93548],[30.26645,-1.93554],[30.266,-1.93557],[30.26599,-1.93572],[30.26593,-1.93593],[30.26585,-1.93643],[30.26571,-1.93677],[30.26545,-1.93664],[30.26542,-1.93663],[30.26533,-1.93684],[30.26525,-1.93726],[30.26509,-1.9378],[30.26495,-1.93796],[30.26476,-1.93808],[30.26471,-1.93816],[30.26464,-1.9385],[30.26463,-1.93872],[30.26463,-1.93879],[30.2647,-1.9389],[30.26472,-1.93899],[30.26471,-1.93932],[30.26473,-1.93962],[30.26478,-1.93977],[30.2648,-1.93992],[30.26486,-1.94003],[30.26495,-1.94013],[30.26526,-1.94041],[30.2658,-1.941],[30.26599,-1.94112],[30.26587,-1.94111],[30.26617,-1.94146],[30.26645,-1.94176],[30.26678,-1.94217],[30.26699,-1.94252],[30.26707,-1.94275],[30.26704,-1.94287],[30.26696,-1.94295],[30.26695,-1.94299],[30.26797,-1.94361],[30.26792,-1.94366],[30.26778,-1.94376],[30.2676,-1.94394],[30.26747,-1.94408],[30.26728,-1.94433],[30.26738,-1.94442],[30.2679,-1.94478],[30.26797,-1.9449],[30.26792,-1.94523],[30.26794,-1.94531],[30.26786,-1.94567],[30.26787,-1.9458],[30.26793,-1.94612],[30.26789,-1.94639],[30.26809,-1.94657],[30.26826,-1.94645],[30.26847,-1.94665],[30.26864,-1.94678],[30.26887,-1.94657],[30.26997,-1.94573],[30.2705,-1.94519],[30.271,-1.94444],[30.27126,-1.94333],[30.27131,-1.94323],[30.27218,-1.9415],[30.27279,-1.93985],[30.27412,-1.93847],[30.27493,-1.93779],[30.27526,-1.93745],[30.27579,-1.93684],[30.27655,-1.93596],[30.2766,-1.93587],[30.27689,-1.93557],[30.27699,-1.93544],[30.27709,-1.93481],[30.27716,-1.9342],[30.27713,-1.93362],[30.27713,-1.93297],[30.27709,-1.93208],[30.27709,-1.9319],[30.27688,-1.92981],[30.27677,-1.92852],[30.27672,-1.92762],[30.27667,-1.92675],[30.27655,-1.92641],[30.27584,-1.92571],[30.27515,-1.92505],[30.27507,-1.9247],[30.27506,-1.92428],[30.27507,-1.9237],[30.27506,-1.92341],[30.27503,-1.92329],[30.27483,-1.92284],[30.27491,-1.92279],[30.27486,-1.92271],[30.27484,-1.92259],[30.27485,-1.92229],[30.27494,-1.92173],[30.27494,-1.92159],[30.2749,-1.92134],[30.27487,-1.92127],[30.27477,-1.92116],[30.27433,-1.92073],[30.27428,-1.92066],[30.27424,-1.92057],[30.27412,-1.92009],[30.27403,-1.91965],[30.27394,-1.91932],[30.2738,-1.91875],[30.27352,-1.91793],[30.27339,-1.91715],[30.2733,-1.91673],[30.27321,-1.91599],[30.27309,-1.91462],[30.27306,-1.91452],[30.27285,-1.91422],[30.27263,-1.91371],[30.27225,-1.91291],[30.27193,-1.912],[30.27125,-1.91036],[30.27084,-1.9094],[30.27079,-1.90908],[30.27066,-1.90807],[30.27076,-1.90753],[30.27106,-1.90626],[30.27118,-1.90596],[30.27122,-1.90581],[30.27125,-1.90559],[30.27126,-1.90505],[30.27124,-1.90474],[30.27116,-1.90453],[30.27111,-1.90428],[30.27106,-1.90413],[30.27106,-1.9036],[30.27106,-1.90329],[30.27129,-1.90245],[30.27145,-1.90207],[30.27207,-1.90112],[30.27226,-1.90073],[30.27283,-1.90011],[30.27281,-1.90007],[30.27251,-1.89983],[30.27229,-1.89959],[30.27204,-1.89936],[30.27202,-1.89932],[30.2718,-1.89952],[30.27177,-1.89953],[30.27174,-1.89952],[30.27174,-1.89946],[30.27176,-1.89941],[30.27174,-1.89936],[30.27164,-1.8993],[30.27148,-1.89925],[30.27138,-1.89916],[30.27127,-1.8991],[30.27109,-1.89903],[30.27101,-1.89918],[30.27079,-1.89911],[30.27072,-1.89908],[30.27071,-1.89904],[30.27063,-1.89901],[30.27054,-1.89895],[30.27039,-1.8988],[30.27013,-1.89865],[30.27002,-1.89856],[30.26966,-1.89837],[30.26912,-1.89813],[30.26905,-1.89811],[30.26876,-1.89796],[30.26846,-1.89773],[30.26775,-1.89737],[30.26715,-1.89679],[30.26675,-1.89664],[30.26647,-1.89645],[30.26634,-1.89645],[30.26625,-1.89647],[30.26621,-1.8965],[30.26618,-1.8965],[30.26609,-1.89648]]]}},{"type":"Feature","properties":{"d":"Gasabo","s":"Jali","c":"Buhiza"},"geometry":{"type":"MultiPolygon","coordinates":[[[[30.01335,-1.86892],[30.0143,-1.86887],[30.01456,-1.86882],[30.01477,-1.86867],[30.01558,-1.86871],[30.01588,-1.8688],[30.01676,-1.86878],[30.01781,-1.86848],[30.01875,-1.86785],[30.01971,-1.86819],[30.02013,-1.86848],[30.02014,-1.86841],[30.02046,-1.86867],[30.02067,-1.8688],[30.02113,-1.86918],[30.02131,-1.86939],[30.02138,-1.8696],[30.02141,-1.86965],[30.02154,-1.86978],[30.02166,-1.86993],[30.02194,-1.87017],[30.02204,-1.87028],[30.02213,-1.87032],[30.02243,-1.87042],[30.02306,-1.87111],[30.02342,-1.87122],[30.02345,-1.87121],[30.02361,-1.87133],[30.02376,-1.87152],[30.0239,-1.87165],[30.02395,-1.87178],[30.02401,-1.8718],[30.02423,-1.87179],[30.02436,-1.87174],[30.02441,-1.87172],[30.02458,-1.87149],[30.02494,-1.87148],[30.02502,-1.8715],[30.02508,-1.8715],[30.02548,-1.87135],[30.02562,-1.87135],[30.02563,-1.87129],[30.02572,-1.87134],[30.02582,-1.87134],[30.02611,-1.87128],[30.02644,-1.87124],[30.02672,-1.87122],[30.02691,-1.87122],[30.02695,-1.87113],[30.02702,-1.87109],[30.02719,-1.87104],[30.02755,-1.87122],[30.02775,-1.87123],[30.02798,-1.8712],[30.02814,-1.87115],[30.02834,-1.87136],[30.02856,-1.87134],[30.02863,-1.8713],[30.02872,-1.87118],[30.02883,-1.87109],[30.02894,-1.87106],[30.02917,-1.87104],[30.02976,-1.87093],[30.02988,-1.87084],[30.02997,-1.87076],[30.03018,-1.87043],[30.03024,-1.87032],[30.03028,-1.87022],[30.03048,-1.87002],[30.0308,-1.86978],[30.03097,-1.86967],[30.03129,-1.86948],[30.03151,-1.86938],[30.03146,-1.86922],[30.03145,-1.86895],[30.03138,-1.86889],[30.03119,-1.8688],[30.03111,-1.86872],[30.03108,-1.86866],[30.03107,-1.86849],[30.03109,-1.86826],[30.03105,-1.86811],[30.03101,-1.86801],[30.03095,-1.86797],[30.03087,-1.86798],[30.03082,-1.86802],[30.03075,-1.86814],[30.03071,-1.86819],[30.03066,-1.86821],[30.0306,-1.8682],[30.03055,-1.86817],[30.0305,-1.86811],[30.03043,-1.86799],[30.0304,-1.86786],[30.03041,-1.86777],[30.0304,-1.86775],[30.03016,-1.86768],[30.03011,-1.86762],[30.03009,-1.86755],[30.03007,-1.86735],[30.03001,-1.86714],[30.02996,-1.86681],[30.02983,-1.86661],[30.02964,-1.86612],[30.02954,-1.86604],[30.02954,-1.86596],[30.0296,-1.86565],[30.02959,-1.86554],[30.02954,-1.86545],[30.0294,-1.86528],[30.02938,-1.86522],[30.02927,-1.86508],[30.02911,-1.86499],[30.02897,-1.86493],[30.02885,-1.86493],[30.02882,-1.86486],[30.02883,-1.86469],[30.0287,-1.86457],[30.0287,-1.86452],[30.02874,-1.86446],[30.02875,-1.86442],[30.02875,-1.86437],[30.02872,-1.86431],[30.02866,-1.86426],[30.02856,-1.86425],[30.02849,-1.86426],[30.02845,-1.86424],[30.02821,-1.86383],[30.02801,-1.86327],[30.02796,-1.86323],[30.02785,-1.86321],[30.02783,-1.86319],[30.02787,-1.863],[30.02795,-1.86291],[30.02797,-1.86283],[30.02796,-1.86215],[30.02798,-1.86207],[30.02806,-1.86192],[30.0282,-1.86174],[30.02823,-1.86166],[30.02823,-1.86158],[30.0281,-1.86146],[30.02808,-1.86137],[30.0281,-1.86129],[30.02819,-1.86112],[30.02822,-1.86099],[30.02818,-1.86092],[30.028,-1.86074],[30.02792,-1.86063],[30.0277,-1.86],[30.02761,-1.8594],[30.02762,-1.85929],[30.02758,-1.859],[30.02755,-1.85888],[30.02742,-1.85859],[30.02735,-1.85834],[30.02734,-1.85822],[30.02735,-1.85814],[30.02729,-1.85776],[30.02722,-1.85766],[30.02712,-1.85763],[30.02698,-1.85764],[30.02689,-1.85759],[30.02689,-1.85747],[30.02696,-1.85728],[30.02696,-1.85712],[30.02694,-1.85704],[30.02691,-1.85703],[30.02686,-1.85702],[30.02676,-1.85704],[30.02668,-1.85708],[30.0266,-1.85708],[30.02655,-1.85705],[30.02655,-1.85693],[30.02658,-1.85679],[30.02655,-1.85656],[30.02643,-1.8562],[30.02627,-1.85596],[30.02583,-1.85556],[30.02575,-1.85553],[30.02568,-1.85554],[30.02561,-1.85557],[30.02557,-1.85562],[30.02553,-1.85562],[30.02552,-1.8556],[30.0255,-1.85546],[30.02544,-1.85548],[30.02506,-1.855],[30.02493,-1.85496],[30.02469,-1.85459],[30.02464,-1.85446],[30.02472,-1.8542],[30.02464,-1.85408],[30.02417,-1.85381],[30.02388,-1.85377],[30.02364,-1.8534],[30.02332,-1.8532],[30.02306,-1.85319],[30.02206,-1.85262],[30.02173,-1.85262],[30.02162,-1.85255],[30.02133,-1.85171],[30.02131,-1.85151],[30.02128,-1.85144],[30.02125,-1.85141],[30.02115,-1.85138],[30.02111,-1.85136],[30.02108,-1.8513],[30.02112,-1.85116],[30.02117,-1.85104],[30.02127,-1.85087],[30.02128,-1.8508],[30.02118,-1.85054],[30.02113,-1.85045],[30.02101,-1.85032],[30.02107,-1.85029],[30.02091,-1.85007],[30.02094,-1.8498],[30.0207,-1.84993],[30.02066,-1.84986],[30.02065,-1.84914],[30.02094,-1.84902],[30.02096,-1.84885],[30.0209,-1.84873],[30.02068,-1.84868],[30.02044,-1.84829],[30.02053,-1.84804],[30.0204,-1.84795],[30.02037,-1.84782],[30.02047,-1.84749],[30.02069,-1.8476],[30.02077,-1.84776],[30.02083,-1.84756],[30.02067,-1.84721],[30.02038,-1.84712],[30.02018,-1.84696],[30.02046,-1.84669],[30.02042,-1.84659],[30.0204,-1.84654],[30.02018,-1.84642],[30.02007,-1.84626],[30.02029,-1.84569],[30.02024,-1.84544],[30.01992,-1.84534],[30.01997,-1.84469],[30.01974,-1.84428],[30.0199,-1.84401],[30.01985,-1.8439],[30.01938,-1.84385],[30.01932,-1.84372],[30.01897,-1.84245],[30.01869,-1.8422],[30.0186,-1.84194],[30.01845,-1.84137],[30.01834,-1.84047],[30.01814,-1.84008],[30.01774,-1.83989],[30.01758,-1.83936],[30.01737,-1.83901],[30.01734,-1.83894],[30.01722,-1.8388],[30.01718,-1.83877],[30.01712,-1.83874],[30.01693,-1.83876],[30.01676,-1.83871],[30.01667,-1.83865],[30.01651,-1.83849],[30.01636,-1.83815],[30.0163,-1.83793],[30.01624,-1.8378],[30.01618,-1.83777],[30.01604,-1.83775],[30.01587,-1.83758],[30.01587,-1.83753],[30.0159,-1.83747],[30.016,-1.83732],[30.01593,-1.83717],[30.01595,-1.83675],[30.01588,-1.8366],[30.01579,-1.8363],[30.01576,-1.83627],[30.01563,-1.83625],[30.01543,-1.83628],[30.01539,-1.83627],[30.01534,-1.8362],[30.01521,-1.83637],[30.01513,-1.83645],[30.01498,-1.83669],[30.01487,-1.83677],[30.01482,-1.83677],[30.0148,-1.83673],[30.01476,-1.8367],[30.01464,-1.83676],[30.01444,-1.83693],[30.01425,-1.83696],[30.01413,-1.83703],[30.01404,-1.83719],[30.01391,-1.83734],[30.01388,-1.83751],[30.01363,-1.83792],[30.01345,-1.83805],[30.01315,-1.83818],[30.01308,-1.8382],[30.01287,-1.83821],[30.01273,-1.83818],[30.01255,-1.83817],[30.01243,-1.83823],[30.01222,-1.8383],[30.01206,-1.83824],[30.01196,-1.83822],[30.01178,-1.83833],[30.01157,-1.83837],[30.01131,-1.83837],[30.01124,-1.83842],[30.0111,-1.83845],[30.01094,-1.83844],[30.01083,-1.83842],[30.01069,-1.83837],[30.01034,-1.83823],[30.01006,-1.8382],[30.00944,-1.83839],[30.00802,-1.8391],[30.00774,-1.83898],[30.0073,-1.83915],[30.00719,-1.83918],[30.00714,-1.83916],[30.00731,-1.83972],[30.00748,-1.84017],[30.008,-1.84142],[30.00817,-1.84238],[30.00848,-1.84391],[30.00856,-1.84494],[30.00857,-1.84622],[30.00845,-1.84703],[30.00833,-1.84762],[30.00826,-1.84789],[30.00823,-1.84808],[30.00822,-1.84827],[30.00824,-1.8489],[30.00834,-1.84974],[30.00837,-1.85006],[30.00839,-1.85017],[30.00843,-1.85029],[30.0086,-1.85068],[30.00865,-1.85086],[30.00868,-1.851],[30.0087,-1.85144],[30.00874,-1.8537],[30.00876,-1.85465],[30.0088,-1.85522],[30.00886,-1.85568],[30.0089,-1.85586],[30.00895,-1.85656],[30.00903,-1.85718],[30.00905,-1.85727],[30.00929,-1.85795],[30.00957,-1.85855],[30.00992,-1.85923],[30.01038,-1.86031],[30.01053,-1.8607],[30.0108,-1.8615],[30.01088,-1.8617],[30.01095,-1.86191],[30.01101,-1.86216],[30.01105,-1.86241],[30.01108,-1.86285],[30.01114,-1.86323],[30.01122,-1.86361],[30.01129,-1.86382],[30.01139,-1.86401],[30.01183,-1.8647],[30.01197,-1.86491],[30.01228,-1.86544],[30.01245,-1.86582],[30.01289,-1.86707],[30.01326,-1.86829],[30.01333,-1.86869],[30.01335,-1.86892]]],[[[30.01335,-1.86892],[30.01335,-1.86896],[30.01335,-1.86892],[30.01335,-1.86892],[30.01335,-1.86892]]]]}},{"type":"Feature","properties":{"d":"Kicukiro","s":"Kanombe","c":"Busanza"},"geometry":{"type":"Polygon","coordinates":[[[30.14779,-1.97587],[30.1476,-1.97586],[30.14755,-1.97591],[30.14719,-1.97604],[30.14665,-1.97615],[30.14654,-1.97622],[30.14623,-1.97632],[30.14602,-1.97639],[30.14566,-1.97661],[30.14541,-1.97671],[30.14522,-1.97683],[30.14475,-1.97705],[30.14436,-1.97726],[30.14352,-1.97757],[30.1428,-1.97791],[30.14222,-1.97821],[30.14211,-1.97817],[30.14202,-1.97812],[30.1417,-1.97849],[30.14122,-1.97935],[30.14061,-1.98024],[30.1402,-1.98079],[30.13925,-1.98217],[30.13878,-1.98322],[30.13849,-1.98399],[30.1382,-1.98493],[30.13802,-1.98557],[30.13787,-1.98637],[30.13794,-1.98746],[30.1379,-1.98789],[30.13782,-1.9885],[30.13755,-1.98955],[30.13746,-1.98982],[30.13705,-1.99063],[30.13693,-1.99093],[30.13712,-1.99091],[30.13749,-1.99092],[30.13767,-1.99094],[30.1381,-1.99102],[30.13828,-1.99108],[30.13879,-1.99133],[30.13886,-1.99137],[30.13891,-1.99145],[30.13893,-1.99154],[30.13878,-1.99203],[30.13875,-1.99223],[30.13871,-1.9924],[30.13864,-1.99257],[30.13862,-1.99262],[30.13818,-1.99314],[30.137,-1.99679],[30.13698,-1.9968],[30.13398,-1.99792],[30.13167,-1.99867],[30.1323,-2.00015],[30.13326,-2.00224],[30.13403,-2.00392],[30.13423,-2.00513],[30.13498,-2.00971],[30.13481,-2.00967],[30.13492,-2.01037],[30.13518,-2.0118],[30.13554,-2.01371],[30.1358,-2.01427],[30.13594,-2.01472],[30.13677,-2.01677],[30.13707,-2.01816],[30.13746,-2.02002],[30.1376,-2.02042],[30.13912,-2.0237],[30.13964,-2.02494],[30.14081,-2.02751],[30.14102,-2.02796],[30.14115,-2.0281],[30.14162,-2.02813],[30.14196,-2.02791],[30.14199,-2.02791],[30.14322,-2.02838],[30.14358,-2.02838],[30.14379,-2.02823],[30.14402,-2.02825],[30.14458,-2.02852],[30.14494,-2.02852],[30.14649,-2.02795],[30.14789,-2.02705],[30.14868,-2.02685],[30.14966,-2.02765],[30.15058,-2.02792],[30.15082,-2.02835],[30.15107,-2.02848],[30.15096,-2.02895],[30.15125,-2.02945],[30.15176,-2.02986],[30.15181,-2.03025],[30.15166,-2.03063],[30.15166,-2.03114],[30.15181,-2.03183],[30.15215,-2.0326],[30.15265,-2.03344],[30.15293,-2.03439],[30.1536,-2.03448],[30.15425,-2.03474],[30.15464,-2.035],[30.15529,-2.03583],[30.15567,-2.03612],[30.15653,-2.03608],[30.15719,-2.03586],[30.15722,-2.03584],[30.15754,-2.03562],[30.15791,-2.03501],[30.15798,-2.03445],[30.15814,-2.03403],[30.15814,-2.03342],[30.1579,-2.03208],[30.15796,-2.0308],[30.15835,-2.03081],[30.15967,-2.03165],[30.16045,-2.03195],[30.16111,-2.03207],[30.1616,-2.03202],[30.16194,-2.03179],[30.16207,-2.03148],[30.16196,-2.02996],[30.16203,-2.02958],[30.16233,-2.0295],[30.16178,-2.02859],[30.16176,-2.0285],[30.16144,-2.02862],[30.16143,-2.02865],[30.16136,-2.02869],[30.16114,-2.02877],[30.1611,-2.02878],[30.16107,-2.02868],[30.15743,-2.02349],[30.15329,-2.0149],[30.15238,-2.01362],[30.15245,-2.01352],[30.15242,-2.01352],[30.15239,-2.01346],[30.15232,-2.01324],[30.15222,-2.01301],[30.15172,-2.01164],[30.15163,-2.01142],[30.15156,-2.01131],[30.15154,-2.01124],[30.15148,-2.01115],[30.15131,-2.01102],[30.15127,-2.01095],[30.15126,-2.01082],[30.15125,-2.01056],[30.15123,-2.01033],[30.15142,-2.01025],[30.15139,-2.01],[30.15133,-2.00974],[30.15128,-2.00975],[30.15125,-2.00972],[30.15115,-2.0095],[30.15072,-2.00881],[30.15041,-2.00836],[30.15014,-2.00788],[30.1501,-2.00771],[30.15009,-2.00745],[30.15009,-2.00742],[30.15003,-2.00741],[30.14996,-2.0072],[30.14986,-2.00705],[30.14958,-2.0067],[30.14978,-2.00649],[30.15,-2.00633],[30.14989,-2.0062],[30.14969,-2.00634],[30.14957,-2.00619],[30.14951,-2.00628],[30.14942,-2.00647],[30.1494,-2.00645],[30.14936,-2.00635],[30.14931,-2.00615],[30.14923,-2.00596],[30.14922,-2.00584],[30.14914,-2.00556],[30.14886,-2.00497],[30.14881,-2.00488],[30.14867,-2.00471],[30.14834,-2.00445],[30.14853,-2.00417],[30.1483,-2.00398],[30.14774,-2.00345],[30.14695,-2.00266],[30.14687,-2.00261],[30.14682,-2.00266],[30.14679,-2.00266],[30.14665,-2.00255],[30.14625,-2.00184],[30.14625,-2.00112],[30.14596,-2.00074],[30.14571,-2.00047],[30.14527,-2.00033],[30.14568,-1.99864],[30.14612,-1.99704],[30.1462,-1.99694],[30.14626,-1.99653],[30.14647,-1.99599],[30.14653,-1.99567],[30.14665,-1.99498],[30.14669,-1.99455],[30.14676,-1.99424],[30.14684,-1.99372],[30.14693,-1.99345],[30.14699,-1.99315],[30.14705,-1.99297],[30.14717,-1.9923],[30.14722,-1.99213],[30.14727,-1.9919],[30.14726,-1.99173],[30.14726,-1.99166],[30.14732,-1.99139],[30.14739,-1.99087],[30.14753,-1.99037],[30.14756,-1.9902],[30.1476,-1.98994],[30.14757,-1.98986],[30.14781,-1.98871],[30.1479,-1.98817],[30.14804,-1.98761],[30.14808,-1.9874],[30.14815,-1.98696],[30.14821,-1.98642],[30.14852,-1.98447],[30.14858,-1.98415],[30.14865,-1.98404],[30.14865,-1.9838],[30.14868,-1.98372],[30.14874,-1.98354],[30.14876,-1.98341],[30.14886,-1.9831],[30.14897,-1.98285],[30.14928,-1.98185],[30.14935,-1.9817],[30.14944,-1.98144],[30.14946,-1.98123],[30.1496,-1.98099],[30.14965,-1.98073],[30.14972,-1.98064],[30.14972,-1.9806],[30.14977,-1.98035],[30.14993,-1.97995],[30.15001,-1.97969],[30.15003,-1.97952],[30.15008,-1.97938],[30.15023,-1.97901],[30.1503,-1.9788],[30.15047,-1.97832],[30.15056,-1.97811],[30.15062,-1.978],[30.15064,-1.97787],[30.1508,-1.97763],[30.15107,-1.97749],[30.15125,-1.97733],[30.15157,-1.97728],[30.15113,-1.97698],[30.15115,-1.97694],[30.15112,-1.97693],[30.1511,-1.97692],[30.151,-1.97682],[30.15091,-1.97677],[30.15072,-1.97676],[30.15066,-1.97673],[30.15054,-1.97671],[30.15016,-1.97673],[30.15007,-1.9767],[30.1499,-1.97661],[30.14972,-1.97656],[30.14971,-1.97652],[30.14968,-1.9765],[30.14936,-1.9763],[30.14911,-1.97616],[30.14854,-1.97587],[30.14847,-1.97595],[30.14836,-1.97601],[30.14837,-1.97604],[30.14833,-1.97605],[30.1483,-1.97604],[30.14829,-1.97598],[30.14825,-1.97598],[30.14822,-1.97593],[30.14815,-1.97589],[30.14808,-1.97588],[30.14797,-1.9759],[30.14779,-1.97587]]]}},{"type":"Feature","properties":{"d":"Gasabo","s":"Nduba","c":"Butare"},"geometry":{"type":"Polygon","coordinates":[[[30.12897,-1.84975],[30.12876,-1.84971],[30.12841,-1.8496],[30.12833,-1.84959],[30.12826,-1.84937],[30.12826,-1.84931],[30.12814,-1.8493],[30.12809,-1.8491],[30.12805,-1.84903],[30.12763,-1.84866],[30.12738,-1.84841],[30.12731,-1.84833],[30.12726,-1.84823],[30.12664,-1.8475],[30.12631,-1.84734],[30.12598,-1.84703],[30.12573,-1.84673],[30.12563,-1.84621],[30.12579,-1.84559],[30.125,-1.84605],[30.12479,-1.84618],[30.1248,-1.84622],[30.12459,-1.84635],[30.12435,-1.84647],[30.12379,-1.84666],[30.12372,-1.8467],[30.12355,-1.84678],[30.12322,-1.84697],[30.12304,-1.84704],[30.1228,-1.84748],[30.12271,-1.84782],[30.12263,-1.848],[30.12251,-1.84817],[30.12233,-1.84837],[30.1223,-1.84841],[30.12214,-1.8485],[30.12206,-1.84856],[30.12199,-1.84869],[30.12189,-1.84907],[30.12184,-1.84945],[30.12186,-1.84966],[30.12188,-1.84975],[30.1219,-1.84977],[30.12189,-1.84978],[30.12196,-1.85044],[30.12194,-1.85058],[30.12194,-1.85071],[30.12181,-1.85134],[30.12169,-1.85168],[30.12161,-1.85179],[30.1216,-1.85183],[30.12157,-1.852],[30.12148,-1.85234],[30.12145,-1.85258],[30.12141,-1.85273],[30.12128,-1.85291],[30.12124,-1.85301],[30.12119,-1.85326],[30.12114,-1.85338],[30.12104,-1.85356],[30.12083,-1.85387],[30.12059,-1.85412],[30.1203,-1.85451],[30.12019,-1.85457],[30.12,-1.85472],[30.11985,-1.85489],[30.11966,-1.85503],[30.1195,-1.85517],[30.11937,-1.85534],[30.11933,-1.8554],[30.11924,-1.85571],[30.11914,-1.85597],[30.11904,-1.85613],[30.11878,-1.85648],[30.11868,-1.85667],[30.11863,-1.85684],[30.11853,-1.85765],[30.11853,-1.85783],[30.11855,-1.85803],[30.11856,-1.85831],[30.11861,-1.85837],[30.11861,-1.85846],[30.11871,-1.8585],[30.11897,-1.8587],[30.11867,-1.85925],[30.11848,-1.8594],[30.11823,-1.85963],[30.11827,-1.85975],[30.11831,-1.85977],[30.11835,-1.85983],[30.11842,-1.86004],[30.11836,-1.86022],[30.11829,-1.8606],[30.11827,-1.86081],[30.118,-1.8614],[30.11793,-1.86151],[30.11787,-1.86156],[30.11774,-1.86178],[30.11769,-1.86197],[30.1176,-1.86212],[30.11758,-1.8622],[30.11759,-1.86234],[30.11761,-1.8628],[30.11759,-1.86308],[30.11759,-1.86316],[30.11763,-1.8633],[30.11758,-1.8633],[30.11762,-1.86335],[30.11761,-1.86363],[30.11747,-1.86396],[30.11745,-1.86418],[30.11738,-1.86427],[30.11736,-1.86433],[30.11736,-1.8644],[30.11741,-1.86461],[30.11748,-1.86471],[30.11771,-1.86526],[30.11748,-1.86567],[30.11721,-1.86669],[30.11722,-1.8668],[30.11726,-1.86693],[30.11726,-1.86699],[30.11721,-1.86725],[30.1172,-1.86737],[30.11725,-1.86757],[30.11717,-1.8679],[30.11715,-1.86841],[30.11731,-1.86873],[30.11771,-1.86919],[30.11839,-1.87028],[30.11851,-1.87101],[30.1188,-1.87166],[30.11904,-1.87255],[30.1194,-1.87303],[30.11956,-1.87314],[30.11965,-1.87313],[30.11977,-1.87312],[30.12023,-1.87341],[30.12042,-1.87387],[30.12056,-1.87498],[30.1207,-1.87537],[30.12144,-1.87651],[30.12177,-1.8779],[30.12233,-1.87923],[30.12236,-1.87936],[30.12272,-1.87973],[30.12296,-1.8801],[30.1231,-1.88086],[30.1227,-1.88245],[30.12282,-1.88287],[30.12289,-1.88285],[30.12309,-1.88273],[30.12329,-1.88264],[30.12353,-1.88262],[30.12379,-1.8827],[30.12418,-1.88285],[30.12448,-1.88289],[30.12476,-1.88296],[30.12501,-1.88299],[30.12522,-1.883],[30.12572,-1.88284],[30.12592,-1.88281],[30.12617,-1.88274],[30.12648,-1.88269],[30.12702,-1.88268],[30.12753,-1.88273],[30.12767,-1.88264],[30.12752,-1.88249],[30.12776,-1.88228],[30.12765,-1.88204],[30.12765,-1.88165],[30.12834,-1.88177],[30.12911,-1.88175],[30.12917,-1.88178],[30.12918,-1.8818],[30.12923,-1.88182],[30.12935,-1.88188],[30.12984,-1.88195],[30.13024,-1.88182],[30.13071,-1.88181],[30.13101,-1.8819],[30.13151,-1.88179],[30.13218,-1.88146],[30.13235,-1.88124],[30.13248,-1.88111],[30.13269,-1.88095],[30.13353,-1.88063],[30.13391,-1.88043],[30.13393,-1.8804],[30.13394,-1.88038],[30.13397,-1.88038],[30.13423,-1.88024],[30.13425,-1.88008],[30.13471,-1.87937],[30.13481,-1.87895],[30.13473,-1.87843],[30.13485,-1.87711],[30.13489,-1.87689],[30.1357,-1.87602],[30.13589,-1.87573],[30.13596,-1.87438],[30.13733,-1.87256],[30.1374,-1.87243],[30.13743,-1.87241],[30.13762,-1.87216],[30.13756,-1.87179],[30.13761,-1.87158],[30.13817,-1.87029],[30.13822,-1.86992],[30.13849,-1.86918],[30.1385,-1.86848],[30.1387,-1.86778],[30.1387,-1.8676],[30.13914,-1.86633],[30.1391,-1.86632],[30.13927,-1.8658],[30.13963,-1.86491],[30.13982,-1.86425],[30.13998,-1.86376],[30.14008,-1.86341],[30.14022,-1.86299],[30.14029,-1.86258],[30.14033,-1.86244],[30.14051,-1.86194],[30.14073,-1.8615],[30.14081,-1.86125],[30.14086,-1.86103],[30.14094,-1.86],[30.14094,-1.85967],[30.14092,-1.85947],[30.14088,-1.85935],[30.14079,-1.85903],[30.14074,-1.85895],[30.14063,-1.85861],[30.14049,-1.85827],[30.14048,-1.85822],[30.14028,-1.85771],[30.1402,-1.85735],[30.14019,-1.85723],[30.14015,-1.85703],[30.1401,-1.85687],[30.14001,-1.85639],[30.13997,-1.85623],[30.13994,-1.85599],[30.13994,-1.85582],[30.13948,-1.85586],[30.13813,-1.85566],[30.13655,-1.85563],[30.13636,-1.85559],[30.13606,-1.85548],[30.13571,-1.85547],[30.13526,-1.85552],[30.13503,-1.8553],[30.13476,-1.85521],[30.1348,-1.85512],[30.13441,-1.85501],[30.13395,-1.85483],[30.13371,-1.85478],[30.13295,-1.85455],[30.13251,-1.85431],[30.13223,-1.85427],[30.1319,-1.85378],[30.13182,-1.85359],[30.13164,-1.85331],[30.13154,-1.85319],[30.1313,-1.85285],[30.13108,-1.85251],[30.13087,-1.85208],[30.13062,-1.85171],[30.13051,-1.8515],[30.13043,-1.85126],[30.13037,-1.851],[30.13031,-1.85087],[30.13022,-1.85045],[30.13013,-1.85019],[30.13009,-1.85019],[30.13002,-1.85023],[30.12995,-1.85019],[30.12993,-1.8502],[30.12991,-1.85022],[30.12977,-1.85007],[30.12977,-1.85003],[30.12961,-1.84996],[30.12965,-1.84991],[30.12948,-1.8498],[30.12941,-1.8499],[30.12897,-1.84975]]]}},{"type":"Feature","properties":{"d":"Gasabo","s":"Jabana","c":"Bweramvura"},"geometry":{"type":"Polygon","coordinates":[[[30.04653,-1.85371],[30.04655,-1.853],[30.04661,-1.8529],[30.04661,-1.85274],[30.04647,-1.8526],[30.04631,-1.85275],[30.04628,-1.85285],[30.04604,-1.85335],[30.04585,-1.85364],[30.04581,-1.85369],[30.04571,-1.85375],[30.04558,-1.85387],[30.04526,-1.8541],[30.04518,-1.85413],[30.04497,-1.85416],[30.0448,-1.85412],[30.04456,-1.85414],[30.04424,-1.85406],[30.044,-1.85408],[30.04388,-1.85413],[30.04381,-1.85421],[30.04367,-1.85425],[30.04361,-1.85429],[30.04351,-1.85439],[30.04343,-1.85444],[30.04335,-1.85453],[30.04311,-1.85461],[30.043,-1.85468],[30.04292,-1.85468],[30.04283,-1.85471],[30.04236,-1.85495],[30.04227,-1.85498],[30.04216,-1.85505],[30.04202,-1.85516],[30.04183,-1.85539],[30.04165,-1.85555],[30.0415,-1.85571],[30.04145,-1.85573],[30.04127,-1.85595],[30.04117,-1.85605],[30.04111,-1.85615],[30.0411,-1.85622],[30.04107,-1.8563],[30.041,-1.85639],[30.04071,-1.85666],[30.04047,-1.85691],[30.04023,-1.85722],[30.04011,-1.85749],[30.04009,-1.85768],[30.04,-1.85802],[30.03941,-1.85905],[30.03934,-1.85916],[30.03902,-1.85922],[30.03892,-1.85937],[30.0388,-1.85955],[30.03876,-1.85961],[30.03874,-1.85958],[30.03849,-1.85962],[30.03827,-1.85942],[30.03795,-1.85926],[30.03764,-1.85919],[30.03743,-1.85926],[30.03717,-1.8595],[30.03703,-1.85965],[30.03676,-1.85976],[30.03652,-1.85983],[30.0362,-1.85977],[30.03596,-1.85981],[30.03538,-1.86005],[30.03538,-1.86013],[30.03543,-1.86038],[30.03542,-1.86044],[30.03527,-1.86051],[30.03497,-1.86062],[30.03447,-1.86084],[30.03444,-1.86087],[30.03424,-1.8607],[30.03422,-1.86072],[30.03339,-1.86135],[30.03334,-1.86141],[30.03337,-1.86143],[30.03268,-1.8621],[30.03187,-1.86258],[30.03168,-1.86275],[30.03052,-1.86377],[30.02953,-1.86509],[30.02943,-1.86515],[30.02941,-1.86519],[30.02938,-1.86522],[30.0294,-1.86528],[30.02954,-1.86545],[30.02959,-1.86554],[30.0296,-1.86565],[30.02954,-1.86596],[30.02954,-1.86604],[30.02964,-1.86612],[30.02983,-1.86661],[30.02996,-1.86681],[30.03001,-1.86714],[30.03007,-1.86735],[30.03009,-1.86755],[30.03011,-1.86762],[30.03016,-1.86768],[30.0304,-1.86775],[30.03041,-1.86777],[30.0304,-1.86786],[30.03043,-1.86799],[30.0305,-1.86811],[30.03055,-1.86817],[30.0306,-1.8682],[30.03066,-1.86821],[30.03071,-1.86819],[30.03075,-1.86814],[30.03082,-1.86802],[30.03087,-1.86798],[30.03095,-1.86797],[30.03101,-1.86801],[30.03105,-1.86811],[30.03109,-1.86826],[30.03107,-1.86849],[30.03108,-1.86866],[30.03111,-1.86872],[30.03119,-1.8688],[30.03138,-1.86889],[30.03145,-1.86895],[30.03146,-1.86922],[30.03151,-1.86938],[30.03175,-1.86967],[30.03193,-1.86984],[30.03206,-1.87012],[30.03225,-1.87041],[30.03257,-1.87071],[30.03264,-1.87083],[30.03271,-1.87106],[30.03276,-1.87115],[30.03282,-1.87138],[30.03284,-1.87159],[30.03297,-1.87186],[30.03293,-1.87201],[30.03289,-1.87207],[30.03284,-1.8721],[30.0328,-1.87217],[30.03279,-1.87226],[30.0328,-1.87246],[30.03283,-1.87258],[30.03287,-1.87266],[30.03308,-1.87277],[30.03316,-1.87284],[30.03318,-1.87291],[30.03314,-1.87309],[30.03309,-1.87317],[30.03281,-1.87346],[30.0328,-1.87354],[30.03284,-1.87361],[30.0329,-1.87364],[30.033,-1.87365],[30.03307,-1.87367],[30.0331,-1.87371],[30.03309,-1.8738],[30.03287,-1.87418],[30.03287,-1.87425],[30.03291,-1.87432],[30.0329,-1.87438],[30.03285,-1.87449],[30.03278,-1.87458],[30.03265,-1.87468],[30.03255,-1.87479],[30.0325,-1.87486],[30.03252,-1.87495],[30.03257,-1.875],[30.03269,-1.875],[30.03272,-1.87502],[30.03278,-1.87549],[30.03281,-1.87553],[30.03301,-1.87599],[30.03307,-1.87603],[30.03314,-1.87615],[30.03316,-1.87621],[30.03337,-1.87646],[30.03344,-1.87651],[30.0335,-1.87652],[30.03355,-1.87654],[30.03386,-1.87685],[30.03403,-1.87698],[30.03415,-1.87706],[30.03433,-1.87723],[30.0348,-1.87768],[30.03484,-1.87774],[30.0349,-1.87785],[30.03492,-1.87795],[30.03488,-1.87816],[30.03489,-1.87824],[30.03485,-1.87829],[30.03498,-1.87837],[30.035,-1.87844],[30.03499,-1.87854],[30.03494,-1.87874],[30.03495,-1.87878],[30.03522,-1.87898],[30.03565,-1.87925],[30.03568,-1.87927],[30.03574,-1.87938],[30.0357,-1.87946],[30.03537,-1.87955],[30.03531,-1.87969],[30.03546,-1.8798],[30.03578,-1.87982],[30.03603,-1.87994],[30.03611,-1.88006],[30.03617,-1.8802],[30.03622,-1.88025],[30.03638,-1.88029],[30.03663,-1.88042],[30.03674,-1.88068],[30.03682,-1.88077],[30.03694,-1.88097],[30.03659,-1.88123],[30.03711,-1.88138],[30.03717,-1.88146],[30.03724,-1.88148],[30.03742,-1.88143],[30.03755,-1.8814],[30.03787,-1.88142],[30.03812,-1.88145],[30.03822,-1.88151],[30.03833,-1.88164],[30.0384,-1.88176],[30.03853,-1.88185],[30.03877,-1.88207],[30.03885,-1.88224],[30.03886,-1.88276],[30.0389,-1.88286],[30.03898,-1.88299],[30.03905,-1.88308],[30.03913,-1.88313],[30.03918,-1.88314],[30.03924,-1.88312],[30.03933,-1.88305],[30.0394,-1.88305],[30.03945,-1.8831],[30.03944,-1.88322],[30.03948,-1.88325],[30.0398,-1.88329],[30.03987,-1.88328],[30.04004,-1.88328],[30.04009,-1.88331],[30.04011,-1.88333],[30.04012,-1.8834],[30.0401,-1.88345],[30.04001,-1.88358],[30.04003,-1.88364],[30.04006,-1.88368],[30.04014,-1.88371],[30.04028,-1.88372],[30.0405,-1.88371],[30.04077,-1.88385],[30.04085,-1.88396],[30.04086,-1.88402],[30.04082,-1.88415],[30.04069,-1.88425],[30.04069,-1.88433],[30.04071,-1.88436],[30.04087,-1.88446],[30.04103,-1.8846],[30.04114,-1.88467],[30.04137,-1.88488],[30.04147,-1.88495],[30.0415,-1.88498],[30.04157,-1.88506],[30.0416,-1.88514],[30.0416,-1.88525],[30.04145,-1.8855],[30.04152,-1.88587],[30.04152,-1.88597],[30.04155,-1.88606],[30.04161,-1.88637],[30.04134,-1.88625],[30.04149,-1.88661],[30.04133,-1.88694],[30.04106,-1.88701],[30.04085,-1.8872],[30.04087,-1.88729],[30.04086,-1.8874],[30.04088,-1.88745],[30.04091,-1.88747],[30.04097,-1.88748],[30.04107,-1.88737],[30.04118,-1.88741],[30.04121,-1.88757],[30.04138,-1.88772],[30.04127,-1.88784],[30.04123,-1.88804],[30.04127,-1.88815],[30.04125,-1.8882],[30.04126,-1.88825],[30.04134,-1.88833],[30.04128,-1.8888],[30.04153,-1.88916],[30.04133,-1.88948],[30.04159,-1.88981],[30.0415,-1.89011],[30.04147,-1.89012],[30.0414,-1.89028],[30.04135,-1.89041],[30.04135,-1.89052],[30.04141,-1.89059],[30.04157,-1.89066],[30.0416,-1.89071],[30.04157,-1.89075],[30.04139,-1.89079],[30.04135,-1.89081],[30.04131,-1.89088],[30.04131,-1.89091],[30.04135,-1.89097],[30.0414,-1.89101],[30.04151,-1.89115],[30.04156,-1.89133],[30.04169,-1.89137],[30.04182,-1.89137],[30.04194,-1.8914],[30.04196,-1.89144],[30.04193,-1.89155],[30.0419,-1.89157],[30.04187,-1.89156],[30.0418,-1.89146],[30.04173,-1.89143],[30.04172,-1.89145],[30.0417,-1.89148],[30.04168,-1.89156],[30.04176,-1.89193],[30.04175,-1.89206],[30.04156,-1.8925],[30.04155,-1.89278],[30.04148,-1.89292],[30.0414,-1.89303],[30.04139,-1.89315],[30.04151,-1.89335],[30.04161,-1.89341],[30.04173,-1.89342],[30.04186,-1.89336],[30.04197,-1.89333],[30.04201,-1.89334],[30.04207,-1.89338],[30.04209,-1.89344],[30.04208,-1.89356],[30.04204,-1.89367],[30.04194,-1.89388],[30.04194,-1.89391],[30.04198,-1.89399],[30.04216,-1.89411],[30.04227,-1.89409],[30.04234,-1.89405],[30.04242,-1.89403],[30.04235,-1.89418],[30.04234,-1.89424],[30.04238,-1.89434],[30.04264,-1.89472],[30.04291,-1.89488],[30.04309,-1.89498],[30.0432,-1.89497],[30.04327,-1.89502],[30.04339,-1.89503],[30.04348,-1.895],[30.04352,-1.895],[30.04364,-1.89521],[30.0439,-1.89554],[30.04395,-1.89562],[30.04398,-1.89575],[30.04404,-1.89608],[30.04411,-1.89617],[30.04421,-1.89635],[30.04428,-1.89661],[30.04431,-1.8968],[30.04436,-1.8969],[30.04447,-1.89706],[30.04452,-1.8972],[30.04451,-1.89741],[30.04447,-1.89759],[30.04448,-1.89769],[30.04452,-1.89778],[30.04481,-1.89817],[30.04491,-1.89837],[30.04495,-1.89853],[30.04497,-1.8987],[30.04495,-1.89886],[30.04479,-1.89895],[30.04478,-1.89925],[30.04496,-1.89951],[30.04532,-1.89971],[30.04541,-1.8999],[30.04555,-1.89995],[30.04625,-1.89998],[30.04628,-1.89997],[30.04632,-1.89998],[30.04745,-1.90004],[30.04857,-1.90008],[30.04879,-1.90039],[30.04877,-1.90057],[30.04889,-1.90088],[30.04928,-1.90099],[30.04947,-1.90135],[30.04963,-1.90138],[30.04985,-1.90103],[30.05004,-1.90105],[30.05059,-1.90003],[30.05064,-1.89978],[30.05058,-1.89907],[30.05053,-1.89844],[30.05041,-1.89811],[30.05036,-1.89809],[30.05035,-1.89797],[30.05021,-1.89759],[30.05023,-1.89737],[30.05028,-1.89727],[30.05031,-1.89713],[30.05029,-1.89703],[30.05019,-1.89684],[30.05018,-1.89672],[30.05015,-1.89663],[30.05008,-1.89657],[30.05006,-1.8966],[30.04987,-1.89577],[30.04978,-1.895],[30.04979,-1.89486],[30.04977,-1.89482],[30.0497,-1.89436],[30.04964,-1.8942],[30.0496,-1.89401],[30.0496,-1.89366],[30.04952,-1.89349],[30.04951,-1.89345],[30.04949,-1.89344],[30.04947,-1.89341],[30.04946,-1.89321],[30.04947,-1.89311],[30.04943,-1.89284],[30.04946,-1.89261],[30.04947,-1.89216],[30.0495,-1.89202],[30.04954,-1.89143],[30.04958,-1.89114],[30.04961,-1.89101],[30.04966,-1.8907],[30.04967,-1.89053],[30.04976,-1.89029],[30.04984,-1.88989],[30.05,-1.88976],[30.05007,-1.88987],[30.05009,-1.89001],[30.05013,-1.89001],[30.05014,-1.88994],[30.05015,-1.88985],[30.0501,-1.88968],[30.05017,-1.88964],[30.05014,-1.88955],[30.05007,-1.88942],[30.04997,-1.88951],[30.0498,-1.8895],[30.04985,-1.88931],[30.04986,-1.88922],[30.05,-1.8892],[30.05003,-1.88908],[30.05003,-1.88905],[30.05,-1.88901],[30.0499,-1.88894],[30.04998,-1.88879],[30.04993,-1.88877],[30.04988,-1.88875],[30.04992,-1.88866],[30.05006,-1.88845],[30.05015,-1.88833],[30.05018,-1.88825],[30.05015,-1.88822],[30.05034,-1.88801],[30.05045,-1.88793],[30.05063,-1.88786],[30.05032,-1.88697],[30.0504,-1.88701],[30.05046,-1.88687],[30.05053,-1.88678],[30.0506,-1.88676],[30.05071,-1.88667],[30.05083,-1.88652],[30.05082,-1.88648],[30.05079,-1.88643],[30.05088,-1.88625],[30.05092,-1.88612],[30.051,-1.88603],[30.05107,-1.88591],[30.05105,-1.8859],[30.05109,-1.88577],[30.05111,-1.88577],[30.05111,-1.88573],[30.05116,-1.88556],[30.05119,-1.88535],[30.05125,-1.88523],[30.05133,-1.88516],[30.05138,-1.88506],[30.05147,-1.88497],[30.05145,-1.88488],[30.05146,-1.88468],[30.05145,-1.88461],[30.05142,-1.88456],[30.05132,-1.88448],[30.05129,-1.88443],[30.05123,-1.88439],[30.05123,-1.88437],[30.05134,-1.88416],[30.05136,-1.88413],[30.05146,-1.88413],[30.0515,-1.88406],[30.05151,-1.88397],[30.05147,-1.8838],[30.05155,-1.88362],[30.05158,-1.88324],[30.05167,-1.88301],[30.05164,-1.883],[30.0516,-1.88298],[30.05137,-1.88281],[30.05135,-1.88272],[30.05128,-1.88268],[30.05141,-1.88236],[30.05127,-1.88232],[30.05092,-1.88193],[30.05086,-1.88189],[30.05072,-1.88168],[30.05053,-1.88151],[30.05041,-1.88134],[30.05018,-1.88106],[30.05004,-1.88093],[30.04999,-1.88084],[30.0498,-1.88063],[30.04975,-1.88044],[30.04967,-1.88029],[30.04955,-1.88014],[30.04949,-1.88002],[30.04943,-1.87992],[30.04942,-1.87979],[30.04936,-1.87966],[30.04928,-1.8794],[30.0492,-1.87909],[30.04883,-1.8792],[30.04875,-1.8792],[30.04877,-1.87881],[30.04885,-1.87823],[30.04886,-1.87799],[30.04885,-1.87712],[30.04885,-1.87691],[30.04883,-1.87669],[30.04925,-1.87629],[30.04959,-1.876],[30.0497,-1.87617],[30.05004,-1.87661],[30.05022,-1.87643],[30.05065,-1.87585],[30.05105,-1.87548],[30.0516,-1.8748],[30.05228,-1.87413],[30.0524,-1.87404],[30.05249,-1.87395],[30.05274,-1.87377],[30.05297,-1.87354],[30.05332,-1.87329],[30.05345,-1.87322],[30.05385,-1.87306],[30.05413,-1.8729],[30.05423,-1.87282],[30.05455,-1.87245],[30.05482,-1.87204],[30.05481,-1.87202],[30.05535,-1.87152],[30.05548,-1.87143],[30.05558,-1.87137],[30.05558,-1.87135],[30.05574,-1.8713],[30.05589,-1.87116],[30.05606,-1.87103],[30.05622,-1.87099],[30.05636,-1.87094],[30.0565,-1.87073],[30.05657,-1.8706],[30.05661,-1.8706],[30.05672,-1.87064],[30.05677,-1.87074],[30.05682,-1.87075],[30.05684,-1.87074],[30.05699,-1.87065],[30.05705,-1.8706],[30.05718,-1.87056],[30.05752,-1.87029],[30.05762,-1.87026],[30.05773,-1.87018],[30.05787,-1.87003],[30.05785,-1.86989],[30.05802,-1.86977],[30.05807,-1.86969],[30.0581,-1.86962],[30.05809,-1.8695],[30.05817,-1.86934],[30.05824,-1.86923],[30.05835,-1.86914],[30.05846,-1.86903],[30.05863,-1.86894],[30.05902,-1.86877],[30.0594,-1.86853],[30.05984,-1.86832],[30.06002,-1.86828],[30.06045,-1.86823],[30.06056,-1.86819],[30.06079,-1.86807],[30.06084,-1.86813],[30.06086,-1.86812],[30.06093,-1.86807],[30.06159,-1.86771],[30.06188,-1.86752],[30.06184,-1.86741],[30.06182,-1.86722],[30.0618,-1.86717],[30.06127,-1.86621],[30.06101,-1.86572],[30.06088,-1.86552],[30.06076,-1.86529],[30.06075,-1.86528],[30.06073,-1.86523],[30.06066,-1.86509],[30.06056,-1.86484],[30.06018,-1.86399],[30.05968,-1.86364],[30.05953,-1.86362],[30.05942,-1.86353],[30.05938,-1.86354],[30.05932,-1.86359],[30.05929,-1.86359],[30.05912,-1.86341],[30.0589,-1.86329],[30.0588,-1.86331],[30.05843,-1.86287],[30.05729,-1.86179],[30.05686,-1.86171],[30.05672,-1.86175],[30.05668,-1.86178],[30.05657,-1.8618],[30.05647,-1.8618],[30.05635,-1.86183],[30.05625,-1.86186],[30.05619,-1.86191],[30.05586,-1.86201],[30.05549,-1.86187],[30.05495,-1.8618],[30.05491,-1.86178],[30.05484,-1.86176],[30.0544,-1.86154],[30.05355,-1.86111],[30.05261,-1.86092],[30.05245,-1.86088],[30.05237,-1.86086],[30.05234,-1.86087],[30.05198,-1.8608],[30.05187,-1.86074],[30.05184,-1.86069],[30.05182,-1.86067],[30.05176,-1.86068],[30.05151,-1.86054],[30.05154,-1.86052],[30.05142,-1.86047],[30.05121,-1.86034],[30.05103,-1.86018],[30.05074,-1.86008],[30.05012,-1.85961],[30.04926,-1.85975],[30.04904,-1.85976],[30.04901,-1.85975],[30.04802,-1.85975],[30.04728,-1.86],[30.04676,-1.85944],[30.04671,-1.8593],[30.04662,-1.85924],[30.04664,-1.85922],[30.04656,-1.85919],[30.04664,-1.85899],[30.04669,-1.85897],[30.04678,-1.85896],[30.04673,-1.85868],[30.04671,-1.85869],[30.04672,-1.8582],[30.04684,-1.85727],[30.04692,-1.85682],[30.04697,-1.85584],[30.04689,-1.85527],[30.04674,-1.8548],[30.0466,-1.85441],[30.04653,-1.85371]]]}},{"type":"Feature","properties":{"d":"Kicukiro","s":"Kigarama","c":"Bwerankori"},"geometry":{"type":"Polygon","coordinates":[[[30.0685,-1.97183],[30.06851,-1.97178],[30.06824,-1.97153],[30.0682,-1.97145],[30.06817,-1.97142],[30.06799,-1.97129],[30.06747,-1.97076],[30.06718,-1.97056],[30.06707,-1.97046],[30.06681,-1.97066],[30.06669,-1.97073],[30.06665,-1.97089],[30.06686,-1.97128],[30.0666,-1.97133],[30.0667,-1.97149],[30.06583,-1.97192],[30.06546,-1.97132],[30.06481,-1.97157],[30.06481,-1.97155],[30.0647,-1.9716],[30.06456,-1.97159],[30.06429,-1.9716],[30.0638,-1.97171],[30.06362,-1.97161],[30.06256,-1.97181],[30.06232,-1.97197],[30.06226,-1.97194],[30.06224,-1.97195],[30.06214,-1.97192],[30.06202,-1.97183],[30.06196,-1.97183],[30.06179,-1.97192],[30.0616,-1.97186],[30.06149,-1.97184],[30.06146,-1.97187],[30.06146,-1.97264],[30.06121,-1.97262],[30.0612,-1.97267],[30.06113,-1.9727],[30.06118,-1.97277],[30.06122,-1.97278],[30.06121,-1.97285],[30.06117,-1.97286],[30.06113,-1.97283],[30.06107,-1.97282],[30.06102,-1.97296],[30.06101,-1.973],[30.06083,-1.97299],[30.06092,-1.97306],[30.0611,-1.9736],[30.06141,-1.97398],[30.06127,-1.97407],[30.06145,-1.97431],[30.06159,-1.97422],[30.06162,-1.97424],[30.06164,-1.9743],[30.0617,-1.97441],[30.06183,-1.9745],[30.06185,-1.97454],[30.06188,-1.97458],[30.06192,-1.97465],[30.06198,-1.97468],[30.06197,-1.97495],[30.06189,-1.97532],[30.0618,-1.9762],[30.06173,-1.97688],[30.06188,-1.97701],[30.0616,-1.9777],[30.06215,-1.97799],[30.06216,-1.97802],[30.06223,-1.97802],[30.06262,-1.97805],[30.06265,-1.97802],[30.06271,-1.97801],[30.06298,-1.97806],[30.0632,-1.97814],[30.06327,-1.97821],[30.06333,-1.9782],[30.06351,-1.97821],[30.06372,-1.9782],[30.06393,-1.97816],[30.06399,-1.97821],[30.06419,-1.9786],[30.06421,-1.97869],[30.06423,-1.97873],[30.06425,-1.97873],[30.06438,-1.97907],[30.06457,-1.97972],[30.06417,-1.97987],[30.06397,-1.98001],[30.06393,-1.98006],[30.06386,-1.98008],[30.0637,-1.98026],[30.06363,-1.98036],[30.0635,-1.98088],[30.06336,-1.98125],[30.06309,-1.98173],[30.06305,-1.98214],[30.06318,-1.98281],[30.06324,-1.98318],[30.06324,-1.98333],[30.06337,-1.9837],[30.06358,-1.98421],[30.06368,-1.98467],[30.0637,-1.98535],[30.06372,-1.98553],[30.06371,-1.98613],[30.06374,-1.9863],[30.06375,-1.9864],[30.06397,-1.98679],[30.06402,-1.98705],[30.06402,-1.98719],[30.06383,-1.98739],[30.06382,-1.98749],[30.06381,-1.98753],[30.06372,-1.98765],[30.06373,-1.98769],[30.06391,-1.98787],[30.06379,-1.98817],[30.06378,-1.9883],[30.06372,-1.98861],[30.06366,-1.9893],[30.06333,-1.98998],[30.06313,-1.9903],[30.06296,-1.99068],[30.06281,-1.99084],[30.06242,-1.99079],[30.06193,-1.99056],[30.06146,-1.99041],[30.06137,-1.9902],[30.06096,-1.98966],[30.06044,-1.98885],[30.06039,-1.98875],[30.0601,-1.98798],[30.05999,-1.98798],[30.05978,-1.98799],[30.05964,-1.98803],[30.0595,-1.98814],[30.05937,-1.98839],[30.05925,-1.98879],[30.05924,-1.98893],[30.05924,-1.98962],[30.05932,-1.99006],[30.05928,-1.99032],[30.05918,-1.99049],[30.059,-1.99064],[30.05895,-1.99064],[30.05888,-1.99069],[30.0592,-1.99136],[30.05945,-1.99155],[30.0598,-1.99164],[30.05993,-1.99177],[30.05976,-1.99189],[30.05962,-1.99195],[30.05949,-1.99203],[30.05942,-1.99206],[30.0593,-1.99216],[30.05911,-1.99226],[30.05876,-1.9925],[30.0589,-1.9926],[30.05896,-1.99268],[30.05898,-1.99275],[30.05895,-1.99277],[30.05902,-1.99286],[30.05906,-1.99287],[30.05916,-1.993],[30.05919,-1.993],[30.05923,-1.99308],[30.05928,-1.99312],[30.05929,-1.99322],[30.0593,-1.99326],[30.05938,-1.99325],[30.05939,-1.99329],[30.05952,-1.99333],[30.05978,-1.99337],[30.05982,-1.99351],[30.05983,-1.99374],[30.05982,-1.99387],[30.05968,-1.99398],[30.05965,-1.99396],[30.05956,-1.99405],[30.05956,-1.99407],[30.05963,-1.99412],[30.05961,-1.99416],[30.05953,-1.99426],[30.05993,-1.99462],[30.05991,-1.99464],[30.05993,-1.99467],[30.05999,-1.99468],[30.05999,-1.99471],[30.05976,-1.99491],[30.05986,-1.99504],[30.05987,-1.99507],[30.05979,-1.99512],[30.05969,-1.99523],[30.05962,-1.99527],[30.05949,-1.9953],[30.05954,-1.99548],[30.05944,-1.99549],[30.05935,-1.99547],[30.05927,-1.99549],[30.05922,-1.99545],[30.05912,-1.99545],[30.05912,-1.99554],[30.05905,-1.99568],[30.05899,-1.99597],[30.05894,-1.99619],[30.05916,-1.99631],[30.05916,-1.99642],[30.05919,-1.99651],[30.05917,-1.99656],[30.05902,-1.9967],[30.05876,-1.99721],[30.05869,-1.99736],[30.05857,-1.99778],[30.05862,-1.99795],[30.05884,-1.99844],[30.05909,-1.99879],[30.05916,-1.99895],[30.05924,-1.99907],[30.05923,-1.99919],[30.05931,-1.9992],[30.05936,-1.99922],[30.05968,-1.99943],[30.05976,-1.99959],[30.05992,-1.99986],[30.06005,-2.00003],[30.06025,-2.00023],[30.06045,-2.00038],[30.06061,-2.00047],[30.0607,-2.00055],[30.06079,-2.00065],[30.0611,-2.00107],[30.06128,-2.00123],[30.06145,-2.00144],[30.06124,-2.00174],[30.06144,-2.00185],[30.06149,-2.00174],[30.06163,-2.00201],[30.0618,-2.00222],[30.06158,-2.00235],[30.06132,-2.00254],[30.06155,-2.00272],[30.0619,-2.00295],[30.06181,-2.00313],[30.0618,-2.00313],[30.06181,-2.00318],[30.06146,-2.00307],[30.06009,-2.00325],[30.06014,-2.00336],[30.06011,-2.00335],[30.05987,-2.00352],[30.05969,-2.00368],[30.05966,-2.00373],[30.05942,-2.00393],[30.05943,-2.00477],[30.05942,-2.00529],[30.05947,-2.00554],[30.05962,-2.00556],[30.06024,-2.00578],[30.06048,-2.00583],[30.06085,-2.00585],[30.06105,-2.00627],[30.06115,-2.0064],[30.06145,-2.00661],[30.06152,-2.00664],[30.06174,-2.00682],[30.06251,-2.00716],[30.06279,-2.00722],[30.06307,-2.00732],[30.06339,-2.00746],[30.06429,-2.00771],[30.06446,-2.0077],[30.06451,-2.00773],[30.06481,-2.0072],[30.06564,-2.00622],[30.06593,-2.00583],[30.06667,-2.0045],[30.06719,-2.00378],[30.06772,-2.00323],[30.06836,-2.00284],[30.06906,-2.00313],[30.06941,-2.0031],[30.06959,-2.00287],[30.07009,-2.00138],[30.07027,-2.00048],[30.07027,-2.00039],[30.07042,-1.99959],[30.07072,-1.99837],[30.07202,-1.99513],[30.07212,-1.99504],[30.07324,-1.99405],[30.0736,-1.99374],[30.07379,-1.99361],[30.0741,-1.99359],[30.07447,-1.99359],[30.07419,-1.99292],[30.07357,-1.99213],[30.0729,-1.99149],[30.07226,-1.99113],[30.07172,-1.99101],[30.07104,-1.99103],[30.06912,-1.99137],[30.06853,-1.99161],[30.06924,-1.9892],[30.06928,-1.98912],[30.06982,-1.98864],[30.07013,-1.98872],[30.07031,-1.9887],[30.07016,-1.98802],[30.07,-1.98756],[30.06997,-1.98735],[30.06985,-1.9872],[30.06981,-1.98707],[30.06973,-1.98699],[30.06965,-1.98694],[30.06938,-1.98655],[30.06937,-1.98643],[30.06942,-1.98619],[30.06946,-1.98611],[30.06943,-1.98604],[30.06943,-1.98593],[30.06931,-1.98561],[30.06924,-1.9855],[30.0692,-1.98543],[30.06887,-1.98508],[30.06877,-1.98507],[30.06873,-1.98504],[30.06868,-1.98491],[30.06859,-1.9845],[30.06852,-1.98399],[30.06851,-1.98369],[30.06853,-1.98349],[30.06866,-1.98316],[30.0688,-1.98273],[30.06885,-1.98249],[30.06909,-1.98192],[30.06941,-1.98081],[30.06948,-1.98061],[30.06946,-1.98061],[30.06948,-1.98051],[30.06973,-1.97988],[30.06987,-1.97959],[30.06986,-1.97958],[30.06997,-1.97944],[30.07014,-1.97894],[30.07016,-1.97885],[30.07017,-1.97858],[30.06992,-1.97859],[30.07011,-1.97801],[30.07008,-1.97761],[30.07003,-1.97728],[30.06985,-1.9767],[30.0699,-1.97662],[30.06999,-1.97651],[30.07,-1.97627],[30.06996,-1.97614],[30.06996,-1.97591],[30.06996,-1.97514],[30.06992,-1.9749],[30.06984,-1.97473],[30.06982,-1.97463],[30.06977,-1.9746],[30.0696,-1.97464],[30.06958,-1.97464],[30.06958,-1.97463],[30.06939,-1.97403],[30.06938,-1.97387],[30.06937,-1.9738],[30.06938,-1.97375],[30.06955,-1.9737],[30.06951,-1.97362],[30.06949,-1.97338],[30.06947,-1.97328],[30.0694,-1.97312],[30.06926,-1.97301],[30.0692,-1.97289],[30.06903,-1.97278],[30.06881,-1.97247],[30.06868,-1.97235],[30.06838,-1.97195],[30.0685,-1.97183]]]}},{"type":"Feature","properties":{"d":"Gasabo","s":"Ndera","c":"Bwiza"},"geometry":{"type":"Polygon","coordinates":[[[30.21438,-1.92674],[30.21351,-1.92613],[30.21236,-1.92533],[30.21235,-1.92534],[30.21046,-1.92682],[30.21039,-1.92687],[30.21038,-1.92686],[30.21033,-1.92692],[30.20927,-1.92775],[30.20796,-1.92813],[30.20751,-1.92851],[30.20665,-1.92893],[30.20647,-1.92906],[30.2064,-1.92909],[30.20633,-1.92909],[30.20594,-1.92928],[30.20582,-1.92924],[30.20554,-1.92911],[30.20515,-1.92899],[30.20474,-1.92893],[30.20437,-1.92894],[30.20429,-1.92907],[30.20428,-1.92906],[30.20416,-1.92919],[30.20396,-1.92921],[30.20398,-1.9293],[30.20395,-1.92953],[30.20396,-1.92974],[30.20383,-1.93011],[30.20355,-1.93078],[30.20332,-1.93164],[30.20324,-1.932],[30.2031,-1.9325],[30.20303,-1.93291],[30.20304,-1.93317],[30.20307,-1.93332],[30.20313,-1.93403],[30.20316,-1.93435],[30.20322,-1.93493],[30.20333,-1.93568],[30.20367,-1.93717],[30.20376,-1.9375],[30.20394,-1.93786],[30.20426,-1.93843],[30.20437,-1.93853],[30.20469,-1.93912],[30.20498,-1.93956],[30.20592,-1.94145],[30.20606,-1.94203],[30.20612,-1.94236],[30.20655,-1.9441],[30.20678,-1.94468],[30.20695,-1.94506],[30.20708,-1.94536],[30.20787,-1.94675],[30.20881,-1.9485],[30.20953,-1.94967],[30.20995,-1.95089],[30.21079,-1.95317],[30.21092,-1.9534],[30.21098,-1.9535],[30.21119,-1.95363],[30.21145,-1.95383],[30.21154,-1.95395],[30.21171,-1.95421],[30.21187,-1.95462],[30.212,-1.95511],[30.21235,-1.95613],[30.21247,-1.95642],[30.21269,-1.95667],[30.21275,-1.95666],[30.21291,-1.95657],[30.21312,-1.95642],[30.21351,-1.95598],[30.21359,-1.95594],[30.21374,-1.9559],[30.21403,-1.95569],[30.21418,-1.95566],[30.21429,-1.95557],[30.21437,-1.95553],[30.21451,-1.95548],[30.21479,-1.95546],[30.21492,-1.95542],[30.21493,-1.95541],[30.215,-1.95538],[30.21509,-1.95536],[30.21515,-1.95537],[30.21517,-1.9554],[30.21522,-1.9554],[30.21525,-1.95538],[30.21523,-1.95532],[30.21522,-1.95515],[30.21523,-1.95514],[30.21523,-1.95514],[30.21523,-1.95514],[30.21527,-1.9551],[30.2154,-1.95509],[30.2156,-1.9551],[30.21589,-1.9551],[30.21626,-1.95508],[30.21679,-1.955],[30.21711,-1.95498],[30.21726,-1.95493],[30.21743,-1.95491],[30.21754,-1.95492],[30.21757,-1.95494],[30.21763,-1.95495],[30.21773,-1.95495],[30.21773,-1.95497],[30.21782,-1.95498],[30.21788,-1.95503],[30.21792,-1.95506],[30.21823,-1.95505],[30.21834,-1.9551],[30.21844,-1.95512],[30.2186,-1.95512],[30.21861,-1.95496],[30.2188,-1.95493],[30.21919,-1.95459],[30.21937,-1.95455],[30.21984,-1.95421],[30.22058,-1.95353],[30.22083,-1.95338],[30.22128,-1.95326],[30.22137,-1.95348],[30.22155,-1.95367],[30.22182,-1.95376],[30.22201,-1.95378],[30.222,-1.9536],[30.22211,-1.95336],[30.22241,-1.95329],[30.22248,-1.95329],[30.22298,-1.95316],[30.2242,-1.95307],[30.2243,-1.95308],[30.22442,-1.95309],[30.22445,-1.95311],[30.22446,-1.95314],[30.22444,-1.95327],[30.22475,-1.95332],[30.22494,-1.95337],[30.22523,-1.95327],[30.22524,-1.95327],[30.22525,-1.95331],[30.22563,-1.95322],[30.22602,-1.95306],[30.22628,-1.95289],[30.22708,-1.95259],[30.22842,-1.95253],[30.22865,-1.95258],[30.2287,-1.95261],[30.22944,-1.95217],[30.22901,-1.95151],[30.22834,-1.95018],[30.22722,-1.94796],[30.22668,-1.94635],[30.22662,-1.94519],[30.22633,-1.94329],[30.22403,-1.93959],[30.22191,-1.93701],[30.22121,-1.93603],[30.22067,-1.93278],[30.22039,-1.93119],[30.22005,-1.93033],[30.21966,-1.92999],[30.21928,-1.92965],[30.21826,-1.92933],[30.21806,-1.92929],[30.21766,-1.92926],[30.21689,-1.92906],[30.21637,-1.92875],[30.21608,-1.9284],[30.21601,-1.92832],[30.21539,-1.92733],[30.21504,-1.92704],[30.21438,-1.92674]]]}},{"type":"Feature","properties":{"d":"Gasabo","s":"Ndera","c":"Cyaruzinge"},"geometry":{"type":"Polygon","coordinates":[[[30.20079,-1.92921],[30.20054,-1.92917],[30.20025,-1.92908],[30.19967,-1.92882],[30.19955,-1.92875],[30.19931,-1.92868],[30.19924,-1.92868],[30.19902,-1.9286],[30.19877,-1.92869],[30.19857,-1.92879],[30.19842,-1.92883],[30.19788,-1.92912],[30.19738,-1.92932],[30.19724,-1.92931],[30.19698,-1.92949],[30.19672,-1.92968],[30.19662,-1.92972],[30.19658,-1.92976],[30.19625,-1.92991],[30.19615,-1.92998],[30.19562,-1.93045],[30.19561,-1.93039],[30.19536,-1.93055],[30.19523,-1.93061],[30.19517,-1.93062],[30.19496,-1.93081],[30.19463,-1.93096],[30.19458,-1.93097],[30.19448,-1.93092],[30.19411,-1.93093],[30.19369,-1.93096],[30.19328,-1.93102],[30.19262,-1.93119],[30.19206,-1.93134],[30.19146,-1.93148],[30.19101,-1.9316],[30.19082,-1.93167],[30.19039,-1.93186],[30.19022,-1.93192],[30.18982,-1.93213],[30.18939,-1.93234],[30.18882,-1.93257],[30.18863,-1.93267],[30.18819,-1.93308],[30.18797,-1.93319],[30.18739,-1.93339],[30.18698,-1.93361],[30.18677,-1.93377],[30.18663,-1.93388],[30.1865,-1.93404],[30.18633,-1.9344],[30.18618,-1.93483],[30.18605,-1.93544],[30.18592,-1.93583],[30.18585,-1.93621],[30.18582,-1.9366],[30.18583,-1.93788],[30.18582,-1.93846],[30.18578,-1.93865],[30.18571,-1.93884],[30.18563,-1.93897],[30.18575,-1.93897],[30.1855,-1.9393],[30.18525,-1.93997],[30.18502,-1.94063],[30.18457,-1.94083],[30.18458,-1.94083],[30.18451,-1.94087],[30.18468,-1.94098],[30.18472,-1.94112],[30.18467,-1.94131],[30.18442,-1.94188],[30.18428,-1.94237],[30.18434,-1.94263],[30.18455,-1.9429],[30.1846,-1.94304],[30.18455,-1.94342],[30.18457,-1.9436],[30.18458,-1.94378],[30.1845,-1.94421],[30.18447,-1.94431],[30.18439,-1.94441],[30.18442,-1.94442],[30.18432,-1.9446],[30.18354,-1.94514],[30.18253,-1.9453],[30.18334,-1.94656],[30.1835,-1.94697],[30.18352,-1.947],[30.18357,-1.94872],[30.18292,-1.95204],[30.1828,-1.95315],[30.18223,-1.95433],[30.18176,-1.9551],[30.1815,-1.95554],[30.18123,-1.95627],[30.18103,-1.95741],[30.18098,-1.95814],[30.18112,-1.95909],[30.18115,-1.95947],[30.18122,-1.95976],[30.18129,-1.96044],[30.18136,-1.96078],[30.18152,-1.96204],[30.18158,-1.96235],[30.18159,-1.96271],[30.18163,-1.96309],[30.18164,-1.96353],[30.18171,-1.96465],[30.18174,-1.96477],[30.18173,-1.96491],[30.18178,-1.96514],[30.18183,-1.96532],[30.18188,-1.9654],[30.18196,-1.96558],[30.18198,-1.96566],[30.1818,-1.96863],[30.18086,-1.97297],[30.18084,-1.97312],[30.18085,-1.97315],[30.18079,-1.97313],[30.18092,-1.97322],[30.1811,-1.97332],[30.18127,-1.97318],[30.18215,-1.97234],[30.18241,-1.97212],[30.18258,-1.97207],[30.18271,-1.97211],[30.18325,-1.97265],[30.18336,-1.97271],[30.18353,-1.97273],[30.18369,-1.97265],[30.1839,-1.97225],[30.18397,-1.97217],[30.18438,-1.97191],[30.18484,-1.97178],[30.18538,-1.97154],[30.18616,-1.97125],[30.18664,-1.97102],[30.18675,-1.97082],[30.18678,-1.97071],[30.18696,-1.9698],[30.1873,-1.96775],[30.18739,-1.96716],[30.18746,-1.96689],[30.18763,-1.96654],[30.18788,-1.96599],[30.18851,-1.96469],[30.18927,-1.96311],[30.18967,-1.96228],[30.18999,-1.96167],[30.19035,-1.96102],[30.19086,-1.96031],[30.19126,-1.95971],[30.19143,-1.95947],[30.19174,-1.95905],[30.19193,-1.95873],[30.19217,-1.95841],[30.19217,-1.95841],[30.19217,-1.95841],[30.19338,-1.95675],[30.19358,-1.95538],[30.19386,-1.95415],[30.19389,-1.95405],[30.19427,-1.95329],[30.19485,-1.95268],[30.19561,-1.95217],[30.19596,-1.95184],[30.19603,-1.95124],[30.19608,-1.95106],[30.19619,-1.95097],[30.19654,-1.95092],[30.1968,-1.95082],[30.19696,-1.95069],[30.19713,-1.95052],[30.19766,-1.94983],[30.1979,-1.94963],[30.19823,-1.94948],[30.19939,-1.94911],[30.19959,-1.94898],[30.19973,-1.94852],[30.19983,-1.94827],[30.19993,-1.94814],[30.20081,-1.94767],[30.20115,-1.94743],[30.2016,-1.94717],[30.20163,-1.94714],[30.20188,-1.94691],[30.20211,-1.9467],[30.20255,-1.94617],[30.20267,-1.94604],[30.20304,-1.94561],[30.20341,-1.94543],[30.20391,-1.94521],[30.20399,-1.94512],[30.204,-1.94503],[30.20407,-1.94468],[30.20409,-1.94461],[30.20425,-1.94426],[30.20451,-1.94395],[30.2047,-1.9436],[30.20511,-1.94303],[30.20536,-1.94261],[30.20563,-1.94237],[30.20606,-1.94203],[30.20592,-1.94145],[30.20498,-1.93956],[30.20469,-1.93912],[30.20437,-1.93853],[30.20426,-1.93843],[30.20394,-1.93786],[30.20376,-1.9375],[30.20367,-1.93717],[30.20333,-1.93568],[30.20322,-1.93493],[30.20316,-1.93435],[30.20313,-1.93403],[30.20307,-1.93332],[30.20304,-1.93317],[30.20303,-1.93291],[30.2031,-1.9325],[30.20324,-1.932],[30.20332,-1.93164],[30.20355,-1.93078],[30.20383,-1.93011],[30.20396,-1.92974],[30.20395,-1.92953],[30.20398,-1.9293],[30.20396,-1.92921],[30.20394,-1.92919],[30.20398,-1.92908],[30.20398,-1.92904],[30.20388,-1.92906],[30.20354,-1.92908],[30.20354,-1.92906],[30.20299,-1.92904],[30.20196,-1.92912],[30.20136,-1.92921],[30.20095,-1.92922],[30.20079,-1.92921]]]}},{"type":"Feature","properties":{"d":"Kicukiro","s":"Masaka","c":"Cyimo"},"geometry":{"type":"Polygon","coordinates":[[[30.21347,-1.98728],[30.21348,-1.98726],[30.21252,-1.98623],[30.21232,-1.98649],[30.21195,-1.98706],[30.21183,-1.98719],[30.21166,-1.98729],[30.21103,-1.98745],[30.21077,-1.98755],[30.21053,-1.98759],[30.21018,-1.98757],[30.2099,-1.98761],[30.20912,-1.98762],[30.20861,-1.9876],[30.20799,-1.98757],[30.2078,-1.98754],[30.20761,-1.9875],[30.20732,-1.98746],[30.20679,-1.98743],[30.20648,-1.98736],[30.2062,-1.98728],[30.20601,-1.98725],[30.20585,-1.98724],[30.2053,-1.98724],[30.20474,-1.9873],[30.2046,-1.98733],[30.20414,-1.98734],[30.20395,-1.98733],[30.20333,-1.98725],[30.20314,-1.98723],[30.20271,-1.98723],[30.20205,-1.98726],[30.20182,-1.9873],[30.2014,-1.98742],[30.20091,-1.9875],[30.20051,-1.9875],[30.19982,-1.98744],[30.19947,-1.98743],[30.19787,-1.98752],[30.19739,-1.98757],[30.19706,-1.98766],[30.19406,-1.98753],[30.19406,-1.98754],[30.19406,-1.98754],[30.19408,-1.98769],[30.19409,-1.9882],[30.1941,-1.9888],[30.19404,-1.98895],[30.1933,-1.98962],[30.19292,-1.99002],[30.19269,-1.99033],[30.19263,-1.9906],[30.19263,-1.991],[30.19273,-1.99136],[30.19278,-1.99176],[30.19269,-1.99187],[30.19263,-1.99198],[30.19257,-1.99205],[30.19241,-1.99215],[30.19224,-1.99223],[30.19205,-1.9923],[30.19178,-1.99243],[30.19154,-1.99258],[30.19139,-1.99265],[30.19121,-1.99285],[30.19119,-1.99308],[30.19117,-1.99319],[30.19124,-1.99361],[30.19124,-1.99375],[30.19125,-1.99383],[30.19137,-1.99409],[30.19144,-1.99463],[30.19139,-1.99483],[30.19139,-1.99487],[30.19139,-1.99492],[30.19144,-1.99503],[30.19155,-1.99516],[30.19168,-1.99599],[30.19172,-1.99648],[30.19178,-1.99679],[30.19184,-1.99689],[30.1916,-1.99715],[30.19122,-1.99757],[30.19082,-1.99823],[30.19084,-1.99825],[30.19084,-1.99835],[30.19085,-1.99838],[30.19086,-1.99844],[30.19084,-1.99847],[30.19087,-1.9986],[30.19088,-1.99872],[30.19081,-1.99874],[30.1908,-1.99882],[30.19078,-1.99885],[30.19079,-1.99886],[30.19072,-1.99904],[30.19097,-1.99915],[30.19079,-1.99953],[30.19077,-1.99951],[30.19071,-1.99957],[30.1906,-1.99979],[30.19048,-2.00013],[30.19063,-2.00017],[30.19066,-2.00019],[30.19074,-2.00019],[30.19084,-2.00023],[30.19099,-2.00025],[30.19105,-2.00027],[30.19106,-2.0003],[30.19108,-2.00031],[30.19102,-2.00049],[30.19094,-2.00082],[30.19092,-2.00099],[30.19117,-2.00108],[30.19122,-2.0013],[30.19149,-2.00116],[30.19162,-2.00129],[30.19168,-2.00133],[30.19194,-2.0014],[30.19193,-2.00138],[30.19225,-2.00142],[30.19257,-2.00148],[30.19276,-2.00149],[30.19292,-2.00167],[30.19336,-2.00202],[30.19351,-2.00219],[30.19374,-2.0018],[30.19387,-2.00189],[30.19444,-2.00221],[30.19445,-2.00217],[30.19448,-2.00218],[30.19451,-2.00211],[30.19473,-2.00153],[30.19495,-2.00163],[30.19505,-2.00169],[30.19506,-2.00171],[30.19518,-2.00173],[30.19579,-2.00193],[30.1958,-2.00197],[30.19594,-2.00203],[30.19597,-2.00207],[30.19601,-2.0021],[30.19606,-2.00222],[30.19616,-2.00237],[30.19627,-2.00267],[30.19649,-2.00253],[30.19653,-2.00253],[30.19649,-2.00241],[30.19651,-2.00241],[30.19662,-2.00267],[30.19685,-2.00277],[30.19715,-2.00294],[30.19711,-2.00304],[30.19714,-2.00307],[30.19779,-2.00358],[30.19807,-2.00374],[30.19824,-2.00382],[30.19844,-2.00396],[30.19874,-2.00347],[30.19876,-2.0035],[30.19903,-2.00311],[30.19906,-2.00331],[30.19918,-2.0038],[30.19955,-2.00469],[30.19966,-2.00489],[30.2006,-2.00581],[30.20088,-2.00605],[30.20108,-2.00615],[30.2014,-2.00627],[30.20181,-2.0064],[30.20235,-2.00647],[30.20347,-2.00657],[30.20345,-2.00633],[30.20356,-2.00632],[30.20381,-2.00628],[30.20432,-2.00624],[30.20452,-2.00619],[30.20506,-2.00615],[30.20537,-2.00611],[30.20563,-2.00605],[30.2057,-2.00608],[30.20577,-2.00613],[30.20602,-2.00641],[30.20656,-2.00686],[30.20655,-2.00687],[30.20712,-2.00727],[30.20726,-2.00741],[30.20759,-2.00769],[30.2077,-2.00782],[30.20776,-2.00791],[30.20786,-2.00801],[30.20796,-2.00808],[30.20808,-2.00813],[30.2087,-2.00742],[30.2088,-2.00755],[30.20885,-2.00764],[30.20894,-2.00808],[30.20903,-2.00835],[30.20904,-2.00847],[30.20929,-2.00905],[30.20945,-2.00958],[30.20951,-2.00981],[30.20953,-2.00997],[30.20938,-2.01],[30.20944,-2.01036],[30.20955,-2.01067],[30.20957,-2.01068],[30.20969,-2.01067],[30.20973,-2.01065],[30.21007,-2.01036],[30.21011,-2.01042],[30.21091,-2.01055],[30.21128,-2.01055],[30.21188,-2.0104],[30.21216,-2.01009],[30.2129,-2.00925],[30.21328,-2.00918],[30.21409,-2.00911],[30.2151,-2.00899],[30.21506,-2.00879],[30.215,-2.00825],[30.21483,-2.00697],[30.21473,-2.0061],[30.21474,-2.00597],[30.21472,-2.00591],[30.21471,-2.00563],[30.21474,-2.00559],[30.21469,-2.0056],[30.21463,-2.0048],[30.21458,-2.00443],[30.2146,-2.00435],[30.21501,-2.00356],[30.21524,-2.00342],[30.21541,-2.00336],[30.21568,-2.00335],[30.21611,-2.00344],[30.21622,-2.00308],[30.2164,-2.00116],[30.21628,-2.00114],[30.21593,-2.00135],[30.2158,-2.00154],[30.21574,-2.00158],[30.21562,-2.00162],[30.2151,-2.00047],[30.21481,-1.99971],[30.21467,-1.99939],[30.21451,-1.99907],[30.21435,-1.99875],[30.21406,-1.99826],[30.21395,-1.99799],[30.21379,-1.99779],[30.2137,-1.99787],[30.2131,-1.99738],[30.2123,-1.99691],[30.21225,-1.99691],[30.21222,-1.99697],[30.21177,-1.99664],[30.21166,-1.99665],[30.21164,-1.99662],[30.2117,-1.99646],[30.21174,-1.99623],[30.21173,-1.99604],[30.2117,-1.99587],[30.21149,-1.99542],[30.21147,-1.99502],[30.21169,-1.99501],[30.21168,-1.99459],[30.21261,-1.99435],[30.21306,-1.99422],[30.21306,-1.99423],[30.21396,-1.99398],[30.21419,-1.99386],[30.21431,-1.99384],[30.21444,-1.99377],[30.21453,-1.99369],[30.21487,-1.99351],[30.21489,-1.99353],[30.2149,-1.99353],[30.21486,-1.99343],[30.21489,-1.99342],[30.21509,-1.99332],[30.2151,-1.99334],[30.21512,-1.99333],[30.21513,-1.99329],[30.21518,-1.99326],[30.21533,-1.99321],[30.21537,-1.99318],[30.21538,-1.99314],[30.21592,-1.99288],[30.21597,-1.99288],[30.2162,-1.99273],[30.21627,-1.99267],[30.21632,-1.99273],[30.2164,-1.99274],[30.21647,-1.99257],[30.21667,-1.99223],[30.21673,-1.99228],[30.21676,-1.9923],[30.2168,-1.99224],[30.21681,-1.9922],[30.21691,-1.99211],[30.2169,-1.99204],[30.21693,-1.99203],[30.21698,-1.99197],[30.21708,-1.99193],[30.21722,-1.99179],[30.21735,-1.99171],[30.21739,-1.99163],[30.21743,-1.9916],[30.21744,-1.99161],[30.21745,-1.9916],[30.21731,-1.9914],[30.21698,-1.9909],[30.21642,-1.99032],[30.21447,-1.98832],[30.21443,-1.98835],[30.21347,-1.98728]]]}},{"type":"Feature","properties":{"d":"Nyarugenge","s":"Nyamirambo","c":"Cyivugiza"},"geometry":{"type":"Polygon","coordinates":[[[30.05051,-1.9794],[30.05087,-1.97889],[30.05097,-1.97873],[30.05113,-1.97842],[30.05112,-1.97826],[30.05083,-1.97736],[30.05014,-1.97758],[30.0489,-1.97796],[30.0486,-1.97804],[30.04758,-1.97836],[30.04544,-1.97899],[30.04533,-1.97905],[30.04397,-1.97946],[30.0439,-1.97948],[30.04391,-1.97943],[30.0439,-1.9794],[30.04378,-1.97933],[30.04375,-1.97932],[30.04366,-1.97935],[30.04348,-1.97919],[30.04332,-1.97893],[30.04316,-1.979],[30.04308,-1.97901],[30.04293,-1.97898],[30.0421,-1.9784],[30.04208,-1.9783],[30.04188,-1.97789],[30.04177,-1.97758],[30.04113,-1.97839],[30.04092,-1.97861],[30.04085,-1.9785],[30.04077,-1.97842],[30.04068,-1.97826],[30.04062,-1.97828],[30.04052,-1.97829],[30.04021,-1.97822],[30.0402,-1.97819],[30.04012,-1.9782],[30.03988,-1.97818],[30.03984,-1.97817],[30.03985,-1.97816],[30.03957,-1.97809],[30.03859,-1.97801],[30.0384,-1.97802],[30.03834,-1.978],[30.03809,-1.97801],[30.0379,-1.97798],[30.03783,-1.97799],[30.03749,-1.97794],[30.03665,-1.97745],[30.03651,-1.97739],[30.03652,-1.97738],[30.03647,-1.97746],[30.03642,-1.97763],[30.03639,-1.97789],[30.03638,-1.97819],[30.03632,-1.97847],[30.03592,-1.97958],[30.03571,-1.98035],[30.03562,-1.98078],[30.03559,-1.98123],[30.03538,-1.98166],[30.03529,-1.9819],[30.03483,-1.98277],[30.03439,-1.98352],[30.03414,-1.98382],[30.03374,-1.9842],[30.03348,-1.98427],[30.03299,-1.98416],[30.03281,-1.98414],[30.03273,-1.98418],[30.0324,-1.98491],[30.03235,-1.98507],[30.03224,-1.9854],[30.03214,-1.98583],[30.03212,-1.98595],[30.03215,-1.98635],[30.03228,-1.98676],[30.03231,-1.98692],[30.03228,-1.98702],[30.03217,-1.98717],[30.03202,-1.98735],[30.03193,-1.98742],[30.03182,-1.98761],[30.03177,-1.98801],[30.03171,-1.98835],[30.03145,-1.98871],[30.03136,-1.98894],[30.03135,-1.98916],[30.03167,-1.98923],[30.03229,-1.98913],[30.03223,-1.98874],[30.03249,-1.98886],[30.03274,-1.98923],[30.03285,-1.98921],[30.03321,-1.98898],[30.03363,-1.98851],[30.03377,-1.98829],[30.03395,-1.98884],[30.03455,-1.98879],[30.03466,-1.98869],[30.03466,-1.98868],[30.03471,-1.98867],[30.03479,-1.98861],[30.03528,-1.98858],[30.03551,-1.98839],[30.03571,-1.98803],[30.03627,-1.98806],[30.03635,-1.9881],[30.03639,-1.98801],[30.0366,-1.98796],[30.03711,-1.98799],[30.03753,-1.98795],[30.03788,-1.98794],[30.03828,-1.98802],[30.0387,-1.98818],[30.03901,-1.98826],[30.04004,-1.9882],[30.04079,-1.98831],[30.04138,-1.98841],[30.04147,-1.98828],[30.04154,-1.98796],[30.04149,-1.98769],[30.04144,-1.98761],[30.04137,-1.9875],[30.04124,-1.98742],[30.04025,-1.98696],[30.03977,-1.98672],[30.03952,-1.98652],[30.03941,-1.98638],[30.03939,-1.98629],[30.0394,-1.98618],[30.03945,-1.98607],[30.03964,-1.98587],[30.03999,-1.98559],[30.04032,-1.98546],[30.04098,-1.9853],[30.04128,-1.9852],[30.04143,-1.98504],[30.0415,-1.9848],[30.0415,-1.98474],[30.04147,-1.98456],[30.04129,-1.98428],[30.04111,-1.98392],[30.04107,-1.98378],[30.04108,-1.9837],[30.04109,-1.98354],[30.04119,-1.98306],[30.04131,-1.98276],[30.04142,-1.98269],[30.04154,-1.98292],[30.04156,-1.98294],[30.04156,-1.98295],[30.0416,-1.98302],[30.04162,-1.98302],[30.04165,-1.9831],[30.04188,-1.98347],[30.04201,-1.98367],[30.04205,-1.98366],[30.04211,-1.98378],[30.04209,-1.98379],[30.04214,-1.98387],[30.04251,-1.98428],[30.04254,-1.98427],[30.04265,-1.98442],[30.04272,-1.98445],[30.04281,-1.9846],[30.0429,-1.98468],[30.043,-1.98482],[30.04302,-1.98487],[30.04324,-1.98488],[30.04337,-1.98493],[30.04355,-1.9851],[30.04373,-1.98527],[30.04397,-1.98534],[30.04445,-1.98589],[30.04444,-1.98594],[30.04479,-1.98615],[30.04522,-1.98637],[30.04536,-1.98648],[30.04566,-1.98666],[30.04574,-1.98674],[30.04576,-1.98672],[30.04612,-1.98693],[30.04619,-1.98684],[30.04635,-1.98642],[30.04649,-1.98622],[30.04669,-1.9861],[30.04712,-1.98595],[30.04743,-1.98587],[30.04789,-1.98577],[30.04814,-1.98569],[30.04836,-1.98564],[30.04858,-1.98561],[30.04908,-1.9856],[30.04929,-1.98562],[30.04991,-1.98576],[30.05007,-1.98569],[30.05016,-1.98572],[30.05038,-1.98575],[30.05046,-1.98575],[30.0512,-1.98567],[30.05136,-1.98561],[30.0515,-1.98551],[30.05196,-1.985],[30.05183,-1.98482],[30.05162,-1.98453],[30.05142,-1.98416],[30.05127,-1.98399],[30.05112,-1.98373],[30.05097,-1.98343],[30.05085,-1.9833],[30.05056,-1.98315],[30.0502,-1.9828],[30.04989,-1.98267],[30.04967,-1.98255],[30.04949,-1.98241],[30.04936,-1.98236],[30.04937,-1.98233],[30.04942,-1.98226],[30.04969,-1.98143],[30.04978,-1.98122],[30.05005,-1.98033],[30.05021,-1.97993],[30.05031,-1.97971],[30.05051,-1.9794]]]}},{"type":"Feature","properties":{"d":"Gasabo","s":"Kinyinya","c":"Gacuriro"},"geometry":{"type":"Polygon","coordinates":[[[30.0911,-1.90861],[30.09037,-1.90919],[30.09022,-1.90897],[30.08993,-1.90931],[30.08975,-1.90957],[30.08925,-1.91047],[30.08934,-1.91053],[30.08936,-1.9105],[30.08956,-1.91062],[30.08957,-1.91063],[30.08943,-1.91068],[30.0894,-1.91072],[30.08939,-1.91081],[30.08933,-1.911],[30.08881,-1.91176],[30.08846,-1.91224],[30.08816,-1.91259],[30.08811,-1.91268],[30.08794,-1.91263],[30.08774,-1.9125],[30.08777,-1.91261],[30.08773,-1.9128],[30.08737,-1.91346],[30.0873,-1.91356],[30.08729,-1.91355],[30.08727,-1.91357],[30.08728,-1.91358],[30.08727,-1.91383],[30.08732,-1.914],[30.08741,-1.91489],[30.08691,-1.91507],[30.0865,-1.91522],[30.0862,-1.91539],[30.08603,-1.91551],[30.08579,-1.91575],[30.08577,-1.91578],[30.08575,-1.91578],[30.08563,-1.91594],[30.08535,-1.91641],[30.0853,-1.91648],[30.08529,-1.91653],[30.08528,-1.9166],[30.08534,-1.91662],[30.08531,-1.91667],[30.08515,-1.91708],[30.08509,-1.91717],[30.0848,-1.91748],[30.08459,-1.91752],[30.08447,-1.91808],[30.08433,-1.91811],[30.08431,-1.91828],[30.08421,-1.91868],[30.08424,-1.91874],[30.0843,-1.91905],[30.0838,-1.91912],[30.08245,-1.9193],[30.08183,-1.91939],[30.08033,-1.92029],[30.07953,-1.92069],[30.07925,-1.92083],[30.07882,-1.92095],[30.07812,-1.92135],[30.07752,-1.92168],[30.07689,-1.92229],[30.07634,-1.92325],[30.07549,-1.9243],[30.07388,-1.92582],[30.07339,-1.92607],[30.07375,-1.92641],[30.0744,-1.92698],[30.07462,-1.92724],[30.0746,-1.92735],[30.07464,-1.92738],[30.07462,-1.92767],[30.0746,-1.92785],[30.07459,-1.9279],[30.07522,-1.92792],[30.07549,-1.92793],[30.07594,-1.92798],[30.07764,-1.92819],[30.07763,-1.92824],[30.07769,-1.92835],[30.07804,-1.92863],[30.07858,-1.92902],[30.07868,-1.92891],[30.07888,-1.92903],[30.07954,-1.92941],[30.0803,-1.93028],[30.08034,-1.93038],[30.08024,-1.93056],[30.08038,-1.93064],[30.0823,-1.93151],[30.0825,-1.93122],[30.08318,-1.93145],[30.08384,-1.93168],[30.08416,-1.93177],[30.08589,-1.93223],[30.08589,-1.93222],[30.08627,-1.93237],[30.08633,-1.93243],[30.08682,-1.93263],[30.08724,-1.93284],[30.0875,-1.93294],[30.08791,-1.93313],[30.08832,-1.93327],[30.08846,-1.93336],[30.08873,-1.93342],[30.0891,-1.93359],[30.0895,-1.93384],[30.09003,-1.9341],[30.09009,-1.93416],[30.09017,-1.93429],[30.09045,-1.93455],[30.09067,-1.93465],[30.09081,-1.93473],[30.0909,-1.93483],[30.09093,-1.93483],[30.09096,-1.93481],[30.09199,-1.9334],[30.0919,-1.93333],[30.09155,-1.93287],[30.09145,-1.93276],[30.09136,-1.93259],[30.09137,-1.93247],[30.09154,-1.93213],[30.09211,-1.93118],[30.09229,-1.93113],[30.09245,-1.93107],[30.0926,-1.93096],[30.09277,-1.93078],[30.09291,-1.93057],[30.09312,-1.93022],[30.09332,-1.92999],[30.094,-1.92932],[30.09455,-1.92881],[30.09465,-1.92874],[30.09474,-1.92873],[30.09539,-1.92833],[30.09574,-1.92803],[30.09582,-1.9279],[30.0959,-1.92768],[30.09595,-1.92743],[30.09594,-1.92711],[30.09599,-1.92672],[30.09606,-1.92655],[30.09616,-1.92641],[30.09633,-1.92629],[30.09649,-1.92625],[30.09671,-1.92634],[30.09682,-1.92646],[30.09706,-1.92688],[30.09744,-1.92727],[30.09781,-1.92696],[30.09779,-1.92693],[30.09798,-1.92676],[30.09783,-1.92657],[30.09828,-1.92674],[30.09833,-1.92675],[30.09838,-1.92676],[30.09902,-1.9269],[30.09945,-1.92694],[30.10037,-1.92685],[30.10071,-1.92669],[30.1009,-1.92661],[30.10255,-1.92522],[30.104,-1.92416],[30.1044,-1.9239],[30.10473,-1.92375],[30.10527,-1.92348],[30.10513,-1.92326],[30.10502,-1.92303],[30.10499,-1.92273],[30.105,-1.92238],[30.10497,-1.92149],[30.10444,-1.91952],[30.10397,-1.91906],[30.10382,-1.91888],[30.10358,-1.91844],[30.10313,-1.91784],[30.10272,-1.91729],[30.10252,-1.91705],[30.10209,-1.91653],[30.10167,-1.91604],[30.10114,-1.91552],[30.10091,-1.91523],[30.10069,-1.91494],[30.10001,-1.91451],[30.09992,-1.91447],[30.09978,-1.91437],[30.09945,-1.91421],[30.09908,-1.914],[30.09767,-1.91332],[30.09727,-1.91313],[30.0966,-1.9128],[30.09509,-1.91203],[30.09297,-1.9109],[30.0922,-1.91039],[30.09191,-1.91003],[30.09147,-1.90927],[30.0911,-1.90861]]]}},{"type":"Feature","properties":{"d":"Nyarugenge","s":"Gitega","c":"Gacyamo"},"geometry":{"type":"Polygon","coordinates":[[[30.05801,-1.96119],[30.05804,-1.9611],[30.05801,-1.9611],[30.05759,-1.96114],[30.05735,-1.96118],[30.0572,-1.96123],[30.05658,-1.9613],[30.05602,-1.96122],[30.05609,-1.9619],[30.05607,-1.962],[30.05618,-1.96219],[30.05611,-1.96257],[30.05613,-1.96306],[30.05616,-1.96311],[30.05619,-1.9633],[30.05614,-1.96385],[30.05603,-1.96407],[30.05646,-1.96431],[30.0568,-1.96443],[30.05701,-1.96451],[30.05716,-1.96457],[30.05733,-1.96469],[30.05741,-1.96479],[30.05753,-1.96504],[30.05764,-1.96545],[30.05783,-1.96566],[30.05788,-1.96574],[30.05806,-1.96584],[30.05836,-1.96597],[30.05881,-1.96611],[30.05889,-1.96581],[30.05923,-1.96493],[30.05964,-1.9637],[30.05983,-1.96303],[30.0596,-1.96296],[30.05957,-1.9629],[30.05947,-1.96281],[30.05943,-1.9628],[30.05909,-1.96274],[30.05907,-1.96272],[30.05907,-1.96268],[30.059,-1.96261],[30.059,-1.96259],[30.05885,-1.96251],[30.05889,-1.96242],[30.05885,-1.96239],[30.05887,-1.96234],[30.05884,-1.96233],[30.05883,-1.96231],[30.05884,-1.96225],[30.05874,-1.96222],[30.05862,-1.96216],[30.05862,-1.96212],[30.0582,-1.96177],[30.05804,-1.96175],[30.05786,-1.96169],[30.05798,-1.96142],[30.05801,-1.96119]]]}},{"type":"Feature","properties":{"d":"Kicukiro","s":"Gahanga","c":"Gahanga"},"geometry":{"type":"Polygon","coordinates":[[[30.10639,-2.00873],[30.10623,-2.00859],[30.10573,-2.00834],[30.10514,-2.00818],[30.10465,-2.00817],[30.10448,-2.00817],[30.10388,-2.00829],[30.10367,-2.00835],[30.10344,-2.00839],[30.10268,-2.00862],[30.10132,-2.0089],[30.10011,-2.00893],[30.0998,-2.00888],[30.09909,-2.00878],[30.09845,-2.00861],[30.09841,-2.00874],[30.0984,-2.00941],[30.09837,-2.00971],[30.09833,-2.01067],[30.09833,-2.01139],[30.0983,-2.01178],[30.09832,-2.01188],[30.09843,-2.0122],[30.09845,-2.01254],[30.09849,-2.01253],[30.09866,-2.01366],[30.09869,-2.01368],[30.09865,-2.01376],[30.09858,-2.01379],[30.09854,-2.01386],[30.09862,-2.01388],[30.09862,-2.01441],[30.0985,-2.01442],[30.09858,-2.01466],[30.09891,-2.01526],[30.09906,-2.01549],[30.09911,-2.01564],[30.09912,-2.01585],[30.09911,-2.01598],[30.09904,-2.01612],[30.09898,-2.01616],[30.09892,-2.01626],[30.09879,-2.0164],[30.09807,-2.01733],[30.09765,-2.01799],[30.09755,-2.01817],[30.09724,-2.01858],[30.09706,-2.01886],[30.09697,-2.01904],[30.09679,-2.01986],[30.09677,-2.02002],[30.09675,-2.02008],[30.09673,-2.02024],[30.09674,-2.02044],[30.09671,-2.02061],[30.09664,-2.02156],[30.09679,-2.02186],[30.09657,-2.02224],[30.0961,-2.02263],[30.09508,-2.02317],[30.09405,-2.02388],[30.09358,-2.02416],[30.09332,-2.02446],[30.09375,-2.0244],[30.09389,-2.0244],[30.09409,-2.02449],[30.09429,-2.02447],[30.09448,-2.02441],[30.09458,-2.02431],[30.09476,-2.02427],[30.09509,-2.02431],[30.0954,-2.02437],[30.09548,-2.02442],[30.09573,-2.02453],[30.0958,-2.02462],[30.0963,-2.02519],[30.09679,-2.02605],[30.09711,-2.02643],[30.09734,-2.02661],[30.09755,-2.02668],[30.09772,-2.0267],[30.09777,-2.02674],[30.09772,-2.02683],[30.09768,-2.02685],[30.09776,-2.02711],[30.09838,-2.02797],[30.09845,-2.02813],[30.09851,-2.02816],[30.09854,-2.0282],[30.09852,-2.0283],[30.09856,-2.0284],[30.09862,-2.02839],[30.09878,-2.02873],[30.0989,-2.02869],[30.09943,-2.0283],[30.09945,-2.0283],[30.09954,-2.02846],[30.09961,-2.0285],[30.09985,-2.02861],[30.10001,-2.02871],[30.10007,-2.02877],[30.10018,-2.02901],[30.10033,-2.02903],[30.10036,-2.02905],[30.10045,-2.02923],[30.10058,-2.02945],[30.10066,-2.02966],[30.10063,-2.02973],[30.10063,-2.02975],[30.10074,-2.02968],[30.10087,-2.02956],[30.10123,-2.02997],[30.10158,-2.03012],[30.10205,-2.03019],[30.10248,-2.03023],[30.10212,-2.03141],[30.10195,-2.03189],[30.10182,-2.03215],[30.10164,-2.03241],[30.10146,-2.03268],[30.10128,-2.03287],[30.10085,-2.03335],[30.10025,-2.03397],[30.10009,-2.03424],[30.09989,-2.03468],[30.09986,-2.0348],[30.09996,-2.03472],[30.09998,-2.03466],[30.10003,-2.03467],[30.09997,-2.03484],[30.10011,-2.03488],[30.10056,-2.03504],[30.10055,-2.03528],[30.10063,-2.03531],[30.10075,-2.03542],[30.10119,-2.03583],[30.1013,-2.03604],[30.10138,-2.03599],[30.10154,-2.03612],[30.10199,-2.03689],[30.10199,-2.0369],[30.10182,-2.03702],[30.1017,-2.03707],[30.10178,-2.0372],[30.10199,-2.03743],[30.10218,-2.03773],[30.10238,-2.03817],[30.10262,-2.03856],[30.10239,-2.0386],[30.10231,-2.0386],[30.10231,-2.03862],[30.10236,-2.03888],[30.10248,-2.03903],[30.10256,-2.03918],[30.10266,-2.03956],[30.10268,-2.03968],[30.10269,-2.03993],[30.10271,-2.04003],[30.10275,-2.04012],[30.10282,-2.04023],[30.10315,-2.04008],[30.10321,-2.04018],[30.10357,-2.0407],[30.10347,-2.04083],[30.1034,-2.04096],[30.10345,-2.04106],[30.10337,-2.04133],[30.10327,-2.0415],[30.10326,-2.04161],[30.10328,-2.04174],[30.10328,-2.04191],[30.10331,-2.04201],[30.10332,-2.04211],[30.10393,-2.04213],[30.10418,-2.04212],[30.1042,-2.04211],[30.10419,-2.04201],[30.10418,-2.04191],[30.10422,-2.04183],[30.10423,-2.04176],[30.10449,-2.04179],[30.10461,-2.04141],[30.10471,-2.04127],[30.10475,-2.04115],[30.10477,-2.04115],[30.10478,-2.0408],[30.10482,-2.0406],[30.10474,-2.04056],[30.10477,-2.0404],[30.10477,-2.04026],[30.10474,-2.03949],[30.10471,-2.03918],[30.10471,-2.03889],[30.10477,-2.0384],[30.10484,-2.03804],[30.10492,-2.03776],[30.105,-2.03778],[30.10402,-2.03448],[30.10415,-2.03434],[30.10441,-2.03398],[30.10461,-2.03402],[30.105,-2.03417],[30.10515,-2.03419],[30.1055,-2.03419],[30.10604,-2.03428],[30.10609,-2.03427],[30.10625,-2.03432],[30.10648,-2.03441],[30.10665,-2.0345],[30.10678,-2.03462],[30.10707,-2.03497],[30.10768,-2.0347],[30.10831,-2.03428],[30.10891,-2.03392],[30.10922,-2.03371],[30.10939,-2.03354],[30.10947,-2.03343],[30.10952,-2.03318],[30.10955,-2.03265],[30.10958,-2.03249],[30.1097,-2.0323],[30.10987,-2.0322],[30.11007,-2.03208],[30.11086,-2.03182],[30.11112,-2.03166],[30.11129,-2.0315],[30.11139,-2.03135],[30.11146,-2.03104],[30.11142,-2.03087],[30.11128,-2.0307],[30.111,-2.0304],[30.11062,-2.0299],[30.11034,-2.0295],[30.11033,-2.02933],[30.11044,-2.02911],[30.11068,-2.02852],[30.11098,-2.02764],[30.1111,-2.02715],[30.11164,-2.0252],[30.11175,-2.02518],[30.112,-2.02507],[30.11291,-2.02502],[30.11336,-2.02482],[30.11369,-2.02445],[30.11371,-2.02441],[30.1137,-2.02436],[30.11374,-2.02433],[30.1138,-2.02419],[30.11388,-2.02402],[30.11393,-2.02375],[30.11394,-2.02323],[30.11398,-2.02288],[30.11395,-2.02275],[30.11322,-2.02228],[30.11316,-2.02224],[30.11312,-2.02228],[30.11291,-2.02237],[30.11273,-2.0225],[30.11248,-2.02273],[30.11149,-2.02174],[30.1108,-2.02087],[30.11007,-2.0195],[30.10966,-2.01884],[30.10941,-2.01856],[30.10814,-2.01778],[30.10784,-2.01757],[30.10785,-2.01585],[30.10769,-2.01378],[30.10753,-2.01188],[30.1074,-2.01055],[30.1073,-2.01011],[30.10707,-2.00954],[30.10667,-2.00899],[30.10639,-2.00873]]]}},{"type":"Feature","properties":{"d":"Kicukiro","s":"Masaka","c":"Gako"},"geometry":{"type":"Polygon","coordinates":[[[30.23593,-1.98147],[30.23591,-1.98132],[30.23592,-1.98125],[30.23591,-1.98124],[30.23342,-1.98073],[30.23338,-1.98074],[30.23327,-1.98083],[30.23238,-1.98159],[30.23175,-1.98168],[30.23096,-1.98172],[30.2305,-1.98175],[30.22986,-1.98183],[30.22977,-1.98184],[30.22958,-1.98186],[30.22942,-1.98188],[30.22931,-1.98189],[30.22929,-1.9822],[30.22879,-1.98217],[30.22863,-1.98217],[30.22855,-1.98217],[30.2285,-1.98217],[30.22849,-1.98218],[30.22828,-1.98219],[30.2277,-1.98223],[30.22752,-1.98224],[30.2275,-1.98224],[30.22738,-1.98224],[30.22695,-1.98225],[30.22686,-1.98226],[30.22598,-1.98235],[30.22478,-1.98247],[30.22451,-1.98251],[30.22244,-1.98257],[30.22127,-1.98256],[30.22127,-1.98252],[30.22124,-1.98252],[30.22115,-1.98248],[30.22105,-1.98247],[30.221,-1.98247],[30.2208,-1.98257],[30.22062,-1.98256],[30.22054,-1.98255],[30.22043,-1.98255],[30.22002,-1.98264],[30.21983,-1.98267],[30.21952,-1.98265],[30.21949,-1.98263],[30.21945,-1.98252],[30.21941,-1.9825],[30.21912,-1.9825],[30.21902,-1.98248],[30.21881,-1.98252],[30.21863,-1.9826],[30.21827,-1.98279],[30.21804,-1.98281],[30.2178,-1.9829],[30.21742,-1.98314],[30.21741,-1.98318],[30.21743,-1.98332],[30.21727,-1.98345],[30.21678,-1.98362],[30.21674,-1.98357],[30.21672,-1.98356],[30.21652,-1.98362],[30.21605,-1.98366],[30.21603,-1.98368],[30.21603,-1.98372],[30.21614,-1.98394],[30.21498,-1.98456],[30.21464,-1.98471],[30.21419,-1.98484],[30.21381,-1.98508],[30.21316,-1.9856],[30.21276,-1.98601],[30.21252,-1.98623],[30.21348,-1.98726],[30.21347,-1.98728],[30.21443,-1.98835],[30.21447,-1.98832],[30.21642,-1.99032],[30.21698,-1.9909],[30.21731,-1.9914],[30.21745,-1.9916],[30.21744,-1.99161],[30.21743,-1.9916],[30.21739,-1.99163],[30.21735,-1.99171],[30.21722,-1.99179],[30.21708,-1.99193],[30.21698,-1.99197],[30.21693,-1.99203],[30.2169,-1.99204],[30.21691,-1.99211],[30.21681,-1.9922],[30.2168,-1.99224],[30.21676,-1.9923],[30.21673,-1.99228],[30.21667,-1.99223],[30.21647,-1.99257],[30.2164,-1.99274],[30.21632,-1.99273],[30.21627,-1.99267],[30.2162,-1.99273],[30.21597,-1.99288],[30.21592,-1.99288],[30.21538,-1.99314],[30.21537,-1.99318],[30.21533,-1.99321],[30.21518,-1.99326],[30.21513,-1.99329],[30.21512,-1.99333],[30.2151,-1.99334],[30.21509,-1.99332],[30.21489,-1.99342],[30.21486,-1.99343],[30.2149,-1.99353],[30.21489,-1.99353],[30.21487,-1.99351],[30.21453,-1.99369],[30.21444,-1.99377],[30.21431,-1.99384],[30.21419,-1.99386],[30.21396,-1.99398],[30.21306,-1.99423],[30.21306,-1.99422],[30.21261,-1.99435],[30.21168,-1.99459],[30.21169,-1.99501],[30.21147,-1.99502],[30.21149,-1.99542],[30.2117,-1.99587],[30.21173,-1.99604],[30.21174,-1.99623],[30.2117,-1.99646],[30.21164,-1.99662],[30.21166,-1.99665],[30.21177,-1.99664],[30.21222,-1.99697],[30.21225,-1.99691],[30.2123,-1.99691],[30.2131,-1.99738],[30.2137,-1.99787],[30.21379,-1.99779],[30.21395,-1.99799],[30.21406,-1.99826],[30.21435,-1.99875],[30.21451,-1.99907],[30.21467,-1.99939],[30.21481,-1.99971],[30.2151,-2.00047],[30.21562,-2.00162],[30.21574,-2.00158],[30.2158,-2.00154],[30.21593,-2.00135],[30.21628,-2.00114],[30.2164,-2.00116],[30.21622,-2.00308],[30.21611,-2.00344],[30.21568,-2.00335],[30.21541,-2.00336],[30.21524,-2.00342],[30.21501,-2.00356],[30.2146,-2.00435],[30.21458,-2.00443],[30.21463,-2.0048],[30.21469,-2.0056],[30.21474,-2.00559],[30.21471,-2.00563],[30.21472,-2.00591],[30.21474,-2.00597],[30.21473,-2.0061],[30.21483,-2.00697],[30.215,-2.00825],[30.21506,-2.00879],[30.2151,-2.00899],[30.21409,-2.00911],[30.21328,-2.00918],[30.2129,-2.00925],[30.21216,-2.01009],[30.2122,-2.01008],[30.21227,-2.01059],[30.2123,-2.01059],[30.21231,-2.01063],[30.21231,-2.01077],[30.21249,-2.01076],[30.21259,-2.01193],[30.21263,-2.01214],[30.21268,-2.01249],[30.21267,-2.01254],[30.21263,-2.01257],[30.21263,-2.01263],[30.21266,-2.01312],[30.21284,-2.01432],[30.21307,-2.01612],[30.21306,-2.01617],[30.2131,-2.01641],[30.21324,-2.01802],[30.2133,-2.01834],[30.21339,-2.01921],[30.21351,-2.02058],[30.21367,-2.02161],[30.21381,-2.0229],[30.21388,-2.0234],[30.21385,-2.02347],[30.21383,-2.02363],[30.21369,-2.02363],[30.21362,-2.02377],[30.21367,-2.025],[30.21356,-2.02543],[30.21357,-2.0257],[30.21353,-2.02575],[30.2135,-2.02574],[30.21358,-2.02613],[30.21354,-2.02694],[30.21357,-2.02703],[30.21353,-2.02711],[30.21351,-2.02743],[30.21344,-2.02823],[30.21345,-2.02851],[30.21368,-2.02848],[30.2137,-2.02855],[30.21374,-2.02887],[30.21382,-2.02904],[30.21389,-2.02926],[30.21398,-2.02944],[30.21393,-2.02947],[30.21408,-2.02969],[30.21412,-2.02981],[30.21432,-2.0302],[30.2143,-2.03021],[30.21441,-2.03039],[30.21449,-2.03058],[30.21451,-2.03058],[30.21454,-2.03061],[30.21455,-2.03064],[30.21454,-2.03069],[30.21487,-2.03136],[30.21504,-2.03178],[30.21493,-2.03181],[30.21486,-2.03186],[30.21495,-2.03203],[30.21507,-2.03219],[30.21549,-2.03263],[30.21616,-2.03292],[30.21665,-2.03335],[30.21668,-2.03352],[30.21656,-2.03376],[30.21643,-2.03436],[30.21615,-2.03476],[30.2157,-2.03511],[30.21578,-2.03549],[30.21568,-2.03552],[30.21555,-2.03559],[30.21555,-2.03602],[30.21564,-2.03618],[30.21568,-2.03649],[30.2156,-2.03713],[30.2156,-2.03727],[30.21556,-2.03733],[30.21668,-2.03751],[30.21668,-2.03768],[30.2166,-2.03867],[30.21663,-2.03899],[30.21679,-2.03994],[30.21682,-2.04037],[30.21687,-2.04046],[30.21684,-2.04073],[30.2168,-2.04105],[30.21676,-2.0412],[30.21676,-2.04136],[30.21646,-2.04241],[30.21631,-2.0428],[30.21647,-2.04284],[30.2165,-2.04282],[30.21654,-2.04281],[30.21661,-2.04282],[30.21674,-2.04291],[30.21737,-2.04307],[30.21757,-2.04315],[30.2182,-2.04334],[30.21828,-2.04336],[30.21882,-2.04342],[30.21878,-2.04317],[30.21885,-2.04247],[30.21884,-2.04206],[30.21886,-2.04135],[30.21878,-2.04082],[30.21878,-2.04063],[30.2188,-2.04032],[30.21896,-2.04008],[30.21895,-2.0396],[30.21898,-2.03916],[30.21897,-2.03869],[30.21906,-2.03805],[30.21916,-2.03665],[30.21919,-2.03624],[30.21917,-2.0359],[30.2192,-2.03551],[30.21947,-2.03498],[30.21949,-2.03461],[30.21942,-2.0343],[30.21927,-2.03409],[30.21905,-2.03352],[30.21906,-2.03322],[30.21876,-2.03306],[30.21859,-2.03255],[30.21876,-2.03178],[30.21899,-2.03128],[30.21909,-2.03076],[30.21906,-2.03057],[30.21933,-2.03038],[30.21899,-2.03008],[30.219,-2.0296],[30.21848,-2.02825],[30.21846,-2.02821],[30.21842,-2.02821],[30.21836,-2.02818],[30.21824,-2.02791],[30.21775,-2.02727],[30.21767,-2.02723],[30.21751,-2.02726],[30.21708,-2.02727],[30.21575,-2.02757],[30.21629,-2.02661],[30.21637,-2.02631],[30.21666,-2.02619],[30.21713,-2.02576],[30.21814,-2.02398],[30.2183,-2.0237],[30.2185,-2.0234],[30.21869,-2.02296],[30.21888,-2.02248],[30.21849,-2.02239],[30.21775,-2.02239],[30.21769,-2.02217],[30.21773,-2.02053],[30.21781,-2.02006],[30.21798,-2.01984],[30.21807,-2.01974],[30.21774,-2.019],[30.21746,-2.01828],[30.21723,-2.01604],[30.21712,-2.0157],[30.21682,-2.01513],[30.21665,-2.01491],[30.21661,-2.01469],[30.21639,-2.01444],[30.21621,-2.01434],[30.21615,-2.0142],[30.21607,-2.01405],[30.21608,-2.01396],[30.21612,-2.01377],[30.2162,-2.01353],[30.21626,-2.01344],[30.21689,-2.01309],[30.2172,-2.01274],[30.21728,-2.01227],[30.21733,-2.01216],[30.2173,-2.01197],[30.21737,-2.01173],[30.21749,-2.01174],[30.21789,-2.01099],[30.21801,-2.01071],[30.21956,-2.01139],[30.21989,-2.01157],[30.2199,-2.01156],[30.22031,-2.01176],[30.22048,-2.01182],[30.22062,-2.01155],[30.2209,-2.01173],[30.22119,-2.01171],[30.22127,-2.01173],[30.22137,-2.01181],[30.22182,-2.01188],[30.22217,-2.01205],[30.22244,-2.01203],[30.22314,-2.01218],[30.22369,-2.01202],[30.22372,-2.01199],[30.22374,-2.01192],[30.22379,-2.01186],[30.22377,-2.01165],[30.22379,-2.01163],[30.22383,-2.01168],[30.22466,-2.01214],[30.22465,-2.01218],[30.22516,-2.01276],[30.22536,-2.01279],[30.22549,-2.01289],[30.22566,-2.01264],[30.22573,-2.01268],[30.2258,-2.0127],[30.22582,-2.0126],[30.22706,-2.01266],[30.22704,-2.01274],[30.22698,-2.01285],[30.22675,-2.01316],[30.22852,-2.01332],[30.22851,-2.01323],[30.22874,-2.01334],[30.22968,-2.01334],[30.23005,-2.01341],[30.23005,-2.01342],[30.23013,-2.01342],[30.22998,-2.01248],[30.22995,-2.01209],[30.22998,-2.01193],[30.23003,-2.01178],[30.23046,-2.01063],[30.23056,-2.0103],[30.23057,-2.01012],[30.23051,-2.00971],[30.23047,-2.0094],[30.23049,-2.00922],[30.23062,-2.00855],[30.23064,-2.00841],[30.23065,-2.00838],[30.23067,-2.00828],[30.23077,-2.00799],[30.23141,-2.00683],[30.23177,-2.00617],[30.23211,-2.00546],[30.23227,-2.0049],[30.23249,-2.00401],[30.23273,-2.00292],[30.2328,-2.00272],[30.23289,-2.00261],[30.23298,-2.00248],[30.23369,-2.00174],[30.23372,-2.00166],[30.23397,-2.00071],[30.23408,-2.00026],[30.23415,-1.99965],[30.23425,-1.99842],[30.23425,-1.99836],[30.23425,-1.99832],[30.23431,-1.99745],[30.23446,-1.99584],[30.23449,-1.99562],[30.23456,-1.99507],[30.23461,-1.99447],[30.23487,-1.99326],[30.235,-1.99266],[30.23548,-1.99082],[30.23576,-1.98952],[30.23584,-1.9892],[30.23606,-1.98833],[30.23639,-1.98686],[30.23639,-1.98666],[30.23626,-1.98536],[30.23622,-1.98454],[30.23627,-1.98433],[30.23677,-1.98328],[30.23684,-1.98287],[30.2368,-1.98274],[30.23662,-1.98242],[30.23593,-1.98147]]]}},{"type":"Feature","properties":{"d":"Gasabo","s":"Rutunga","c":"Gasabo"},"geometry":{"type":"Polygon","coordinates":[[[30.147,-1.79216],[30.1467,-1.79197],[30.14639,-1.79162],[30.14592,-1.79067],[30.14566,-1.78976],[30.14539,-1.78854],[30.14441,-1.78525],[30.14345,-1.78284],[30.1426,-1.78072],[30.14243,-1.78058],[30.14131,-1.78026],[30.1386,-1.77957],[30.13811,-1.77966],[30.1341,-1.7822],[30.13289,-1.78386],[30.13287,-1.78399],[30.13274,-1.78451],[30.13266,-1.78508],[30.13262,-1.7852],[30.13256,-1.78561],[30.13252,-1.78575],[30.13237,-1.78597],[30.13181,-1.78715],[30.13153,-1.7877],[30.13103,-1.78882],[30.13084,-1.78915],[30.13064,-1.78959],[30.13053,-1.79006],[30.13054,-1.7901],[30.1306,-1.79014],[30.13049,-1.79061],[30.13055,-1.79139],[30.13052,-1.79377],[30.13053,-1.79457],[30.13055,-1.79473],[30.13053,-1.79488],[30.13053,-1.79503],[30.13056,-1.79557],[30.13057,-1.79565],[30.13056,-1.79569],[30.13063,-1.79707],[30.13057,-1.79705],[30.13059,-1.79968],[30.13055,-1.79979],[30.13048,-1.80024],[30.13038,-1.80056],[30.13035,-1.80074],[30.13019,-1.80114],[30.13006,-1.80141],[30.12974,-1.80195],[30.12971,-1.80204],[30.12964,-1.80218],[30.12957,-1.8024],[30.12931,-1.80287],[30.12923,-1.80307],[30.12896,-1.80353],[30.1287,-1.80416],[30.1286,-1.80434],[30.12853,-1.80452],[30.12847,-1.80481],[30.12847,-1.80497],[30.12841,-1.80519],[30.12837,-1.80547],[30.12839,-1.80566],[30.12839,-1.80621],[30.12842,-1.80635],[30.12841,-1.80669],[30.12838,-1.80668],[30.12839,-1.8069],[30.12834,-1.80693],[30.12806,-1.80878],[30.12852,-1.80889],[30.12868,-1.8089],[30.12897,-1.80886],[30.13031,-1.80852],[30.13052,-1.80848],[30.13067,-1.80852],[30.13105,-1.80867],[30.1311,-1.80874],[30.13201,-1.80891],[30.13288,-1.80913],[30.1331,-1.80916],[30.13328,-1.80928],[30.13365,-1.80968],[30.13392,-1.80984],[30.13585,-1.81066],[30.13632,-1.81081],[30.13721,-1.81115],[30.13787,-1.81165],[30.13788,-1.81162],[30.13898,-1.81072],[30.13939,-1.80894],[30.13943,-1.80843],[30.13991,-1.80793],[30.13992,-1.80787],[30.13999,-1.80778],[30.14033,-1.80742],[30.14059,-1.80722],[30.14079,-1.80708],[30.14126,-1.80687],[30.14151,-1.8068],[30.14181,-1.80678],[30.14214,-1.8067],[30.14229,-1.80665],[30.1424,-1.80665],[30.14265,-1.80661],[30.14267,-1.80649],[30.14272,-1.80645],[30.14277,-1.80643],[30.14287,-1.8063],[30.14317,-1.80598],[30.14411,-1.80551],[30.14425,-1.80542],[30.14448,-1.80523],[30.14456,-1.80519],[30.14469,-1.80516],[30.145,-1.80518],[30.14508,-1.80514],[30.14522,-1.80495],[30.1453,-1.80497],[30.14553,-1.80467],[30.14564,-1.80456],[30.14595,-1.80431],[30.14617,-1.80409],[30.14627,-1.80413],[30.1472,-1.8034],[30.14681,-1.80324],[30.14705,-1.8033],[30.14721,-1.80339],[30.14724,-1.80337],[30.14738,-1.80356],[30.14745,-1.80379],[30.14741,-1.80414],[30.14752,-1.80446],[30.14777,-1.80501],[30.14839,-1.80623],[30.14857,-1.80646],[30.14871,-1.80659],[30.14866,-1.80654],[30.1487,-1.80641],[30.14868,-1.8063],[30.14866,-1.80608],[30.14861,-1.80581],[30.14856,-1.80525],[30.14851,-1.805],[30.14854,-1.80467],[30.14851,-1.80415],[30.14853,-1.80388],[30.14851,-1.80337],[30.14854,-1.80285],[30.14853,-1.80279],[30.14851,-1.80275],[30.14854,-1.80261],[30.14849,-1.80232],[30.14846,-1.80204],[30.14828,-1.80139],[30.14881,-1.80101],[30.14906,-1.80102],[30.14945,-1.80073],[30.14949,-1.80041],[30.14999,-1.80014],[30.15004,-1.80007],[30.15011,-1.80008],[30.15014,-1.80018],[30.15029,-1.80042],[30.15047,-1.80029],[30.15044,-1.80021],[30.15082,-1.7999],[30.15107,-1.79991],[30.15119,-1.79976],[30.15146,-1.79936],[30.15152,-1.79908],[30.15152,-1.79885],[30.15161,-1.79881],[30.15212,-1.79789],[30.15223,-1.79718],[30.15231,-1.79691],[30.15238,-1.79652],[30.15233,-1.79628],[30.15231,-1.7959],[30.15228,-1.79554],[30.15228,-1.79551],[30.15235,-1.79544],[30.15239,-1.79522],[30.15233,-1.79516],[30.15234,-1.79514],[30.15226,-1.79504],[30.15224,-1.79494],[30.15233,-1.79492],[30.15228,-1.79478],[30.15219,-1.79444],[30.15216,-1.79444],[30.15215,-1.79441],[30.1521,-1.79438],[30.15178,-1.79175],[30.15025,-1.7921],[30.15,-1.79206],[30.14934,-1.7924],[30.14822,-1.79269],[30.14786,-1.79269],[30.147,-1.79216]]]}},{"type":"Feature","properties":{"d":"Gasabo","s":"Gikomero","c":"Gasagara"},"geometry":{"type":"Polygon","coordinates":[[[30.23364,-1.84515],[30.23191,-1.84473],[30.23153,-1.84471],[30.22956,-1.8442],[30.22888,-1.84396],[30.22778,-1.84377],[30.22613,-1.84337],[30.22478,-1.84293],[30.22353,-1.84266],[30.22298,-1.84264],[30.22161,-1.8423],[30.22056,-1.8432],[30.22054,-1.84347],[30.22038,-1.84364],[30.21946,-1.84428],[30.21905,-1.84471],[30.21873,-1.84519],[30.21861,-1.84549],[30.21862,-1.84591],[30.21861,-1.84613],[30.21839,-1.84652],[30.21838,-1.84659],[30.21758,-1.84877],[30.21746,-1.84934],[30.21748,-1.85025],[30.21743,-1.85042],[30.21721,-1.85099],[30.217,-1.85124],[30.21687,-1.85166],[30.21687,-1.85198],[30.21699,-1.85231],[30.217,-1.85243],[30.21693,-1.85353],[30.21698,-1.85402],[30.21729,-1.85476],[30.21751,-1.8557],[30.21741,-1.85676],[30.21624,-1.85809],[30.21592,-1.85849],[30.21516,-1.85915],[30.21476,-1.85985],[30.214,-1.86076],[30.21239,-1.86232],[30.21227,-1.86222],[30.21209,-1.862],[30.21203,-1.86184],[30.21202,-1.86173],[30.21114,-1.86171],[30.21074,-1.86168],[30.21062,-1.86168],[30.21056,-1.86169],[30.21089,-1.86241],[30.21091,-1.8624],[30.21092,-1.86241],[30.21098,-1.86255],[30.21114,-1.86299],[30.2113,-1.86351],[30.21141,-1.86379],[30.21149,-1.86408],[30.21159,-1.86425],[30.21186,-1.86461],[30.21218,-1.86496],[30.21269,-1.86548],[30.21272,-1.8656],[30.21269,-1.86571],[30.21259,-1.86584],[30.2125,-1.866],[30.21233,-1.86624],[30.21215,-1.86652],[30.21201,-1.86671],[30.21196,-1.86683],[30.21194,-1.86695],[30.21195,-1.8672],[30.21196,-1.86738],[30.21192,-1.86796],[30.21195,-1.86835],[30.21198,-1.86894],[30.21203,-1.86921],[30.21205,-1.86931],[30.21207,-1.86946],[30.21215,-1.86974],[30.21231,-1.87018],[30.21262,-1.87093],[30.21281,-1.8713],[30.21309,-1.87178],[30.21357,-1.87242],[30.21369,-1.87254],[30.21427,-1.87304],[30.21445,-1.87317],[30.2155,-1.87377],[30.21663,-1.87452],[30.2171,-1.87486],[30.21755,-1.87524],[30.21789,-1.87558],[30.21823,-1.87604],[30.21826,-1.87614],[30.21841,-1.8764],[30.21843,-1.87641],[30.21845,-1.87646],[30.21847,-1.87647],[30.2185,-1.8765],[30.21893,-1.87696],[30.21912,-1.87684],[30.21914,-1.87684],[30.21915,-1.87683],[30.21921,-1.87679],[30.21922,-1.87677],[30.21925,-1.87678],[30.21927,-1.87673],[30.21959,-1.87633],[30.21968,-1.87567],[30.21974,-1.87534],[30.21972,-1.87533],[30.21976,-1.87526],[30.21978,-1.87518],[30.21978,-1.87503],[30.21988,-1.87477],[30.21993,-1.87454],[30.2201,-1.874],[30.22044,-1.87305],[30.22056,-1.87307],[30.2206,-1.87292],[30.22055,-1.8729],[30.22058,-1.87284],[30.22065,-1.87271],[30.22073,-1.87242],[30.22081,-1.87229],[30.22095,-1.87194],[30.22105,-1.87181],[30.22115,-1.8716],[30.22128,-1.87143],[30.22129,-1.87137],[30.22139,-1.87115],[30.22136,-1.87112],[30.22133,-1.87113],[30.22146,-1.87091],[30.22171,-1.87057],[30.22199,-1.87027],[30.22249,-1.86986],[30.22253,-1.8698],[30.22286,-1.86954],[30.22293,-1.8695],[30.22332,-1.86921],[30.2235,-1.86894],[30.22363,-1.86883],[30.22376,-1.86865],[30.22385,-1.86859],[30.224,-1.86843],[30.22403,-1.86838],[30.22403,-1.86835],[30.22416,-1.86821],[30.22418,-1.86819],[30.2242,-1.86807],[30.22423,-1.868],[30.22436,-1.86767],[30.22435,-1.86748],[30.22448,-1.86694],[30.22449,-1.86678],[30.22449,-1.86651],[30.22458,-1.86643],[30.22469,-1.86629],[30.2247,-1.86623],[30.22472,-1.86621],[30.22495,-1.86619],[30.225,-1.86628],[30.22504,-1.86631],[30.2251,-1.8663],[30.22515,-1.86627],[30.22525,-1.86631],[30.22548,-1.86626],[30.22549,-1.86607],[30.22558,-1.86585],[30.2259,-1.86555],[30.22644,-1.86522],[30.2275,-1.86468],[30.22765,-1.86466],[30.22782,-1.86472],[30.22796,-1.86465],[30.22811,-1.86463],[30.22828,-1.86464],[30.22844,-1.8646],[30.22854,-1.86454],[30.22864,-1.86451],[30.22878,-1.86449],[30.229,-1.86451],[30.22915,-1.86447],[30.22928,-1.86441],[30.22966,-1.8643],[30.22975,-1.86421],[30.22983,-1.86415],[30.22988,-1.86414],[30.23002,-1.86407],[30.23008,-1.86394],[30.23029,-1.86396],[30.23041,-1.86402],[30.23072,-1.86401],[30.2316,-1.86412],[30.23207,-1.86397],[30.23212,-1.86393],[30.23288,-1.86383],[30.23309,-1.86371],[30.23322,-1.8634],[30.23328,-1.86294],[30.23327,-1.86139],[30.23354,-1.85999],[30.23367,-1.8593],[30.23371,-1.85832],[30.23363,-1.85769],[30.23376,-1.85691],[30.2342,-1.85596],[30.23434,-1.85582],[30.23446,-1.85546],[30.23453,-1.85522],[30.23561,-1.85381],[30.2359,-1.85337],[30.23602,-1.85304],[30.2363,-1.85191],[30.23649,-1.84998],[30.23653,-1.84845],[30.23692,-1.84684],[30.23736,-1.84603],[30.23693,-1.84583],[30.2364,-1.84571],[30.23554,-1.84579],[30.23364,-1.84515]]]}},{"type":"Feature","properties":{"d":"Gasabo","s":"Rusororo","c":"Gasagara"},"geometry":{"type":"Polygon","coordinates":[[[30.2315,-1.8998],[30.23124,-1.89954],[30.23089,-1.89903],[30.2303,-1.89861],[30.23008,-1.89844],[30.23011,-1.89802],[30.22973,-1.89793],[30.22884,-1.89873],[30.22826,-1.89975],[30.22821,-1.89999],[30.2285,-1.90144],[30.22847,-1.90205],[30.22845,-1.9021],[30.2285,-1.90218],[30.2286,-1.90248],[30.22899,-1.90252],[30.22918,-1.9026],[30.22914,-1.90271],[30.22915,-1.90291],[30.22918,-1.90306],[30.22932,-1.90352],[30.22939,-1.90397],[30.2293,-1.90396],[30.22924,-1.90401],[30.22928,-1.90409],[30.22928,-1.90417],[30.22925,-1.90443],[30.22903,-1.90501],[30.22901,-1.90512],[30.22911,-1.90538],[30.22922,-1.9055],[30.22927,-1.90552],[30.22929,-1.90556],[30.22929,-1.90573],[30.22934,-1.90613],[30.22949,-1.90639],[30.22958,-1.90678],[30.2297,-1.90704],[30.22982,-1.90739],[30.22992,-1.90752],[30.22989,-1.9077],[30.2299,-1.90795],[30.22987,-1.90805],[30.22988,-1.90825],[30.22986,-1.90836],[30.22988,-1.90848],[30.22997,-1.90861],[30.23,-1.90872],[30.23002,-1.90891],[30.23002,-1.90919],[30.23005,-1.90952],[30.23007,-1.90962],[30.23011,-1.90959],[30.23026,-1.90984],[30.23032,-1.91004],[30.23039,-1.91013],[30.23069,-1.91068],[30.23103,-1.9111],[30.23125,-1.91142],[30.23148,-1.91178],[30.23149,-1.91177],[30.23163,-1.91215],[30.23165,-1.91226],[30.23173,-1.91261],[30.23174,-1.91272],[30.23173,-1.9128],[30.23174,-1.91285],[30.23181,-1.913],[30.23186,-1.91308],[30.23187,-1.91313],[30.23187,-1.91316],[30.23178,-1.91337],[30.23176,-1.91358],[30.23172,-1.91369],[30.2317,-1.91379],[30.23174,-1.91385],[30.23179,-1.91396],[30.232,-1.91397],[30.23214,-1.914],[30.23253,-1.91419],[30.23252,-1.91419],[30.23206,-1.91489],[30.23188,-1.91512],[30.23143,-1.91578],[30.23128,-1.91609],[30.2311,-1.91637],[30.23093,-1.91671],[30.2308,-1.91692],[30.23073,-1.9171],[30.23055,-1.91752],[30.23053,-1.91768],[30.23049,-1.91849],[30.23046,-1.91974],[30.23044,-1.91986],[30.23012,-1.92109],[30.22964,-1.9225],[30.22928,-1.92344],[30.22909,-1.92415],[30.22956,-1.92559],[30.22963,-1.92603],[30.22994,-1.92682],[30.23038,-1.929],[30.23049,-1.92956],[30.2307,-1.931],[30.23116,-1.93229],[30.23179,-1.93314],[30.2325,-1.93386],[30.23267,-1.93403],[30.23418,-1.93613],[30.23626,-1.9375],[30.23704,-1.93858],[30.23731,-1.93908],[30.23757,-1.93896],[30.23942,-1.93914],[30.24069,-1.93822],[30.24083,-1.93814],[30.2414,-1.93771],[30.24209,-1.9371],[30.24228,-1.93691],[30.24272,-1.9365],[30.24294,-1.93627],[30.24303,-1.93613],[30.24307,-1.93602],[30.24307,-1.936],[30.24302,-1.93599],[30.24313,-1.9356],[30.24314,-1.93556],[30.2433,-1.93532],[30.24368,-1.93498],[30.24388,-1.93478],[30.24389,-1.93478],[30.24476,-1.93388],[30.24523,-1.93366],[30.24618,-1.9327],[30.2465,-1.93228],[30.2466,-1.93221],[30.24681,-1.93203],[30.24694,-1.93189],[30.24719,-1.93166],[30.24781,-1.93131],[30.24781,-1.93118],[30.2478,-1.9307],[30.24773,-1.93019],[30.24775,-1.93018],[30.24772,-1.93014],[30.24765,-1.92963],[30.24764,-1.92916],[30.24771,-1.92899],[30.24711,-1.92914],[30.24699,-1.9292],[30.24713,-1.92892],[30.24722,-1.92837],[30.24727,-1.92787],[30.24728,-1.92715],[30.24737,-1.92589],[30.24738,-1.92562],[30.24735,-1.92514],[30.24738,-1.92482],[30.24737,-1.92429],[30.24766,-1.92346],[30.24791,-1.92285],[30.24815,-1.92216],[30.24813,-1.92137],[30.24811,-1.92124],[30.24802,-1.9205],[30.24795,-1.92024],[30.24794,-1.92006],[30.24809,-1.92],[30.24848,-1.91974],[30.24848,-1.91953],[30.2486,-1.91923],[30.24876,-1.919],[30.24881,-1.91892],[30.24879,-1.91876],[30.24868,-1.91845],[30.24857,-1.91809],[30.24852,-1.91785],[30.2484,-1.91739],[30.24832,-1.91728],[30.24832,-1.91722],[30.24727,-1.91662],[30.24687,-1.91603],[30.24636,-1.91575],[30.24624,-1.91551],[30.24697,-1.91507],[30.24724,-1.91495],[30.24755,-1.91489],[30.24782,-1.9149],[30.24826,-1.91422],[30.24836,-1.91394],[30.24841,-1.91386],[30.24828,-1.91377],[30.24824,-1.91362],[30.24822,-1.91363],[30.24813,-1.91367],[30.248,-1.91369],[30.24777,-1.91366],[30.24743,-1.91345],[30.2472,-1.91323],[30.24717,-1.91308],[30.24719,-1.91297],[30.24718,-1.91287],[30.24671,-1.91278],[30.24619,-1.91257],[30.24593,-1.91237],[30.24564,-1.91222],[30.24555,-1.91213],[30.24588,-1.91215],[30.24603,-1.91219],[30.24625,-1.91215],[30.24648,-1.9119],[30.24623,-1.91165],[30.2453,-1.91111],[30.24494,-1.91077],[30.24337,-1.90904],[30.24305,-1.90834],[30.24146,-1.90635],[30.24077,-1.90597],[30.24042,-1.90558],[30.24011,-1.90483],[30.23937,-1.90448],[30.23934,-1.9044],[30.23833,-1.9041],[30.23756,-1.90361],[30.23715,-1.90334],[30.23611,-1.90315],[30.23525,-1.90269],[30.23419,-1.90244],[30.23406,-1.90251],[30.23403,-1.90171],[30.23413,-1.90113],[30.23397,-1.90053],[30.23284,-1.89999],[30.2322,-1.89994],[30.23186,-1.89994],[30.2315,-1.8998]]]}},{"type":"Feature","properties":{"d":"Gasabo","s":"Nduba","c":"Gasanze"},"geometry":{"type":"Polygon","coordinates":[[[30.09745,-1.87113],[30.09739,-1.87112],[30.09734,-1.87116],[30.09719,-1.87115],[30.09694,-1.87118],[30.09653,-1.87128],[30.09614,-1.87142],[30.09608,-1.87146],[30.09554,-1.87174],[30.09534,-1.87149],[30.09527,-1.87159],[30.09526,-1.87158],[30.09495,-1.87213],[30.09414,-1.87276],[30.0939,-1.87308],[30.09379,-1.87383],[30.09366,-1.87404],[30.09341,-1.87417],[30.09319,-1.87422],[30.09306,-1.87429],[30.09287,-1.8745],[30.09267,-1.8748],[30.09242,-1.87522],[30.09213,-1.87582],[30.09205,-1.87596],[30.09191,-1.87619],[30.0915,-1.87651],[30.09103,-1.87679],[30.09074,-1.87695],[30.08989,-1.87722],[30.08971,-1.87724],[30.08926,-1.8773],[30.08834,-1.87699],[30.08834,-1.87696],[30.08813,-1.8769],[30.08813,-1.87696],[30.08819,-1.87713],[30.08832,-1.87753],[30.08888,-1.87949],[30.089,-1.87981],[30.08917,-1.88013],[30.08926,-1.88024],[30.08942,-1.88038],[30.08946,-1.88043],[30.08941,-1.88044],[30.0892,-1.88044],[30.08905,-1.88042],[30.08847,-1.88021],[30.08851,-1.88025],[30.08752,-1.88022],[30.08718,-1.88009],[30.08705,-1.88011],[30.08675,-1.87996],[30.08662,-1.88],[30.08646,-1.8799],[30.08563,-1.87985],[30.08454,-1.87956],[30.0842,-1.87934],[30.08411,-1.87938],[30.08295,-1.87902],[30.08191,-1.8785],[30.08152,-1.87899],[30.08139,-1.87912],[30.08081,-1.87989],[30.08044,-1.88044],[30.08025,-1.88066],[30.0802,-1.88078],[30.0801,-1.88088],[30.07998,-1.88095],[30.07995,-1.88099],[30.07991,-1.8811],[30.07968,-1.88129],[30.07958,-1.88134],[30.07951,-1.88143],[30.07929,-1.88161],[30.07915,-1.88172],[30.07903,-1.88178],[30.07893,-1.88186],[30.0787,-1.88211],[30.07834,-1.88239],[30.07778,-1.8829],[30.07735,-1.88325],[30.07688,-1.88367],[30.07678,-1.88385],[30.07661,-1.88408],[30.07653,-1.88417],[30.07612,-1.88479],[30.07599,-1.88484],[30.07593,-1.88497],[30.07482,-1.88658],[30.07355,-1.88827],[30.07356,-1.88831],[30.07351,-1.88843],[30.07347,-1.88849],[30.07328,-1.88871],[30.07322,-1.88882],[30.07292,-1.88916],[30.07285,-1.88929],[30.07258,-1.88958],[30.07239,-1.88985],[30.07231,-1.88994],[30.07224,-1.89007],[30.07212,-1.89022],[30.07198,-1.89037],[30.07185,-1.89048],[30.0717,-1.89069],[30.07116,-1.89127],[30.07123,-1.89143],[30.07121,-1.89144],[30.07128,-1.89147],[30.07148,-1.89186],[30.07161,-1.892],[30.07189,-1.89221],[30.07219,-1.89246],[30.07231,-1.89252],[30.07247,-1.89242],[30.07309,-1.89211],[30.07334,-1.89203],[30.07337,-1.89204],[30.07343,-1.89203],[30.07348,-1.89191],[30.07354,-1.89186],[30.07463,-1.89178],[30.07497,-1.89179],[30.07531,-1.8917],[30.07544,-1.89163],[30.07568,-1.89155],[30.07578,-1.8915],[30.07607,-1.89146],[30.0768,-1.89126],[30.07716,-1.89114],[30.07745,-1.89099],[30.07783,-1.89075],[30.07808,-1.89045],[30.07843,-1.89021],[30.07951,-1.88963],[30.08004,-1.88942],[30.08042,-1.88933],[30.08067,-1.88929],[30.08118,-1.88932],[30.08133,-1.8893],[30.08145,-1.88923],[30.08164,-1.88923],[30.0817,-1.88919],[30.0828,-1.88884],[30.08327,-1.88872],[30.08402,-1.88861],[30.08457,-1.88852],[30.08487,-1.88864],[30.08563,-1.88906],[30.08646,-1.88947],[30.08678,-1.88969],[30.08818,-1.89081],[30.08818,-1.89082],[30.08819,-1.89082],[30.08819,-1.89083],[30.08823,-1.89086],[30.08955,-1.89191],[30.09409,-1.89031],[30.09441,-1.89012],[30.09533,-1.88957],[30.09612,-1.88919],[30.09865,-1.88815],[30.09901,-1.8881],[30.10185,-1.88876],[30.10334,-1.88891],[30.10563,-1.88968],[30.10597,-1.88985],[30.10629,-1.88999],[30.10671,-1.89017],[30.10747,-1.8906],[30.10772,-1.89073],[30.10953,-1.89079],[30.11004,-1.89069],[30.11076,-1.89031],[30.1121,-1.88977],[30.11246,-1.88969],[30.11293,-1.88955],[30.11308,-1.88946],[30.11389,-1.8885],[30.11436,-1.88822],[30.11623,-1.88719],[30.11655,-1.88719],[30.11712,-1.887],[30.11783,-1.8866],[30.11903,-1.88627],[30.11939,-1.88606],[30.11982,-1.88554],[30.12037,-1.88517],[30.12066,-1.88486],[30.12051,-1.88419],[30.12019,-1.88374],[30.11996,-1.88347],[30.11995,-1.88348],[30.11924,-1.88394],[30.11865,-1.88413],[30.11634,-1.88409],[30.11529,-1.88406],[30.11504,-1.88424],[30.11472,-1.88427],[30.11463,-1.88412],[30.11464,-1.88397],[30.11385,-1.88372],[30.11308,-1.88323],[30.11274,-1.88279],[30.11252,-1.88249],[30.11247,-1.88239],[30.11233,-1.88253],[30.11208,-1.88275],[30.1112,-1.88262],[30.11083,-1.88245],[30.11109,-1.88177],[30.11078,-1.88151],[30.11025,-1.88032],[30.10984,-1.8801],[30.11003,-1.87981],[30.10935,-1.87979],[30.1089,-1.87998],[30.10877,-1.87992],[30.10878,-1.87989],[30.10858,-1.88002],[30.10821,-1.8804],[30.10782,-1.88023],[30.10774,-1.88013],[30.10763,-1.88004],[30.10742,-1.87997],[30.10717,-1.87964],[30.10706,-1.87955],[30.10699,-1.87952],[30.1067,-1.87936],[30.10661,-1.87916],[30.10653,-1.87892],[30.10644,-1.87851],[30.10642,-1.8782],[30.10649,-1.87819],[30.10666,-1.87762],[30.10679,-1.87733],[30.10698,-1.87723],[30.10739,-1.87724],[30.10738,-1.87716],[30.10799,-1.87693],[30.10767,-1.87635],[30.10674,-1.87564],[30.10562,-1.87651],[30.10459,-1.87641],[30.10395,-1.87566],[30.1036,-1.87592],[30.10329,-1.87612],[30.10307,-1.87633],[30.10291,-1.87652],[30.1027,-1.87672],[30.10229,-1.87646],[30.1025,-1.87619],[30.10225,-1.87583],[30.10206,-1.8759],[30.10147,-1.87634],[30.1015,-1.87617],[30.1014,-1.87615],[30.10127,-1.87608],[30.10132,-1.87594],[30.10128,-1.8759],[30.10131,-1.87586],[30.10149,-1.87541],[30.1017,-1.87504],[30.1017,-1.87497],[30.1015,-1.87504],[30.10132,-1.87508],[30.10101,-1.87487],[30.10082,-1.87477],[30.10072,-1.87474],[30.10053,-1.87475],[30.10035,-1.87479],[30.10021,-1.87491],[30.09994,-1.87459],[30.09989,-1.8745],[30.09989,-1.87439],[30.0999,-1.87438],[30.09993,-1.87426],[30.10002,-1.87405],[30.10011,-1.87391],[30.09994,-1.87391],[30.0992,-1.87336],[30.09915,-1.87326],[30.09886,-1.87271],[30.0985,-1.8725],[30.09818,-1.87186],[30.09788,-1.87156],[30.09749,-1.87119],[30.09747,-1.87118],[30.09745,-1.87113]]]}},{"type":"Feature","properties":{"d":"Nyarugenge","s":"Nyamirambo","c":"Gasharu"},"geometry":{"type":"Polygon","coordinates":[[[30.03395,-1.9954],[30.03376,-1.99537],[30.03347,-1.99527],[30.0334,-1.99527],[30.03334,-1.99525],[30.03313,-1.99522],[30.03311,-1.99512],[30.03302,-1.99548],[30.03224,-1.99536],[30.03209,-1.99536],[30.03138,-1.99528],[30.03136,-1.9957],[30.03137,-1.99595],[30.03145,-1.9967],[30.03156,-1.9981],[30.03158,-1.99914],[30.03154,-2.00016],[30.0314,-2.00054],[30.03122,-2.00097],[30.03115,-2.00131],[30.03117,-2.00151],[30.03115,-2.00159],[30.03122,-2.00208],[30.03124,-2.00207],[30.03126,-2.00213],[30.03124,-2.00213],[30.03169,-2.00296],[30.03189,-2.00305],[30.03199,-2.00312],[30.0321,-2.00314],[30.03221,-2.00319],[30.0321,-2.00331],[30.03202,-2.0037],[30.03179,-2.00421],[30.03164,-2.00487],[30.03106,-2.00613],[30.03114,-2.00608],[30.03117,-2.00616],[30.03117,-2.0062],[30.0312,-2.00624],[30.03141,-2.00681],[30.03151,-2.00699],[30.03173,-2.00712],[30.03189,-2.00755],[30.03226,-2.00792],[30.03228,-2.00799],[30.03228,-2.00801],[30.03264,-2.00982],[30.03316,-2.01172],[30.03363,-2.0123],[30.03424,-2.01306],[30.0343,-2.01348],[30.03456,-2.01379],[30.03457,-2.01392],[30.0346,-2.01402],[30.0348,-2.01481],[30.03492,-2.0152],[30.03493,-2.01521],[30.03542,-2.01557],[30.03555,-2.01617],[30.03559,-2.01611],[30.03576,-2.01582],[30.03594,-2.01563],[30.03609,-2.01552],[30.03672,-2.01513],[30.03694,-2.01497],[30.03784,-2.01523],[30.03803,-2.01541],[30.03818,-2.01534],[30.03831,-2.01529],[30.03839,-2.0153],[30.04022,-2.01461],[30.04032,-2.01462],[30.04032,-2.0146],[30.04039,-2.01462],[30.0407,-2.01464],[30.04075,-2.01458],[30.04121,-2.01463],[30.04172,-2.0144],[30.04182,-2.01432],[30.04238,-2.01386],[30.04307,-2.01306],[30.04325,-2.01291],[30.04366,-2.01242],[30.04347,-2.0121],[30.04334,-2.01182],[30.04418,-2.0109],[30.04494,-2.00971],[30.04537,-2.00898],[30.04575,-2.00812],[30.046,-2.00793],[30.04614,-2.00775],[30.04623,-2.00751],[30.0462,-2.00734],[30.04622,-2.0071],[30.04636,-2.00702],[30.04637,-2.00694],[30.04638,-2.00686],[30.04655,-2.00631],[30.04658,-2.00544],[30.0467,-2.00517],[30.04685,-2.00501],[30.04719,-2.00458],[30.04736,-2.00426],[30.0477,-2.00405],[30.04746,-2.00379],[30.04769,-2.00353],[30.04771,-2.00346],[30.04763,-2.00342],[30.04776,-2.0031],[30.04741,-2.00278],[30.04738,-2.0022],[30.04739,-2.00187],[30.04737,-2.00178],[30.04707,-2.0014],[30.04693,-2.00122],[30.04688,-2.00114],[30.04666,-2.00065],[30.04629,-2.00028],[30.04616,-2.00016],[30.04586,-1.99984],[30.04561,-1.99957],[30.04523,-1.99929],[30.04492,-1.99915],[30.04464,-1.99892],[30.04464,-1.99896],[30.04453,-1.99891],[30.04425,-1.99872],[30.04421,-1.99865],[30.04417,-1.99867],[30.04407,-1.99861],[30.04399,-1.9986],[30.04335,-1.99846],[30.04338,-1.99846],[30.04306,-1.99833],[30.04269,-1.99824],[30.04229,-1.99807],[30.04208,-1.99796],[30.04178,-1.99794],[30.04172,-1.99796],[30.0416,-1.99795],[30.04151,-1.99792],[30.04118,-1.99766],[30.04061,-1.99738],[30.04033,-1.99721],[30.03998,-1.99703],[30.03984,-1.99702],[30.03901,-1.99696],[30.03879,-1.99693],[30.03868,-1.99689],[30.03868,-1.99688],[30.03865,-1.99686],[30.03864,-1.99685],[30.03846,-1.99681],[30.03843,-1.99676],[30.03832,-1.99672],[30.03828,-1.99678],[30.03825,-1.99677],[30.03794,-1.99668],[30.0379,-1.99669],[30.03782,-1.99665],[30.03772,-1.99664],[30.03769,-1.99663],[30.03767,-1.9966],[30.03757,-1.99659],[30.03757,-1.99673],[30.03736,-1.9967],[30.03736,-1.99667],[30.03722,-1.99665],[30.03717,-1.99666],[30.03698,-1.99667],[30.03697,-1.99663],[30.03689,-1.99654],[30.03684,-1.99657],[30.03677,-1.99653],[30.03677,-1.99646],[30.03674,-1.99645],[30.03633,-1.99642],[30.0363,-1.99647],[30.03612,-1.99643],[30.03585,-1.99636],[30.03576,-1.99631],[30.03551,-1.99625],[30.03524,-1.99614],[30.03483,-1.99604],[30.03479,-1.99603],[30.03476,-1.99597],[30.03465,-1.99594],[30.03457,-1.99592],[30.0346,-1.99581],[30.03457,-1.99577],[30.03448,-1.99572],[30.03437,-1.99569],[30.03433,-1.9957],[30.0343,-1.99587],[30.03429,-1.99585],[30.03421,-1.99584],[30.03418,-1.99586],[30.03391,-1.99583],[30.03395,-1.9954]]]}},{"type":"Feature","properties":{"d":"Gasabo","s":"Kinyinya","c":"Gasharu"},"geometry":{"type":"Polygon","coordinates":[[[30.11359,-1.89271],[30.11329,-1.89251],[30.11272,-1.89236],[30.11061,-1.8921],[30.10999,-1.89187],[30.10995,-1.89186],[30.10996,-1.89185],[30.10991,-1.89185],[30.10909,-1.89155],[30.10772,-1.89073],[30.10747,-1.8906],[30.10671,-1.89017],[30.10629,-1.88999],[30.10597,-1.88985],[30.10563,-1.88968],[30.10334,-1.88891],[30.10185,-1.88876],[30.09901,-1.8881],[30.09865,-1.88815],[30.09612,-1.88919],[30.09533,-1.88957],[30.09441,-1.89012],[30.09409,-1.89031],[30.08955,-1.89191],[30.0912,-1.89324],[30.09209,-1.89376],[30.09267,-1.89413],[30.09357,-1.89464],[30.09542,-1.89601],[30.09602,-1.8963],[30.09635,-1.8963],[30.09732,-1.89671],[30.09769,-1.89687],[30.10009,-1.89856],[30.10065,-1.89887],[30.10152,-1.89954],[30.10153,-1.89953],[30.10155,-1.89955],[30.10275,-1.90065],[30.1034,-1.90126],[30.1036,-1.90152],[30.10462,-1.90264],[30.10511,-1.90314],[30.10569,-1.90369],[30.10556,-1.90385],[30.10637,-1.90449],[30.10707,-1.90499],[30.10753,-1.90541],[30.10844,-1.90579],[30.10874,-1.90587],[30.10909,-1.90593],[30.10911,-1.90594],[30.1091,-1.90596],[30.10887,-1.90707],[30.10866,-1.90764],[30.10859,-1.9079],[30.10852,-1.90803],[30.1085,-1.90805],[30.10846,-1.90805],[30.10832,-1.90799],[30.10831,-1.90801],[30.10833,-1.90811],[30.10831,-1.90819],[30.10826,-1.90827],[30.10827,-1.90837],[30.10824,-1.90847],[30.10822,-1.90854],[30.10815,-1.90878],[30.10812,-1.90881],[30.10792,-1.90904],[30.10781,-1.90913],[30.10772,-1.90931],[30.10782,-1.90961],[30.10779,-1.90982],[30.10777,-1.90986],[30.10761,-1.91012],[30.10734,-1.91044],[30.10711,-1.91075],[30.1069,-1.91093],[30.10683,-1.91099],[30.10678,-1.91117],[30.10681,-1.9113],[30.10687,-1.91144],[30.10675,-1.91231],[30.10737,-1.9127],[30.10864,-1.91342],[30.10895,-1.91359],[30.10917,-1.91372],[30.10921,-1.91369],[30.10962,-1.91345],[30.10961,-1.9135],[30.10969,-1.91382],[30.11016,-1.91392],[30.11053,-1.91405],[30.11069,-1.91408],[30.1107,-1.91417],[30.11161,-1.91441],[30.11304,-1.91509],[30.11365,-1.91551],[30.11376,-1.91545],[30.11424,-1.91515],[30.11451,-1.91503],[30.11509,-1.91488],[30.11563,-1.91479],[30.11605,-1.91469],[30.11615,-1.91461],[30.11628,-1.91446],[30.11635,-1.91437],[30.11644,-1.91405],[30.11641,-1.9138],[30.11759,-1.91346],[30.11833,-1.91322],[30.11988,-1.91265],[30.12043,-1.91243],[30.122,-1.91169],[30.1225,-1.91149],[30.12276,-1.91131],[30.12385,-1.91036],[30.12441,-1.90978],[30.12459,-1.90963],[30.12509,-1.90931],[30.1254,-1.90908],[30.12592,-1.90859],[30.12637,-1.90803],[30.12722,-1.90697],[30.12754,-1.90667],[30.1281,-1.90623],[30.12836,-1.906],[30.12816,-1.90587],[30.128,-1.90571],[30.12781,-1.90565],[30.12754,-1.90553],[30.12732,-1.90551],[30.12691,-1.90482],[30.12674,-1.9046],[30.12669,-1.90449],[30.12669,-1.90445],[30.1265,-1.90412],[30.12645,-1.90414],[30.12636,-1.9039],[30.12627,-1.90375],[30.12622,-1.90362],[30.12608,-1.90338],[30.12597,-1.9033],[30.12587,-1.90321],[30.1258,-1.90317],[30.12553,-1.9031],[30.12522,-1.90308],[30.12503,-1.90311],[30.12468,-1.90338],[30.12454,-1.90356],[30.124,-1.90353],[30.12374,-1.90325],[30.12301,-1.90246],[30.12263,-1.9023],[30.12212,-1.90207],[30.12208,-1.90205],[30.12191,-1.90198],[30.11978,-1.90222],[30.1171,-1.90216],[30.11771,-1.9017],[30.1197,-1.89986],[30.12031,-1.89879],[30.1204,-1.89815],[30.12063,-1.89792],[30.12067,-1.89789],[30.12068,-1.8978],[30.12036,-1.89728],[30.11945,-1.89625],[30.11973,-1.89623],[30.11955,-1.89613],[30.11941,-1.89602],[30.11928,-1.89583],[30.11925,-1.89574],[30.11892,-1.89582],[30.11885,-1.89583],[30.11882,-1.89582],[30.11871,-1.8957],[30.1186,-1.8956],[30.11802,-1.89513],[30.11751,-1.89454],[30.11746,-1.89451],[30.11756,-1.89446],[30.11747,-1.89427],[30.11743,-1.89416],[30.11741,-1.89401],[30.11735,-1.89392],[30.11734,-1.89387],[30.11732,-1.89359],[30.11722,-1.89348],[30.11714,-1.89342],[30.11703,-1.8933],[30.11684,-1.89313],[30.11674,-1.89298],[30.11609,-1.89276],[30.11595,-1.89273],[30.11549,-1.89271],[30.11525,-1.89272],[30.11506,-1.89275],[30.11495,-1.89284],[30.11479,-1.89308],[30.11359,-1.89271]]]}},{"type":"Feature","properties":{"d":"Kicukiro","s":"Kicukiro","c":"Gasharu"},"geometry":{"type":"Polygon","coordinates":[[[30.10298,-1.96867],[30.10295,-1.96846],[30.10291,-1.96803],[30.10285,-1.9678],[30.10277,-1.96768],[30.10261,-1.9676],[30.10275,-1.96757],[30.10282,-1.96746],[30.10279,-1.96715],[30.10277,-1.96703],[30.10283,-1.9668],[30.10276,-1.96698],[30.10224,-1.96769],[30.10197,-1.96791],[30.10164,-1.96829],[30.10124,-1.96867],[30.10099,-1.96883],[30.10068,-1.96894],[30.10034,-1.969],[30.09951,-1.96901],[30.09852,-1.96898],[30.09781,-1.96891],[30.09739,-1.96884],[30.09728,-1.96882],[30.09709,-1.96879],[30.0942,-1.96808],[30.09167,-1.96747],[30.09058,-1.9671],[30.09001,-1.96696],[30.08966,-1.96696],[30.08951,-1.967],[30.08925,-1.96715],[30.08902,-1.96742],[30.08877,-1.96817],[30.0886,-1.96848],[30.08952,-1.96859],[30.08962,-1.96799],[30.09125,-1.96834],[30.09116,-1.96885],[30.09114,-1.96884],[30.09113,-1.96889],[30.09109,-1.96924],[30.0911,-1.96925],[30.09152,-1.96931],[30.09172,-1.96954],[30.09306,-1.96975],[30.09425,-1.96997],[30.09629,-1.97037],[30.0967,-1.97062],[30.0974,-1.97108],[30.09775,-1.97136],[30.09825,-1.97166],[30.09866,-1.97182],[30.09926,-1.97189],[30.09978,-1.97191],[30.10056,-1.97181],[30.10159,-1.9717],[30.10174,-1.97165],[30.10191,-1.97165],[30.10273,-1.97152],[30.10297,-1.97151],[30.10317,-1.97148],[30.10353,-1.97149],[30.10338,-1.97031],[30.10298,-1.96867]]]}},{"type":"Feature","properties":{"d":"Gasabo","s":"Nduba","c":"Gasura"},"geometry":{"type":"Polygon","coordinates":[[[30.11936,-1.81966],[30.11882,-1.81909],[30.11776,-1.81992],[30.1173,-1.82004],[30.11704,-1.82006],[30.11665,-1.82004],[30.11641,-1.82006],[30.11633,-1.82008],[30.11595,-1.82005],[30.11571,-1.82008],[30.11546,-1.82018],[30.11501,-1.82043],[30.11489,-1.82047],[30.11476,-1.82055],[30.11387,-1.82074],[30.1132,-1.8205],[30.1123,-1.82008],[30.11164,-1.81975],[30.1114,-1.81965],[30.11117,-1.81957],[30.11063,-1.82074],[30.10956,-1.8218],[30.10959,-1.82183],[30.10954,-1.82206],[30.10913,-1.82258],[30.10914,-1.82262],[30.10906,-1.82273],[30.10905,-1.82282],[30.10893,-1.82331],[30.1089,-1.82348],[30.10883,-1.82369],[30.10879,-1.82375],[30.10872,-1.82395],[30.1087,-1.82408],[30.1087,-1.82424],[30.10866,-1.82449],[30.10864,-1.82476],[30.10868,-1.82544],[30.10867,-1.82556],[30.10863,-1.82568],[30.10863,-1.82584],[30.10864,-1.82597],[30.10862,-1.82626],[30.10859,-1.82639],[30.10859,-1.82646],[30.10855,-1.82659],[30.10851,-1.8268],[30.10845,-1.82698],[30.10828,-1.82737],[30.10829,-1.82763],[30.10819,-1.82809],[30.10819,-1.82844],[30.10825,-1.82862],[30.10831,-1.82874],[30.10827,-1.82882],[30.10821,-1.8289],[30.10807,-1.82903],[30.10794,-1.8291],[30.10791,-1.8291],[30.10778,-1.82916],[30.10772,-1.8292],[30.10764,-1.82929],[30.1076,-1.82938],[30.10761,-1.82945],[30.1076,-1.82955],[30.10748,-1.82982],[30.10741,-1.83006],[30.10736,-1.8304],[30.10729,-1.83026],[30.10727,-1.83024],[30.10717,-1.83031],[30.107,-1.83008],[30.10671,-1.82961],[30.10662,-1.82937],[30.1065,-1.82939],[30.10634,-1.82944],[30.10626,-1.82944],[30.10624,-1.82945],[30.10618,-1.82944],[30.10611,-1.8294],[30.10568,-1.82956],[30.10544,-1.8296],[30.10514,-1.8298],[30.10467,-1.83003],[30.10461,-1.83007],[30.10435,-1.82959],[30.10409,-1.82974],[30.10377,-1.82997],[30.1036,-1.83006],[30.10339,-1.83015],[30.10321,-1.83026],[30.10315,-1.83032],[30.10278,-1.83075],[30.10268,-1.83098],[30.10267,-1.83103],[30.10269,-1.83108],[30.10256,-1.8313],[30.1025,-1.8317],[30.10239,-1.83194],[30.10237,-1.83201],[30.10235,-1.83256],[30.10232,-1.83281],[30.10229,-1.83289],[30.10205,-1.83332],[30.10143,-1.83413],[30.10118,-1.83454],[30.101,-1.83478],[30.10059,-1.8354],[30.10027,-1.83591],[30.09998,-1.83618],[30.09976,-1.83632],[30.09956,-1.8365],[30.09948,-1.83671],[30.09934,-1.83693],[30.0992,-1.83723],[30.09918,-1.83721],[30.09896,-1.83751],[30.09879,-1.83767],[30.09873,-1.83777],[30.09868,-1.83778],[30.09864,-1.83784],[30.09848,-1.83799],[30.09858,-1.83812],[30.09833,-1.83818],[30.0982,-1.83824],[30.09819,-1.83823],[30.098,-1.83838],[30.09797,-1.83843],[30.09789,-1.8386],[30.09777,-1.83873],[30.09774,-1.8388],[30.09775,-1.83881],[30.09757,-1.83915],[30.09739,-1.83928],[30.09714,-1.83957],[30.09704,-1.83973],[30.09688,-1.84011],[30.0968,-1.84028],[30.0967,-1.84042],[30.09652,-1.84063],[30.09664,-1.84097],[30.09655,-1.84107],[30.09647,-1.84126],[30.09613,-1.84168],[30.09595,-1.84196],[30.09518,-1.84265],[30.09516,-1.84267],[30.09517,-1.84279],[30.09514,-1.84276],[30.0951,-1.84276],[30.09487,-1.84288],[30.0947,-1.84301],[30.09448,-1.84313],[30.09444,-1.84314],[30.09429,-1.84331],[30.0943,-1.84335],[30.0946,-1.84311],[30.09497,-1.84295],[30.09524,-1.84299],[30.09518,-1.84366],[30.09529,-1.84386],[30.09554,-1.84388],[30.09631,-1.8442],[30.09638,-1.8443],[30.09679,-1.84431],[30.09686,-1.8447],[30.09715,-1.84485],[30.09716,-1.84509],[30.09736,-1.84555],[30.09736,-1.84572],[30.09757,-1.84603],[30.09715,-1.84609],[30.09701,-1.84618],[30.09696,-1.84625],[30.09703,-1.84685],[30.09663,-1.84719],[30.0966,-1.8476],[30.09662,-1.84767],[30.09669,-1.84778],[30.09692,-1.84794],[30.09693,-1.84799],[30.09695,-1.848],[30.09709,-1.84832],[30.09808,-1.84766],[30.09917,-1.84752],[30.09939,-1.84743],[30.09956,-1.84733],[30.09979,-1.84727],[30.09997,-1.8472],[30.10046,-1.84686],[30.10049,-1.8468],[30.10055,-1.84676],[30.10066,-1.84676],[30.10104,-1.84664],[30.10122,-1.84652],[30.10122,-1.84659],[30.10332,-1.84629],[30.10366,-1.84609],[30.10449,-1.84654],[30.10549,-1.84693],[30.10596,-1.84723],[30.10636,-1.8477],[30.10674,-1.84833],[30.10698,-1.84854],[30.10706,-1.84863],[30.10709,-1.84867],[30.10707,-1.84868],[30.1071,-1.84875],[30.10711,-1.84881],[30.10706,-1.849],[30.107,-1.84911],[30.10702,-1.84918],[30.10724,-1.84966],[30.10731,-1.84979],[30.10746,-1.84995],[30.10754,-1.85001],[30.10795,-1.85015],[30.10828,-1.85038],[30.10834,-1.85046],[30.10843,-1.85064],[30.10853,-1.85075],[30.10873,-1.85103],[30.10883,-1.85115],[30.10892,-1.85122],[30.10908,-1.8513],[30.10923,-1.85142],[30.10977,-1.8516],[30.1101,-1.8516],[30.11049,-1.85155],[30.11065,-1.85155],[30.11064,-1.85159],[30.11067,-1.85159],[30.11182,-1.8514],[30.11201,-1.85148],[30.11289,-1.85088],[30.11303,-1.85087],[30.11365,-1.8508],[30.11414,-1.85079],[30.11417,-1.85081],[30.11428,-1.85085],[30.11437,-1.85086],[30.11489,-1.85101],[30.11499,-1.85102],[30.11499,-1.85101],[30.1152,-1.85102],[30.11563,-1.85109],[30.11566,-1.85108],[30.11593,-1.85113],[30.11591,-1.85128],[30.11622,-1.85127],[30.11672,-1.85118],[30.11672,-1.8512],[30.11727,-1.85119],[30.11729,-1.85117],[30.1173,-1.851],[30.11743,-1.85098],[30.11773,-1.85097],[30.11798,-1.851],[30.11849,-1.85095],[30.11896,-1.85084],[30.11904,-1.85081],[30.11924,-1.85068],[30.11961,-1.85051],[30.11971,-1.85047],[30.12005,-1.85028],[30.12011,-1.85023],[30.12025,-1.85006],[30.12049,-1.84984],[30.12074,-1.84953],[30.12103,-1.84928],[30.12111,-1.84919],[30.12114,-1.84912],[30.12118,-1.84907],[30.12135,-1.84897],[30.12139,-1.84893],[30.12155,-1.84885],[30.12159,-1.84881],[30.1218,-1.84869],[30.12189,-1.8486],[30.12202,-1.84855],[30.12207,-1.84851],[30.12214,-1.8485],[30.1223,-1.84841],[30.12233,-1.84837],[30.12251,-1.84817],[30.12263,-1.848],[30.12271,-1.84782],[30.1228,-1.84748],[30.12304,-1.84704],[30.12322,-1.84697],[30.12355,-1.84678],[30.12372,-1.8467],[30.12379,-1.84666],[30.12435,-1.84647],[30.12459,-1.84635],[30.1248,-1.84622],[30.12479,-1.84618],[30.125,-1.84605],[30.12579,-1.84559],[30.12608,-1.84446],[30.12682,-1.84324],[30.12727,-1.84211],[30.12727,-1.84199],[30.12723,-1.84026],[30.12653,-1.83891],[30.12631,-1.83809],[30.12627,-1.83774],[30.12614,-1.83655],[30.12574,-1.83595],[30.12538,-1.83568],[30.12528,-1.83551],[30.12506,-1.83463],[30.12471,-1.83368],[30.12443,-1.83203],[30.12414,-1.83171],[30.12316,-1.83087],[30.12304,-1.83068],[30.12296,-1.83008],[30.12282,-1.82989],[30.1228,-1.82934],[30.12243,-1.82707],[30.12287,-1.82661],[30.12302,-1.82625],[30.12309,-1.82571],[30.12308,-1.82568],[30.12285,-1.82502],[30.12131,-1.82191],[30.12117,-1.82151],[30.12092,-1.82137],[30.11936,-1.81966]]]}},{"type":"Feature","properties":{"d":"Kicukiro","s":"Niboye","c":"Gatare"},"geometry":{"type":"Polygon","coordinates":[[[30.10398,-1.97349],[30.10396,-1.97352],[30.10393,-1.9735],[30.1045,-1.97555],[30.1049,-1.97755],[30.1051,-1.97857],[30.10513,-1.97894],[30.10516,-1.97947],[30.10506,-1.98014],[30.10493,-1.98062],[30.10419,-1.9824],[30.10368,-1.9836],[30.10427,-1.98399],[30.10436,-1.98409],[30.10472,-1.98415],[30.10556,-1.98421],[30.106,-1.98426],[30.10636,-1.98434],[30.10655,-1.98442],[30.10663,-1.98438],[30.10671,-1.98433],[30.1068,-1.98414],[30.10714,-1.98421],[30.10757,-1.98436],[30.10772,-1.98435],[30.10826,-1.9844],[30.10861,-1.9845],[30.10878,-1.9845],[30.10923,-1.98462],[30.10941,-1.98464],[30.10946,-1.98466],[30.11026,-1.98473],[30.11041,-1.98478],[30.11047,-1.98462],[30.1106,-1.98439],[30.11076,-1.98418],[30.11088,-1.9843],[30.11132,-1.98463],[30.11175,-1.98474],[30.11194,-1.98484],[30.1123,-1.98496],[30.11283,-1.9851],[30.11284,-1.98508],[30.11288,-1.98507],[30.11302,-1.98509],[30.11354,-1.98501],[30.1136,-1.98505],[30.1137,-1.98516],[30.11366,-1.98523],[30.11362,-1.98525],[30.11405,-1.98548],[30.11494,-1.98587],[30.11626,-1.98645],[30.11628,-1.98654],[30.11634,-1.98661],[30.11675,-1.98704],[30.11712,-1.98745],[30.11735,-1.98767],[30.11747,-1.98774],[30.11897,-1.98854],[30.11909,-1.98839],[30.11991,-1.98881],[30.12027,-1.98866],[30.12113,-1.9888],[30.12072,-1.98961],[30.12077,-1.98965],[30.12169,-1.99019],[30.12188,-1.99033],[30.12242,-1.99066],[30.12289,-1.9909],[30.12303,-1.99098],[30.12312,-1.99104],[30.12354,-1.99127],[30.12544,-1.99225],[30.12542,-1.99233],[30.12818,-1.99297],[30.12853,-1.99191],[30.12782,-1.99112],[30.12772,-1.99103],[30.12706,-1.99028],[30.12588,-1.98638],[30.1253,-1.98537],[30.12489,-1.98331],[30.12486,-1.98333],[30.12485,-1.98314],[30.12473,-1.98256],[30.1251,-1.98181],[30.1251,-1.98177],[30.1248,-1.98124],[30.12467,-1.98104],[30.12461,-1.98098],[30.12457,-1.98095],[30.12399,-1.98078],[30.12371,-1.98068],[30.12322,-1.97999],[30.12312,-1.97989],[30.12292,-1.98014],[30.12295,-1.97997],[30.12294,-1.97994],[30.12114,-1.97685],[30.12036,-1.97578],[30.11966,-1.97481],[30.11952,-1.97458],[30.1195,-1.97459],[30.11897,-1.97468],[30.11877,-1.97442],[30.11881,-1.97453],[30.11874,-1.97457],[30.11876,-1.97466],[30.11882,-1.97483],[30.11883,-1.97492],[30.11882,-1.97497],[30.11877,-1.97504],[30.11867,-1.97513],[30.11833,-1.97538],[30.11828,-1.97544],[30.11856,-1.97594],[30.11882,-1.97669],[30.11824,-1.97694],[30.11769,-1.97721],[30.11725,-1.97743],[30.11717,-1.97746],[30.11675,-1.97758],[30.11652,-1.97764],[30.11643,-1.97764],[30.116,-1.97776],[30.1154,-1.9779],[30.11567,-1.97892],[30.11582,-1.97989],[30.11584,-1.98049],[30.1158,-1.98061],[30.11571,-1.98055],[30.11545,-1.98032],[30.11489,-1.97994],[30.11465,-1.97975],[30.11195,-1.97783],[30.11173,-1.97773],[30.11163,-1.97762],[30.10989,-1.97646],[30.10742,-1.97526],[30.1067,-1.97491],[30.10398,-1.97349]]]}},{"type":"Feature","properties":{"d":"Kicukiro","s":"Gatenga","c":"Gatenga"},"geometry":{"type":"Polygon","coordinates":[[[30.08919,-1.97173],[30.08914,-1.9717],[30.08872,-1.97038],[30.0886,-1.97014],[30.08839,-1.96996],[30.08834,-1.96976],[30.08828,-1.9696],[30.08816,-1.97059],[30.08818,-1.97102],[30.08798,-1.97185],[30.08783,-1.97185],[30.08768,-1.9723],[30.08769,-1.97235],[30.08761,-1.97285],[30.0876,-1.97353],[30.08766,-1.97353],[30.08768,-1.97366],[30.08741,-1.97374],[30.08727,-1.97423],[30.08726,-1.97432],[30.08748,-1.97526],[30.08775,-1.97622],[30.08779,-1.97626],[30.08791,-1.97641],[30.08801,-1.97636],[30.08806,-1.9764],[30.08821,-1.97679],[30.08838,-1.97684],[30.08912,-1.97682],[30.09006,-1.97675],[30.09026,-1.9767],[30.09072,-1.97659],[30.09173,-1.97634],[30.09164,-1.97656],[30.09151,-1.97706],[30.0915,-1.97748],[30.09141,-1.97785],[30.09137,-1.9781],[30.09138,-1.97875],[30.09141,-1.97921],[30.09147,-1.97946],[30.09156,-1.97961],[30.09174,-1.97977],[30.09188,-1.97998],[30.09196,-1.98023],[30.092,-1.98053],[30.09199,-1.98067],[30.09189,-1.98199],[30.09183,-1.98224],[30.09181,-1.98233],[30.09184,-1.98258],[30.09195,-1.98281],[30.09201,-1.983],[30.09198,-1.98316],[30.09171,-1.98346],[30.09162,-1.98373],[30.09142,-1.9842],[30.09134,-1.98437],[30.09115,-1.98491],[30.09104,-1.98508],[30.09117,-1.98514],[30.09127,-1.98525],[30.09138,-1.98563],[30.09146,-1.98585],[30.09167,-1.98629],[30.09161,-1.98638],[30.0914,-1.98697],[30.09118,-1.98741],[30.09138,-1.98727],[30.09188,-1.98701],[30.09211,-1.98694],[30.09233,-1.98694],[30.09252,-1.98698],[30.09261,-1.98704],[30.09271,-1.98719],[30.09271,-1.98724],[30.09284,-1.9869],[30.09297,-1.98638],[30.09298,-1.98618],[30.09291,-1.98584],[30.09286,-1.98535],[30.09294,-1.98498],[30.09306,-1.98458],[30.09312,-1.98405],[30.09326,-1.98371],[30.09342,-1.98298],[30.09356,-1.98247],[30.09368,-1.98203],[30.09373,-1.98195],[30.09375,-1.98187],[30.09384,-1.98174],[30.09392,-1.9814],[30.09417,-1.98087],[30.09455,-1.98094],[30.09464,-1.98093],[30.09493,-1.98078],[30.09558,-1.98022],[30.0958,-1.98009],[30.09586,-1.98007],[30.09618,-1.97996],[30.0963,-1.97995],[30.09713,-1.97991],[30.09716,-1.97995],[30.09797,-1.97994],[30.09872,-1.97983],[30.09938,-1.97961],[30.0996,-1.97951],[30.09969,-1.97945],[30.09983,-1.97926],[30.0998,-1.97923],[30.09978,-1.97926],[30.0996,-1.97917],[30.09912,-1.97885],[30.09897,-1.97882],[30.09876,-1.97859],[30.09907,-1.97835],[30.09895,-1.97821],[30.09889,-1.97822],[30.09869,-1.97812],[30.09859,-1.9781],[30.09837,-1.97801],[30.09824,-1.97793],[30.0982,-1.97788],[30.09815,-1.97788],[30.09811,-1.97787],[30.09805,-1.97777],[30.09797,-1.9777],[30.09795,-1.97769],[30.09783,-1.97752],[30.09779,-1.97743],[30.09769,-1.97734],[30.09751,-1.97709],[30.09736,-1.97691],[30.09739,-1.97689],[30.09722,-1.97675],[30.0971,-1.97662],[30.09707,-1.97662],[30.097,-1.97656],[30.0969,-1.97648],[30.09688,-1.97649],[30.09673,-1.97636],[30.09674,-1.97635],[30.09633,-1.97601],[30.09588,-1.9757],[30.09584,-1.97567],[30.09581,-1.97567],[30.09578,-1.97565],[30.09561,-1.9755],[30.09529,-1.9754],[30.09526,-1.97544],[30.09521,-1.97543],[30.09516,-1.97539],[30.09511,-1.97523],[30.09511,-1.97515],[30.09504,-1.97515],[30.09499,-1.9751],[30.09493,-1.97506],[30.09465,-1.97474],[30.09451,-1.97464],[30.09398,-1.97434],[30.09393,-1.97425],[30.09382,-1.97416],[30.09372,-1.97411],[30.09374,-1.97408],[30.09369,-1.97403],[30.09373,-1.97394],[30.09368,-1.97382],[30.09362,-1.97373],[30.09342,-1.97356],[30.09316,-1.97348],[30.09313,-1.97344],[30.09287,-1.97337],[30.09275,-1.9733],[30.09228,-1.97309],[30.09224,-1.97302],[30.09104,-1.97273],[30.09069,-1.97252],[30.09029,-1.97221],[30.09013,-1.97201],[30.08998,-1.97169],[30.0892,-1.97175],[30.08919,-1.97173]]]}},{"type":"Feature","properties":{"d":"Gasabo","s":"Nduba","c":"Gatunga"},"geometry":{"type":"Polygon","coordinates":[[[30.10449,-1.84654],[30.10366,-1.84609],[30.10332,-1.84629],[30.10122,-1.84659],[30.10122,-1.84652],[30.10104,-1.84664],[30.10066,-1.84676],[30.10055,-1.84676],[30.10049,-1.8468],[30.10046,-1.84686],[30.09997,-1.8472],[30.09979,-1.84727],[30.09956,-1.84733],[30.09939,-1.84743],[30.09917,-1.84752],[30.09808,-1.84766],[30.09709,-1.84832],[30.0971,-1.84838],[30.09708,-1.8484],[30.0971,-1.84851],[30.09708,-1.84863],[30.09703,-1.84871],[30.09708,-1.84886],[30.09736,-1.84886],[30.09742,-1.84889],[30.09753,-1.8489],[30.09762,-1.84897],[30.09766,-1.84899],[30.09766,-1.84912],[30.09742,-1.84942],[30.09744,-1.84976],[30.09732,-1.85004],[30.09754,-1.85026],[30.09771,-1.85068],[30.09768,-1.85172],[30.09784,-1.85206],[30.09774,-1.85268],[30.09793,-1.85318],[30.0979,-1.85369],[30.09804,-1.85429],[30.09843,-1.85458],[30.09845,-1.85481],[30.09796,-1.85534],[30.09798,-1.85601],[30.09787,-1.85623],[30.09718,-1.85702],[30.09726,-1.85741],[30.09707,-1.8576],[30.0969,-1.8576],[30.09685,-1.85763],[30.09675,-1.85775],[30.09674,-1.85781],[30.09668,-1.8579],[30.09659,-1.85803],[30.09654,-1.85811],[30.0965,-1.85813],[30.09643,-1.85807],[30.09635,-1.85795],[30.09631,-1.85793],[30.09625,-1.85792],[30.09617,-1.85797],[30.0961,-1.85806],[30.09606,-1.85818],[30.09594,-1.85826],[30.09579,-1.85839],[30.09562,-1.8585],[30.09557,-1.85855],[30.09556,-1.8586],[30.09559,-1.85874],[30.09551,-1.85897],[30.09547,-1.85895],[30.09546,-1.85897],[30.09534,-1.85889],[30.09523,-1.85886],[30.09517,-1.85886],[30.09512,-1.85889],[30.09508,-1.85896],[30.09508,-1.85906],[30.09519,-1.85925],[30.09525,-1.85953],[30.09523,-1.85955],[30.09521,-1.85956],[30.09498,-1.85953],[30.09484,-1.85953],[30.09471,-1.85956],[30.09462,-1.85961],[30.09456,-1.85969],[30.0944,-1.85986],[30.09426,-1.85991],[30.09407,-1.85995],[30.094,-1.86],[30.09398,-1.86004],[30.09377,-1.8602],[30.09356,-1.86024],[30.09345,-1.86059],[30.09263,-1.86123],[30.09241,-1.8615],[30.09219,-1.86163],[30.09214,-1.86164],[30.09183,-1.862],[30.09132,-1.86218],[30.09128,-1.86218],[30.09126,-1.86214],[30.09122,-1.86178],[30.09121,-1.86175],[30.09116,-1.8617],[30.09095,-1.86161],[30.0907,-1.86157],[30.09052,-1.86164],[30.09025,-1.86199],[30.09001,-1.86216],[30.08979,-1.86232],[30.08946,-1.86244],[30.08944,-1.86246],[30.0894,-1.86262],[30.08962,-1.86299],[30.08967,-1.8632],[30.08964,-1.86323],[30.08928,-1.86344],[30.08912,-1.86377],[30.08892,-1.86414],[30.08892,-1.86418],[30.0892,-1.86445],[30.08921,-1.86448],[30.08919,-1.86464],[30.0891,-1.86484],[30.08908,-1.86526],[30.0891,-1.86552],[30.08907,-1.86581],[30.08897,-1.86607],[30.08902,-1.86639],[30.0888,-1.86668],[30.08865,-1.86707],[30.08862,-1.8672],[30.0886,-1.86719],[30.08852,-1.86743],[30.08846,-1.86807],[30.08826,-1.86864],[30.08822,-1.86904],[30.08787,-1.86988],[30.08774,-1.87029],[30.08775,-1.87036],[30.08767,-1.87072],[30.08743,-1.87106],[30.08725,-1.87117],[30.08707,-1.87138],[30.08695,-1.87165],[30.08678,-1.87182],[30.08651,-1.8719],[30.08628,-1.87247],[30.08626,-1.87262],[30.08616,-1.87289],[30.08612,-1.87296],[30.086,-1.87312],[30.08593,-1.87333],[30.08568,-1.87358],[30.08561,-1.87366],[30.08556,-1.87377],[30.08527,-1.87412],[30.0852,-1.87425],[30.08515,-1.87431],[30.08499,-1.87451],[30.0848,-1.87471],[30.08467,-1.87491],[30.08456,-1.87503],[30.08433,-1.87536],[30.08394,-1.87589],[30.08386,-1.87604],[30.08372,-1.87616],[30.0836,-1.87632],[30.08347,-1.87645],[30.08335,-1.87662],[30.08313,-1.8769],[30.08306,-1.87702],[30.08285,-1.87726],[30.08276,-1.87737],[30.08273,-1.87746],[30.08264,-1.87755],[30.08252,-1.87773],[30.08247,-1.87776],[30.0824,-1.87784],[30.08239,-1.8779],[30.08231,-1.87796],[30.08217,-1.87814],[30.08215,-1.87821],[30.08205,-1.87831],[30.08191,-1.8785],[30.08295,-1.87902],[30.08411,-1.87938],[30.0842,-1.87934],[30.08454,-1.87956],[30.08563,-1.87985],[30.08646,-1.8799],[30.08662,-1.88],[30.08675,-1.87996],[30.08705,-1.88011],[30.08718,-1.88009],[30.08752,-1.88022],[30.08851,-1.88025],[30.08847,-1.88021],[30.08905,-1.88042],[30.0892,-1.88044],[30.08941,-1.88044],[30.08946,-1.88043],[30.08942,-1.88038],[30.08926,-1.88024],[30.08917,-1.88013],[30.089,-1.87981],[30.08888,-1.87949],[30.08832,-1.87753],[30.08819,-1.87713],[30.08813,-1.87696],[30.08813,-1.8769],[30.08834,-1.87696],[30.08834,-1.87699],[30.08926,-1.8773],[30.08971,-1.87724],[30.08989,-1.87722],[30.09074,-1.87695],[30.09103,-1.87679],[30.0915,-1.87651],[30.09191,-1.87619],[30.09205,-1.87596],[30.09213,-1.87582],[30.09242,-1.87522],[30.09267,-1.8748],[30.09287,-1.8745],[30.09306,-1.87429],[30.09319,-1.87422],[30.09341,-1.87417],[30.09366,-1.87404],[30.09379,-1.87383],[30.0939,-1.87308],[30.09414,-1.87276],[30.09495,-1.87213],[30.09526,-1.87158],[30.09527,-1.87159],[30.09534,-1.87149],[30.09554,-1.87174],[30.09608,-1.87146],[30.09614,-1.87142],[30.09653,-1.87128],[30.09694,-1.87118],[30.09719,-1.87115],[30.09734,-1.87116],[30.09739,-1.87112],[30.09745,-1.87113],[30.09747,-1.87118],[30.09749,-1.87119],[30.09788,-1.87156],[30.09818,-1.87186],[30.0985,-1.8725],[30.09886,-1.87271],[30.09915,-1.87326],[30.0992,-1.87336],[30.09994,-1.87391],[30.10011,-1.87391],[30.10002,-1.87405],[30.09993,-1.87426],[30.0999,-1.87438],[30.09989,-1.87439],[30.09989,-1.8745],[30.09994,-1.87459],[30.10021,-1.87491],[30.10035,-1.87479],[30.10053,-1.87475],[30.10072,-1.87474],[30.10082,-1.87477],[30.10101,-1.87487],[30.10132,-1.87508],[30.1015,-1.87504],[30.1017,-1.87497],[30.1017,-1.87504],[30.10149,-1.87541],[30.10131,-1.87586],[30.10128,-1.8759],[30.10132,-1.87594],[30.10127,-1.87608],[30.1014,-1.87615],[30.1015,-1.87617],[30.10147,-1.87634],[30.10206,-1.8759],[30.10225,-1.87583],[30.1025,-1.87619],[30.10229,-1.87646],[30.1027,-1.87672],[30.10291,-1.87652],[30.10307,-1.87633],[30.10329,-1.87612],[30.1036,-1.87592],[30.10395,-1.87566],[30.10459,-1.87641],[30.10562,-1.87651],[30.10674,-1.87564],[30.10667,-1.87558],[30.10636,-1.8752],[30.10626,-1.87501],[30.10653,-1.8748],[30.10671,-1.87463],[30.106,-1.87391],[30.10577,-1.87363],[30.10553,-1.8733],[30.10569,-1.87293],[30.10624,-1.87183],[30.10655,-1.87147],[30.10689,-1.87106],[30.10717,-1.87065],[30.10699,-1.86947],[30.10694,-1.86844],[30.10709,-1.86798],[30.10749,-1.86724],[30.10744,-1.86686],[30.10733,-1.86676],[30.10718,-1.86633],[30.10702,-1.86622],[30.10695,-1.86592],[30.10706,-1.86552],[30.10777,-1.86418],[30.10808,-1.86297],[30.1081,-1.86258],[30.1083,-1.86185],[30.10894,-1.85999],[30.10903,-1.8592],[30.10957,-1.85697],[30.11034,-1.85673],[30.11029,-1.85673],[30.11041,-1.85633],[30.11075,-1.8556],[30.11093,-1.85548],[30.11108,-1.85522],[30.1111,-1.8549],[30.11101,-1.85451],[30.11086,-1.85421],[30.11078,-1.8541],[30.11042,-1.85388],[30.11027,-1.85369],[30.11025,-1.85365],[30.1101,-1.85309],[30.11012,-1.85274],[30.11056,-1.85212],[30.11067,-1.85159],[30.11064,-1.85159],[30.11065,-1.85155],[30.11049,-1.85155],[30.1101,-1.8516],[30.10977,-1.8516],[30.10923,-1.85142],[30.10908,-1.8513],[30.10892,-1.85122],[30.10883,-1.85115],[30.10873,-1.85103],[30.10853,-1.85075],[30.10843,-1.85064],[30.10834,-1.85046],[30.10828,-1.85038],[30.10795,-1.85015],[30.10754,-1.85001],[30.10746,-1.84995],[30.10731,-1.84979],[30.10724,-1.84966],[30.10702,-1.84918],[30.107,-1.84911],[30.10706,-1.849],[30.10711,-1.84881],[30.1071,-1.84875],[30.10707,-1.84868],[30.10709,-1.84867],[30.10706,-1.84863],[30.10698,-1.84854],[30.10674,-1.84833],[30.10636,-1.8477],[30.10596,-1.84723],[30.10549,-1.84693],[30.10449,-1.84654]]]}},{"type":"Feature","properties":{"d":"Gasabo","s":"Gikomero","c":"Gicaca"},"geometry":{"type":"Polygon","coordinates":[[[30.25061,-1.85719],[30.25043,-1.85714],[30.24973,-1.85704],[30.24949,-1.85703],[30.24861,-1.8571],[30.24859,-1.85718],[30.24836,-1.85721],[30.24835,-1.85722],[30.24824,-1.85722],[30.2479,-1.85738],[30.24776,-1.85757],[30.24778,-1.85762],[30.24904,-1.85905],[30.25003,-1.86246],[30.2501,-1.86265],[30.25036,-1.86355],[30.25041,-1.8638],[30.25048,-1.86381],[30.25061,-1.86379],[30.25065,-1.86376],[30.25077,-1.8638],[30.25085,-1.8638],[30.2509,-1.86402],[30.25094,-1.86404],[30.25097,-1.86407],[30.25128,-1.86407],[30.25126,-1.86414],[30.25119,-1.86426],[30.25115,-1.86439],[30.25112,-1.86438],[30.25114,-1.86453],[30.2511,-1.8646],[30.25104,-1.86461],[30.251,-1.86464],[30.25104,-1.86471],[30.25104,-1.86482],[30.25086,-1.86484],[30.25081,-1.86487],[30.25082,-1.86504],[30.25078,-1.86512],[30.25067,-1.86516],[30.25054,-1.86519],[30.25048,-1.86527],[30.25041,-1.86546],[30.25034,-1.8656],[30.25026,-1.8656],[30.25026,-1.86592],[30.2503,-1.86617],[30.2503,-1.86635],[30.25035,-1.86647],[30.25037,-1.86698],[30.25032,-1.86731],[30.25033,-1.86745],[30.25036,-1.86745],[30.2504,-1.86747],[30.25044,-1.86752],[30.25045,-1.86752],[30.25049,-1.86762],[30.25049,-1.86792],[30.25051,-1.86838],[30.25051,-1.86847],[30.25047,-1.86869],[30.25042,-1.86878],[30.25023,-1.86899],[30.25024,-1.86904],[30.25033,-1.86909],[30.25037,-1.86913],[30.25034,-1.8693],[30.25024,-1.8697],[30.25009,-1.86995],[30.25002,-1.87004],[30.24999,-1.87006],[30.24983,-1.87007],[30.2498,-1.8701],[30.24979,-1.87025],[30.24967,-1.8705],[30.24959,-1.8707],[30.24956,-1.87081],[30.24955,-1.87093],[30.24955,-1.87098],[30.24959,-1.87107],[30.24956,-1.87129],[30.24955,-1.87173],[30.24958,-1.87192],[30.24966,-1.87221],[30.24981,-1.8724],[30.24991,-1.87264],[30.24994,-1.87278],[30.24995,-1.87296],[30.25005,-1.87325],[30.25003,-1.87348],[30.24997,-1.87382],[30.24989,-1.87392],[30.24976,-1.87399],[30.24976,-1.87403],[30.24978,-1.87411],[30.24987,-1.87414],[30.2499,-1.87417],[30.24993,-1.8744],[30.24994,-1.87463],[30.24992,-1.87467],[30.25,-1.87488],[30.25008,-1.87503],[30.25008,-1.8751],[30.25003,-1.87525],[30.24997,-1.87526],[30.2498,-1.87522],[30.24973,-1.87543],[30.24968,-1.87549],[30.24969,-1.87551],[30.24968,-1.87554],[30.24943,-1.87572],[30.24942,-1.87579],[30.24952,-1.87596],[30.2495,-1.876],[30.24943,-1.87607],[30.24934,-1.87628],[30.24935,-1.8763],[30.24945,-1.87632],[30.24948,-1.87636],[30.24947,-1.87668],[30.24963,-1.87709],[30.24968,-1.87721],[30.2497,-1.87722],[30.2498,-1.87749],[30.24985,-1.87779],[30.24988,-1.87786],[30.24988,-1.87794],[30.24983,-1.87814],[30.2497,-1.87815],[30.24962,-1.87817],[30.24963,-1.8784],[30.24958,-1.87844],[30.24958,-1.87845],[30.24967,-1.87863],[30.24971,-1.8788],[30.24973,-1.87884],[30.24974,-1.87895],[30.24976,-1.879],[30.24973,-1.87913],[30.24969,-1.87924],[30.24976,-1.87946],[30.24977,-1.87961],[30.24975,-1.87968],[30.24971,-1.87974],[30.24963,-1.87979],[30.2495,-1.87982],[30.24937,-1.87988],[30.24928,-1.87994],[30.2492,-1.88004],[30.24912,-1.8801],[30.24911,-1.88017],[30.24918,-1.88021],[30.24894,-1.8805],[30.24895,-1.88055],[30.24898,-1.88058],[30.24901,-1.88062],[30.24901,-1.88074],[30.24896,-1.88084],[30.24893,-1.88099],[30.24885,-1.8811],[30.24883,-1.88116],[30.24877,-1.88118],[30.24871,-1.88124],[30.24861,-1.88144],[30.24845,-1.88167],[30.2483,-1.8817],[30.24827,-1.88172],[30.24825,-1.88171],[30.2482,-1.88177],[30.24814,-1.88179],[30.24814,-1.88177],[30.24803,-1.88189],[30.24773,-1.88194],[30.24751,-1.88209],[30.24737,-1.88216],[30.24721,-1.88218],[30.24664,-1.88218],[30.24633,-1.88222],[30.24615,-1.8823],[30.2459,-1.88239],[30.24585,-1.88246],[30.2458,-1.88256],[30.24555,-1.88331],[30.24544,-1.88358],[30.24538,-1.88369],[30.24525,-1.88385],[30.24509,-1.88416],[30.24501,-1.88428],[30.24389,-1.88508],[30.24338,-1.88525],[30.24302,-1.88554],[30.24293,-1.88557],[30.24271,-1.88569],[30.24267,-1.88573],[30.24268,-1.88575],[30.24263,-1.88579],[30.24246,-1.88588],[30.24241,-1.88577],[30.24238,-1.88578],[30.24236,-1.88591],[30.24215,-1.8859],[30.24193,-1.88586],[30.24169,-1.88579],[30.24158,-1.8858],[30.24106,-1.88522],[30.2408,-1.88537],[30.24023,-1.88551],[30.23939,-1.88556],[30.23887,-1.88548],[30.23886,-1.88597],[30.23882,-1.88622],[30.23877,-1.88678],[30.23875,-1.8869],[30.23868,-1.88703],[30.23862,-1.88735],[30.23838,-1.88785],[30.23818,-1.88832],[30.23816,-1.88838],[30.23789,-1.88878],[30.23782,-1.88897],[30.23772,-1.88942],[30.23773,-1.88958],[30.23748,-1.89071],[30.23713,-1.8911],[30.23601,-1.89206],[30.23576,-1.89253],[30.23541,-1.89295],[30.23431,-1.8935],[30.23412,-1.89374],[30.23403,-1.89377],[30.2334,-1.89398],[30.23303,-1.89393],[30.23293,-1.89397],[30.23282,-1.89399],[30.23278,-1.89398],[30.23255,-1.89403],[30.23075,-1.89462],[30.23066,-1.89475],[30.23046,-1.89505],[30.22992,-1.89618],[30.22989,-1.89675],[30.22967,-1.89762],[30.22975,-1.89779],[30.22973,-1.89793],[30.23011,-1.89802],[30.23058,-1.89812],[30.23128,-1.89824],[30.23181,-1.89842],[30.23271,-1.89863],[30.2334,-1.89876],[30.23398,-1.89893],[30.23564,-1.89933],[30.23613,-1.89943],[30.23638,-1.89946],[30.23678,-1.89949],[30.23729,-1.8995],[30.23782,-1.89948],[30.23854,-1.89941],[30.23891,-1.89929],[30.23944,-1.89907],[30.23961,-1.89901],[30.23979,-1.89898],[30.23996,-1.89897],[30.24029,-1.89901],[30.24121,-1.89925],[30.24226,-1.89942],[30.24288,-1.89956],[30.24366,-1.8997],[30.2439,-1.89973],[30.24406,-1.89971],[30.24429,-1.89963],[30.24443,-1.89965],[30.24452,-1.89964],[30.24466,-1.89956],[30.24494,-1.89951],[30.2455,-1.89939],[30.24586,-1.89925],[30.24587,-1.89924],[30.24626,-1.89914],[30.24642,-1.89908],[30.24656,-1.899],[30.24681,-1.89878],[30.24701,-1.89856],[30.24715,-1.89842],[30.24753,-1.89813],[30.2477,-1.89804],[30.24784,-1.898],[30.24842,-1.89789],[30.24858,-1.89783],[30.24874,-1.89774],[30.24889,-1.89763],[30.24916,-1.89736],[30.24945,-1.89712],[30.24961,-1.89703],[30.24977,-1.89698],[30.25009,-1.89692],[30.2508,-1.89697],[30.25147,-1.89696],[30.25226,-1.89712],[30.25288,-1.8972],[30.25335,-1.89729],[30.25372,-1.89735],[30.25445,-1.89745],[30.25503,-1.89746],[30.25523,-1.89742],[30.25536,-1.89735],[30.25589,-1.89728],[30.25625,-1.89726],[30.25653,-1.89722],[30.25671,-1.89718],[30.25687,-1.89712],[30.25702,-1.89703],[30.25734,-1.89682],[30.2576,-1.89662],[30.25767,-1.89651],[30.25772,-1.89634],[30.25794,-1.89583],[30.25797,-1.89543],[30.25811,-1.89441],[30.25826,-1.89327],[30.25839,-1.89254],[30.25843,-1.89213],[30.25848,-1.89181],[30.25849,-1.89124],[30.25848,-1.89054],[30.25829,-1.88926],[30.25821,-1.88866],[30.25817,-1.88821],[30.25813,-1.88803],[30.25806,-1.88728],[30.25804,-1.88696],[30.25805,-1.88631],[30.258,-1.88598],[30.25797,-1.88553],[30.25797,-1.88526],[30.25785,-1.88438],[30.25779,-1.88358],[30.25768,-1.88258],[30.25764,-1.88217],[30.25762,-1.88192],[30.25765,-1.88179],[30.25766,-1.88152],[30.25776,-1.88099],[30.25779,-1.88082],[30.25779,-1.88071],[30.2579,-1.88034],[30.25795,-1.88008],[30.258,-1.87991],[30.25805,-1.87959],[30.25819,-1.87903],[30.2583,-1.87865],[30.25834,-1.87839],[30.25841,-1.87815],[30.25847,-1.87778],[30.25847,-1.87748],[30.25845,-1.87722],[30.25835,-1.87682],[30.25824,-1.87651],[30.25819,-1.87633],[30.25816,-1.87596],[30.25817,-1.87577],[30.2582,-1.87559],[30.25832,-1.87534],[30.25866,-1.87495],[30.25886,-1.87478],[30.25922,-1.87454],[30.25954,-1.87438],[30.25966,-1.87426],[30.25989,-1.87409],[30.26028,-1.8737],[30.26053,-1.87339],[30.2606,-1.87327],[30.26076,-1.87215],[30.26074,-1.87196],[30.26077,-1.8716],[30.26076,-1.8715],[30.26071,-1.87134],[30.26054,-1.87108],[30.26049,-1.87095],[30.26045,-1.8708],[30.26037,-1.87028],[30.26035,-1.87005],[30.26037,-1.86981],[30.2604,-1.8696],[30.26047,-1.86939],[30.26069,-1.86894],[30.26076,-1.86882],[30.26103,-1.86847],[30.26123,-1.86827],[30.26138,-1.86817],[30.26183,-1.86801],[30.26194,-1.86794],[30.26213,-1.86777],[30.26216,-1.86769],[30.26277,-1.86714],[30.26299,-1.86698],[30.26324,-1.86677],[30.26352,-1.86658],[30.26377,-1.86636],[30.26397,-1.86615],[30.26454,-1.8657],[30.26472,-1.86554],[30.26476,-1.86552],[30.26484,-1.86555],[30.2645,-1.86504],[30.26427,-1.86491],[30.26376,-1.86479],[30.26341,-1.86417],[30.26327,-1.86369],[30.26303,-1.86331],[30.2626,-1.86313],[30.2621,-1.86321],[30.26113,-1.86296],[30.26044,-1.86267],[30.2592,-1.86189],[30.25857,-1.86151],[30.25895,-1.86086],[30.25896,-1.8608],[30.25882,-1.86076],[30.2586,-1.8607],[30.25845,-1.86067],[30.25826,-1.8606],[30.25615,-1.85969],[30.2554,-1.85953],[30.25518,-1.85943],[30.2551,-1.85943],[30.25501,-1.85944],[30.25379,-1.85904],[30.25321,-1.8587],[30.25308,-1.85858],[30.25296,-1.85856],[30.25287,-1.85851],[30.25209,-1.85785],[30.25183,-1.85768],[30.2517,-1.85766],[30.25158,-1.85761],[30.25149,-1.85754],[30.25113,-1.85742],[30.25079,-1.85728],[30.25061,-1.85719]]]}},{"type":"Feature","properties":{"d":"Kicukiro","s":"Masaka","c":"Gitaraga"},"geometry":{"type":"Polygon","coordinates":[[[30.19408,-1.98769],[30.19406,-1.98754],[30.19406,-1.98754],[30.19406,-1.98753],[30.19388,-1.98752],[30.19355,-1.98748],[30.19347,-1.98748],[30.19054,-1.98757],[30.18952,-1.9876],[30.18948,-1.98764],[30.18809,-1.98773],[30.18756,-1.98766],[30.18723,-1.98762],[30.18711,-1.98764],[30.18671,-1.98769],[30.18642,-1.98769],[30.18631,-1.98794],[30.18602,-1.98856],[30.18695,-1.98965],[30.18701,-1.98969],[30.18718,-1.99002],[30.18718,-1.99006],[30.18635,-1.99074],[30.18599,-1.99107],[30.1857,-1.99128],[30.18534,-1.99157],[30.18439,-1.99246],[30.18361,-1.99314],[30.18281,-1.99396],[30.18268,-1.99411],[30.18257,-1.99423],[30.18215,-1.99457],[30.18125,-1.99517],[30.18087,-1.99561],[30.18075,-1.99573],[30.18044,-1.99595],[30.18028,-1.99611],[30.17979,-1.99639],[30.1788,-1.99706],[30.17876,-1.99706],[30.17873,-1.99703],[30.1785,-1.99631],[30.17845,-1.99621],[30.17512,-1.99792],[30.17408,-1.9985],[30.17332,-1.99889],[30.17246,-1.9995],[30.16989,-2.00113],[30.169,-2.00184],[30.16828,-2.00262],[30.16763,-2.00342],[30.16609,-2.00559],[30.16566,-2.00627],[30.16527,-2.00707],[30.16461,-2.00873],[30.16401,-2.01126],[30.16392,-2.01201],[30.16361,-2.01366],[30.16246,-2.01714],[30.16199,-2.01965],[30.16203,-2.02003],[30.16208,-2.02006],[30.16212,-2.02007],[30.16293,-2.01926],[30.16469,-2.01855],[30.16756,-2.01837],[30.17386,-2.01514],[30.17425,-2.01496],[30.17673,-2.01388],[30.18069,-2.0119],[30.18321,-2.01118],[30.18518,-2.0101],[30.18613,-2.01033],[30.18687,-2.00974],[30.1871,-2.00933],[30.18738,-2.00947],[30.18751,-2.00966],[30.18846,-2.00953],[30.18869,-2.0095],[30.19044,-2.00954],[30.19145,-2.00977],[30.19552,-2.01134],[30.19566,-2.01127],[30.19573,-2.01131],[30.19601,-2.01148],[30.19992,-2.01239],[30.20102,-2.01228],[30.20129,-2.01231],[30.2014,-2.01227],[30.20157,-2.01226],[30.20172,-2.01227],[30.20207,-2.01237],[30.20225,-2.01239],[30.20245,-2.01246],[30.2029,-2.01247],[30.20319,-2.01254],[30.20334,-2.01255],[30.20343,-2.01254],[30.2038,-2.01245],[30.20412,-2.01235],[30.20446,-2.01232],[30.20453,-2.01231],[30.20466,-2.01227],[30.20483,-2.01218],[30.20527,-2.01206],[30.20544,-2.012],[30.20557,-2.01201],[30.20579,-2.01211],[30.20584,-2.01211],[30.206,-2.01212],[30.20635,-2.01208],[30.20671,-2.0121],[30.20718,-2.01207],[30.20729,-2.01206],[30.20742,-2.01199],[30.20763,-2.01199],[30.20788,-2.01195],[30.20801,-2.01196],[30.20812,-2.01204],[30.2082,-2.01204],[30.20836,-2.012],[30.20863,-2.0119],[30.2089,-2.01185],[30.20911,-2.01175],[30.20919,-2.01173],[30.20938,-2.01171],[30.20953,-2.01173],[30.20968,-2.01172],[30.2097,-2.01171],[30.20978,-2.01166],[30.20992,-2.01165],[30.20998,-2.01162],[30.21002,-2.01146],[30.21011,-2.01122],[30.21003,-2.01117],[30.20976,-2.01095],[30.20967,-2.01086],[30.20957,-2.01068],[30.20955,-2.01067],[30.20944,-2.01036],[30.20938,-2.01],[30.20953,-2.00997],[30.20951,-2.00981],[30.20945,-2.00958],[30.20929,-2.00905],[30.20904,-2.00847],[30.20903,-2.00835],[30.20894,-2.00808],[30.20885,-2.00764],[30.2088,-2.00755],[30.2087,-2.00742],[30.20808,-2.00813],[30.20796,-2.00808],[30.20786,-2.00801],[30.20776,-2.00791],[30.2077,-2.00782],[30.20759,-2.00769],[30.20726,-2.00741],[30.20712,-2.00727],[30.20655,-2.00687],[30.20656,-2.00686],[30.20602,-2.00641],[30.20577,-2.00613],[30.2057,-2.00608],[30.20563,-2.00605],[30.20537,-2.00611],[30.20506,-2.00615],[30.20452,-2.00619],[30.20432,-2.00624],[30.20381,-2.00628],[30.20356,-2.00632],[30.20345,-2.00633],[30.20347,-2.00657],[30.20235,-2.00647],[30.20181,-2.0064],[30.2014,-2.00627],[30.20108,-2.00615],[30.20088,-2.00605],[30.2006,-2.00581],[30.19966,-2.00489],[30.19955,-2.00469],[30.19918,-2.0038],[30.19906,-2.00331],[30.19903,-2.00311],[30.19876,-2.0035],[30.19874,-2.00347],[30.19844,-2.00396],[30.19824,-2.00382],[30.19807,-2.00374],[30.19779,-2.00358],[30.19714,-2.00307],[30.19711,-2.00304],[30.19715,-2.00294],[30.19685,-2.00277],[30.19662,-2.00267],[30.19651,-2.00241],[30.19649,-2.00241],[30.19653,-2.00253],[30.19649,-2.00253],[30.19627,-2.00267],[30.19616,-2.00237],[30.19606,-2.00222],[30.19601,-2.0021],[30.19597,-2.00207],[30.19594,-2.00203],[30.1958,-2.00197],[30.19579,-2.00193],[30.19518,-2.00173],[30.19506,-2.00171],[30.19505,-2.00169],[30.19495,-2.00163],[30.19473,-2.00153],[30.19451,-2.00211],[30.19448,-2.00218],[30.19445,-2.00217],[30.19444,-2.00221],[30.19387,-2.00189],[30.19374,-2.0018],[30.19351,-2.00219],[30.19336,-2.00202],[30.19292,-2.00167],[30.19276,-2.00149],[30.19257,-2.00148],[30.19225,-2.00142],[30.19193,-2.00138],[30.19194,-2.0014],[30.19168,-2.00133],[30.19162,-2.00129],[30.19149,-2.00116],[30.19122,-2.0013],[30.19117,-2.00108],[30.19092,-2.00099],[30.19094,-2.00082],[30.19102,-2.00049],[30.19108,-2.00031],[30.19106,-2.0003],[30.19105,-2.00027],[30.19099,-2.00025],[30.19084,-2.00023],[30.19074,-2.00019],[30.19066,-2.00019],[30.19063,-2.00017],[30.19048,-2.00013],[30.1906,-1.99979],[30.19071,-1.99957],[30.19077,-1.99951],[30.19079,-1.99953],[30.19097,-1.99915],[30.19072,-1.99904],[30.19079,-1.99886],[30.19078,-1.99885],[30.1908,-1.99882],[30.19081,-1.99874],[30.19088,-1.99872],[30.19087,-1.9986],[30.19084,-1.99847],[30.19086,-1.99844],[30.19085,-1.99838],[30.19084,-1.99835],[30.19084,-1.99825],[30.19082,-1.99823],[30.19122,-1.99757],[30.1916,-1.99715],[30.19184,-1.99689],[30.19178,-1.99679],[30.19172,-1.99648],[30.19168,-1.99599],[30.19155,-1.99516],[30.19144,-1.99503],[30.19139,-1.99492],[30.19139,-1.99487],[30.19139,-1.99483],[30.19144,-1.99463],[30.19137,-1.99409],[30.19125,-1.99383],[30.19124,-1.99375],[30.19124,-1.99361],[30.19117,-1.99319],[30.19119,-1.99308],[30.19121,-1.99285],[30.19139,-1.99265],[30.19154,-1.99258],[30.19178,-1.99243],[30.19205,-1.9923],[30.19224,-1.99223],[30.19241,-1.99215],[30.19257,-1.99205],[30.19263,-1.99198],[30.19269,-1.99187],[30.19278,-1.99176],[30.19273,-1.99136],[30.19263,-1.991],[30.19263,-1.9906],[30.19269,-1.99033],[30.19292,-1.99002],[30.1933,-1.98962],[30.19404,-1.98895],[30.1941,-1.9888],[30.19409,-1.9882],[30.19408,-1.98769]]]}},{"type":"Feature","properties":{"d":"Gasabo","s":"Rutunga","c":"Indatemwa"},"geometry":{"type":"Polygon","coordinates":[[[30.16569,-1.79195],[30.16444,-1.79113],[30.16392,-1.7908],[30.16311,-1.7904],[30.16183,-1.78995],[30.16055,-1.78993],[30.15924,-1.79048],[30.15807,-1.79137],[30.15754,-1.79186],[30.15716,-1.79186],[30.1568,-1.79207],[30.15639,-1.79194],[30.15626,-1.79193],[30.15602,-1.7919],[30.15593,-1.79195],[30.15534,-1.79212],[30.15514,-1.7923],[30.1548,-1.79234],[30.15472,-1.79228],[30.15469,-1.792],[30.15436,-1.79208],[30.15399,-1.79201],[30.15371,-1.79185],[30.15329,-1.79186],[30.15237,-1.7917],[30.15178,-1.79175],[30.1521,-1.79438],[30.15215,-1.79441],[30.15216,-1.79444],[30.15219,-1.79444],[30.15228,-1.79478],[30.15233,-1.79492],[30.15224,-1.79494],[30.15226,-1.79504],[30.15234,-1.79514],[30.15233,-1.79516],[30.15239,-1.79522],[30.15235,-1.79544],[30.15228,-1.79551],[30.15228,-1.79554],[30.15231,-1.7959],[30.15233,-1.79628],[30.15238,-1.79652],[30.15231,-1.79691],[30.15223,-1.79718],[30.15212,-1.79789],[30.15161,-1.79881],[30.15152,-1.79885],[30.15152,-1.79908],[30.15146,-1.79936],[30.15119,-1.79976],[30.15107,-1.79991],[30.15082,-1.7999],[30.15044,-1.80021],[30.15047,-1.80029],[30.15029,-1.80042],[30.15014,-1.80018],[30.15011,-1.80008],[30.15004,-1.80007],[30.14999,-1.80014],[30.14949,-1.80041],[30.14945,-1.80073],[30.14906,-1.80102],[30.14881,-1.80101],[30.14828,-1.80139],[30.14846,-1.80204],[30.14849,-1.80232],[30.14854,-1.80261],[30.14851,-1.80275],[30.14853,-1.80279],[30.14854,-1.80285],[30.14851,-1.80337],[30.14853,-1.80388],[30.14851,-1.80415],[30.14854,-1.80467],[30.14851,-1.805],[30.14856,-1.80525],[30.14861,-1.80581],[30.14866,-1.80608],[30.14868,-1.8063],[30.1487,-1.80641],[30.14866,-1.80654],[30.14871,-1.80659],[30.14857,-1.80646],[30.14839,-1.80623],[30.14777,-1.80501],[30.14752,-1.80446],[30.14741,-1.80414],[30.14745,-1.80379],[30.14738,-1.80356],[30.14724,-1.80337],[30.14721,-1.80339],[30.14705,-1.8033],[30.14681,-1.80324],[30.1472,-1.8034],[30.14627,-1.80413],[30.14617,-1.80409],[30.14595,-1.80431],[30.14564,-1.80456],[30.14553,-1.80467],[30.1453,-1.80497],[30.14522,-1.80495],[30.14508,-1.80514],[30.145,-1.80518],[30.14469,-1.80516],[30.14456,-1.80519],[30.14448,-1.80523],[30.14425,-1.80542],[30.14411,-1.80551],[30.14317,-1.80598],[30.14287,-1.8063],[30.14277,-1.80643],[30.14272,-1.80645],[30.14267,-1.80649],[30.14265,-1.80661],[30.1424,-1.80665],[30.14229,-1.80665],[30.14214,-1.8067],[30.14181,-1.80678],[30.14151,-1.8068],[30.14126,-1.80687],[30.14079,-1.80708],[30.14059,-1.80722],[30.14033,-1.80742],[30.13999,-1.80778],[30.13992,-1.80787],[30.13991,-1.80793],[30.13943,-1.80843],[30.13939,-1.80894],[30.13898,-1.81072],[30.13788,-1.81162],[30.13787,-1.81165],[30.13772,-1.81191],[30.13746,-1.81212],[30.13781,-1.81225],[30.13973,-1.81439],[30.14003,-1.81477],[30.14037,-1.81549],[30.14058,-1.81594],[30.14115,-1.81679],[30.14162,-1.81734],[30.14338,-1.81908],[30.14501,-1.82096],[30.14606,-1.82231],[30.14619,-1.82247],[30.1464,-1.82265],[30.14644,-1.82269],[30.14762,-1.82299],[30.14991,-1.82377],[30.15199,-1.82461],[30.1529,-1.82477],[30.15319,-1.82497],[30.15404,-1.82553],[30.15428,-1.82562],[30.15441,-1.82503],[30.15443,-1.82503],[30.15444,-1.82499],[30.15442,-1.82499],[30.15455,-1.82442],[30.15456,-1.82428],[30.1544,-1.82425],[30.15442,-1.82418],[30.15452,-1.82404],[30.15455,-1.82395],[30.15455,-1.82353],[30.15457,-1.82342],[30.15463,-1.82337],[30.15468,-1.82279],[30.15607,-1.82098],[30.15622,-1.82068],[30.15642,-1.82024],[30.15676,-1.81974],[30.15733,-1.81934],[30.15754,-1.81926],[30.15763,-1.8192],[30.15782,-1.81903],[30.15805,-1.8187],[30.15814,-1.81846],[30.1582,-1.81811],[30.15823,-1.81801],[30.15828,-1.81789],[30.15857,-1.81748],[30.15968,-1.81669],[30.16048,-1.81595],[30.16096,-1.81562],[30.16163,-1.8147],[30.16166,-1.81469],[30.16168,-1.81469],[30.16216,-1.81434],[30.16244,-1.81411],[30.16244,-1.81409],[30.16274,-1.81394],[30.16304,-1.81367],[30.16291,-1.81347],[30.16318,-1.81324],[30.16333,-1.81308],[30.16342,-1.81296],[30.16354,-1.81283],[30.16363,-1.81271],[30.16397,-1.81237],[30.16416,-1.8122],[30.1645,-1.81179],[30.1648,-1.81153],[30.16487,-1.81149],[30.16496,-1.81144],[30.16515,-1.81136],[30.16536,-1.81123],[30.16564,-1.81125],[30.16572,-1.81121],[30.1658,-1.81121],[30.1658,-1.81125],[30.16603,-1.81125],[30.16598,-1.81119],[30.1663,-1.81117],[30.16658,-1.81104],[30.16681,-1.81089],[30.16709,-1.81059],[30.16727,-1.81044],[30.16742,-1.81033],[30.16752,-1.81023],[30.16776,-1.80993],[30.16797,-1.80956],[30.16814,-1.80889],[30.16819,-1.80878],[30.16829,-1.8086],[30.16852,-1.8083],[30.16868,-1.80815],[30.16861,-1.80806],[30.1687,-1.808],[30.16884,-1.80787],[30.16896,-1.80769],[30.169,-1.80764],[30.16902,-1.80766],[30.16916,-1.80756],[30.16929,-1.80751],[30.16932,-1.80751],[30.16939,-1.80737],[30.16964,-1.80714],[30.1697,-1.807],[30.1697,-1.80696],[30.17021,-1.80636],[30.17205,-1.80491],[30.17502,-1.80278],[30.17567,-1.80234],[30.17577,-1.80234],[30.17564,-1.80215],[30.17489,-1.80153],[30.1745,-1.80121],[30.17403,-1.80049],[30.17367,-1.79896],[30.17349,-1.79852],[30.17258,-1.79716],[30.17195,-1.79667],[30.16877,-1.79536],[30.16836,-1.79503],[30.16802,-1.79441],[30.16649,-1.79263],[30.16569,-1.79195]]]}},{"type":"Feature","properties":{"d":"Gasabo","s":"Rutunga","c":"Kabaliza"},"geometry":{"type":"Polygon","coordinates":[[[30.17393,-1.8237],[30.17345,-1.82243],[30.17311,-1.82178],[30.17301,-1.82157],[30.17288,-1.8214],[30.17228,-1.8205],[30.17221,-1.82041],[30.1721,-1.82031],[30.17208,-1.82033],[30.1718,-1.8214],[30.1722,-1.82206],[30.17208,-1.8224],[30.1718,-1.82265],[30.17193,-1.82318],[30.17206,-1.82334],[30.17178,-1.82358],[30.17169,-1.82375],[30.17171,-1.82378],[30.17142,-1.82412],[30.17136,-1.82414],[30.17132,-1.82418],[30.1713,-1.82416],[30.17125,-1.82422],[30.1712,-1.82412],[30.17111,-1.824],[30.17099,-1.82393],[30.17097,-1.82394],[30.17091,-1.82409],[30.1708,-1.82421],[30.17076,-1.82413],[30.17073,-1.8241],[30.17057,-1.82426],[30.17034,-1.82445],[30.17016,-1.82453],[30.16979,-1.82479],[30.16942,-1.82502],[30.16896,-1.82547],[30.16879,-1.82561],[30.16855,-1.82583],[30.16847,-1.82585],[30.16803,-1.82616],[30.16774,-1.82639],[30.16736,-1.82677],[30.16674,-1.82753],[30.16646,-1.82775],[30.16638,-1.82791],[30.16629,-1.82796],[30.16611,-1.82817],[30.16584,-1.82829],[30.16583,-1.82842],[30.16566,-1.82845],[30.16567,-1.82848],[30.16398,-1.82848],[30.16314,-1.82862],[30.1631,-1.82864],[30.16309,-1.82862],[30.16223,-1.82876],[30.16116,-1.82905],[30.16036,-1.82905],[30.15997,-1.82896],[30.15942,-1.82899],[30.15932,-1.82898],[30.15931,-1.82902],[30.15926,-1.82903],[30.15926,-1.82904],[30.15845,-1.8293],[30.1586,-1.82952],[30.16015,-1.83173],[30.16054,-1.83275],[30.16066,-1.83358],[30.16055,-1.83441],[30.16049,-1.83469],[30.16021,-1.83612],[30.16028,-1.83723],[30.16055,-1.83831],[30.16092,-1.8392],[30.16121,-1.83964],[30.16148,-1.8399],[30.16177,-1.84041],[30.16215,-1.84129],[30.16214,-1.84134],[30.1623,-1.84179],[30.16242,-1.84203],[30.16262,-1.84253],[30.16285,-1.84297],[30.16316,-1.84366],[30.16326,-1.84394],[30.16348,-1.84451],[30.16359,-1.8447],[30.16396,-1.84524],[30.16409,-1.8454],[30.16425,-1.84555],[30.16455,-1.84572],[30.16476,-1.84579],[30.16539,-1.84578],[30.16572,-1.8458],[30.16589,-1.84575],[30.16636,-1.84548],[30.16643,-1.84545],[30.16654,-1.84543],[30.16662,-1.84543],[30.16691,-1.84549],[30.16725,-1.84551],[30.16745,-1.84555],[30.16748,-1.84554],[30.1675,-1.84552],[30.16763,-1.84557],[30.16825,-1.84597],[30.16886,-1.84616],[30.17029,-1.84633],[30.17253,-1.84661],[30.1731,-1.84682],[30.17355,-1.84579],[30.17361,-1.8457],[30.17419,-1.84519],[30.1756,-1.84432],[30.17576,-1.84403],[30.17605,-1.84373],[30.17628,-1.8428],[30.17652,-1.84226],[30.17709,-1.84172],[30.17733,-1.84147],[30.17744,-1.84139],[30.17758,-1.8413],[30.17777,-1.84122],[30.17796,-1.84116],[30.17812,-1.84103],[30.17833,-1.84094],[30.17857,-1.84086],[30.17868,-1.84077],[30.17883,-1.84069],[30.17879,-1.84065],[30.17921,-1.84031],[30.17934,-1.84013],[30.17961,-1.83965],[30.18044,-1.8383],[30.18064,-1.83821],[30.18192,-1.83807],[30.18254,-1.8378],[30.18333,-1.83762],[30.18306,-1.83726],[30.18288,-1.83693],[30.18283,-1.83688],[30.18306,-1.83659],[30.18326,-1.83645],[30.18346,-1.83616],[30.18365,-1.83628],[30.18404,-1.83585],[30.18446,-1.83606],[30.18489,-1.83632],[30.18506,-1.83612],[30.18605,-1.83555],[30.18526,-1.83504],[30.18506,-1.83451],[30.18527,-1.83442],[30.18536,-1.83433],[30.18557,-1.83428],[30.18549,-1.83404],[30.18526,-1.83377],[30.18496,-1.83353],[30.1848,-1.83342],[30.18459,-1.83337],[30.18409,-1.83338],[30.18348,-1.83351],[30.18254,-1.83385],[30.18234,-1.83396],[30.18209,-1.83406],[30.18206,-1.83408],[30.18202,-1.83392],[30.18202,-1.83386],[30.182,-1.83385],[30.18197,-1.83367],[30.1819,-1.83351],[30.1819,-1.83347],[30.18198,-1.83321],[30.18199,-1.83314],[30.18208,-1.83309],[30.18213,-1.83305],[30.18218,-1.83298],[30.1822,-1.83287],[30.18217,-1.83252],[30.18214,-1.83247],[30.18209,-1.83244],[30.18201,-1.83242],[30.18203,-1.83219],[30.18212,-1.83194],[30.18218,-1.83167],[30.18232,-1.83126],[30.18238,-1.83088],[30.18239,-1.83073],[30.18237,-1.83062],[30.18211,-1.8302],[30.18203,-1.82998],[30.18196,-1.82986],[30.1819,-1.82964],[30.18185,-1.82942],[30.18187,-1.82909],[30.18186,-1.8289],[30.18175,-1.82847],[30.1817,-1.82797],[30.18165,-1.82771],[30.18157,-1.82741],[30.18139,-1.82691],[30.18129,-1.82676],[30.18126,-1.82678],[30.1811,-1.82657],[30.18079,-1.82638],[30.18069,-1.82619],[30.18047,-1.82621],[30.18042,-1.82625],[30.18039,-1.82633],[30.18011,-1.82655],[30.17969,-1.82673],[30.17964,-1.82654],[30.17926,-1.8267],[30.17929,-1.82681],[30.17909,-1.8269],[30.17887,-1.82702],[30.17879,-1.82705],[30.17873,-1.82699],[30.17854,-1.82715],[30.17859,-1.82719],[30.17853,-1.82723],[30.17832,-1.82743],[30.17815,-1.82751],[30.17785,-1.82762],[30.17758,-1.82778],[30.17679,-1.82815],[30.17638,-1.82842],[30.17609,-1.82866],[30.17573,-1.82907],[30.17571,-1.82909],[30.17555,-1.82879],[30.17527,-1.82822],[30.17512,-1.82784],[30.17486,-1.82728],[30.17474,-1.82677],[30.17438,-1.8257],[30.17429,-1.82535],[30.17417,-1.82496],[30.17406,-1.82453],[30.17403,-1.8242],[30.17393,-1.8237]]]}},{"type":"Feature","properties":{"d":"Nyarugenge","s":"Muhima","c":"Kabasengerezi"},"geometry":{"type":"Polygon","coordinates":[[[30.06227,-1.93871],[30.06213,-1.93862],[30.06195,-1.93854],[30.06153,-1.93829],[30.06104,-1.93805],[30.06092,-1.93802],[30.06077,-1.93803],[30.06015,-1.93814],[30.05981,-1.93815],[30.05955,-1.93822],[30.05924,-1.93834],[30.05912,-1.9384],[30.05903,-1.93849],[30.05895,-1.93867],[30.05865,-1.93879],[30.05841,-1.93883],[30.05816,-1.93883],[30.05815,-1.93887],[30.0583,-1.93914],[30.05841,-1.93942],[30.0585,-1.93974],[30.0584,-1.93973],[30.05839,-1.93995],[30.0584,-1.93999],[30.05841,-1.94019],[30.05833,-1.94019],[30.05833,-1.94027],[30.05837,-1.9404],[30.05829,-1.94045],[30.05824,-1.94045],[30.05809,-1.94051],[30.05801,-1.94094],[30.05792,-1.94089],[30.05788,-1.94141],[30.05784,-1.94147],[30.05789,-1.94149],[30.05834,-1.94134],[30.05863,-1.94126],[30.05891,-1.94122],[30.0593,-1.94125],[30.05961,-1.94132],[30.05995,-1.94143],[30.06026,-1.94151],[30.06075,-1.94186],[30.06127,-1.94251],[30.06157,-1.94295],[30.0617,-1.94323],[30.06182,-1.94358],[30.06196,-1.94358],[30.06209,-1.94364],[30.06218,-1.9437],[30.06226,-1.94379],[30.06232,-1.94389],[30.06236,-1.944],[30.06251,-1.94387],[30.06253,-1.94388],[30.06276,-1.94384],[30.06287,-1.94365],[30.06279,-1.94351],[30.06345,-1.9426],[30.06342,-1.94243],[30.06399,-1.94128],[30.06415,-1.94141],[30.06429,-1.94138],[30.06447,-1.94121],[30.0644,-1.94112],[30.06442,-1.94099],[30.06448,-1.94086],[30.06458,-1.94075],[30.0644,-1.94058],[30.06398,-1.94011],[30.06342,-1.93966],[30.06281,-1.93904],[30.06263,-1.93892],[30.06252,-1.93885],[30.06227,-1.93871]]]}},{"type":"Feature","properties":{"d":"Nyarugenge","s":"Muhima","c":"Kabeza"},"geometry":{"type":"Polygon","coordinates":[[[30.05833,-1.94027],[30.05833,-1.94019],[30.05841,-1.94019],[30.0584,-1.93999],[30.05839,-1.93995],[30.0584,-1.93973],[30.05822,-1.93971],[30.05787,-1.9396],[30.05713,-1.93941],[30.05565,-1.9392],[30.05547,-1.93918],[30.05486,-1.93914],[30.05466,-1.93915],[30.05413,-1.93922],[30.05422,-1.93946],[30.05427,-1.93949],[30.05439,-1.93961],[30.05425,-1.93974],[30.05416,-1.93986],[30.05406,-1.93987],[30.05341,-1.94031],[30.05335,-1.94032],[30.05322,-1.94035],[30.05319,-1.94027],[30.0531,-1.94021],[30.05287,-1.94016],[30.05267,-1.94014],[30.0525,-1.94015],[30.05228,-1.94017],[30.05135,-1.9403],[30.05098,-1.94069],[30.05041,-1.94121],[30.05029,-1.94136],[30.05036,-1.94141],[30.05046,-1.94144],[30.05078,-1.94149],[30.05125,-1.94154],[30.05155,-1.94151],[30.05096,-1.94224],[30.05087,-1.94242],[30.05081,-1.94277],[30.05081,-1.94306],[30.05084,-1.94332],[30.05089,-1.94353],[30.05095,-1.94363],[30.05123,-1.94387],[30.0514,-1.94393],[30.05152,-1.94395],[30.05193,-1.94393],[30.05215,-1.94395],[30.05273,-1.94413],[30.05311,-1.94427],[30.05335,-1.94443],[30.05404,-1.94499],[30.05447,-1.94527],[30.05455,-1.94558],[30.05464,-1.94516],[30.05475,-1.94499],[30.05515,-1.94423],[30.05573,-1.94299],[30.05615,-1.94241],[30.05651,-1.94219],[30.05692,-1.94195],[30.05766,-1.94157],[30.05789,-1.94149],[30.05784,-1.94147],[30.05788,-1.94141],[30.05792,-1.94089],[30.05801,-1.94094],[30.05809,-1.94051],[30.05824,-1.94045],[30.05829,-1.94045],[30.05837,-1.9404],[30.05833,-1.94027]]]}},{"type":"Feature","properties":{"d":"Kicukiro","s":"Kanombe","c":"Kabeza"},"geometry":{"type":"Polygon","coordinates":[[[30.12374,-1.96228],[30.12329,-1.96208],[30.12319,-1.96204],[30.12244,-1.9616],[30.12205,-1.96143],[30.12171,-1.96128],[30.12109,-1.96112],[30.12068,-1.96104],[30.11996,-1.96087],[30.11927,-1.96056],[30.11854,-1.96009],[30.118,-1.95979],[30.11742,-1.95951],[30.11719,-1.95948],[30.11715,-1.95966],[30.11694,-1.95975],[30.1167,-1.95982],[30.11669,-1.95982],[30.1167,-1.95986],[30.11664,-1.9599],[30.11674,-1.96018],[30.11679,-1.96025],[30.11684,-1.96026],[30.11694,-1.96037],[30.11707,-1.96049],[30.11709,-1.96055],[30.11716,-1.96057],[30.11735,-1.96074],[30.1174,-1.96113],[30.11728,-1.96122],[30.11753,-1.9615],[30.1176,-1.96155],[30.11757,-1.96175],[30.11758,-1.96187],[30.11748,-1.96245],[30.11741,-1.9625],[30.11741,-1.96253],[30.11744,-1.96251],[30.11749,-1.9627],[30.11749,-1.96281],[30.11748,-1.96307],[30.11741,-1.9633],[30.11724,-1.96357],[30.11705,-1.96377],[30.11699,-1.96382],[30.11702,-1.96385],[30.11704,-1.96397],[30.11703,-1.96409],[30.11699,-1.96424],[30.11677,-1.96446],[30.11667,-1.9646],[30.11661,-1.96479],[30.11651,-1.96487],[30.11649,-1.96492],[30.1165,-1.96495],[30.11643,-1.9651],[30.11605,-1.96555],[30.11597,-1.96571],[30.11586,-1.96581],[30.11582,-1.96583],[30.11571,-1.96587],[30.11552,-1.96598],[30.11518,-1.9662],[30.11485,-1.96636],[30.11452,-1.96663],[30.11439,-1.96674],[30.11422,-1.96685],[30.11424,-1.96693],[30.11547,-1.96693],[30.11525,-1.96759],[30.11525,-1.96786],[30.11573,-1.96804],[30.11575,-1.96839],[30.11596,-1.9686],[30.11616,-1.96898],[30.11596,-1.96909],[30.11586,-1.96917],[30.11611,-1.96945],[30.1167,-1.9703],[30.11759,-1.97132],[30.1177,-1.97141],[30.11794,-1.97172],[30.11812,-1.97194],[30.11854,-1.9725],[30.11913,-1.97325],[30.11931,-1.97368],[30.11937,-1.97415],[30.11938,-1.9743],[30.11946,-1.97454],[30.1195,-1.97459],[30.11952,-1.97458],[30.11966,-1.97481],[30.12036,-1.97578],[30.12114,-1.97685],[30.12294,-1.97994],[30.12295,-1.97997],[30.12292,-1.98014],[30.12312,-1.97989],[30.12314,-1.97986],[30.12318,-1.97986],[30.12356,-1.97973],[30.12677,-1.97804],[30.127,-1.97774],[30.12728,-1.97744],[30.12819,-1.97655],[30.12827,-1.97631],[30.12841,-1.97601],[30.12847,-1.97593],[30.12881,-1.97532],[30.12892,-1.97507],[30.12896,-1.97493],[30.12901,-1.9747],[30.12913,-1.97467],[30.1291,-1.97466],[30.12912,-1.97391],[30.12892,-1.97342],[30.12917,-1.97333],[30.12919,-1.97295],[30.12935,-1.97292],[30.12947,-1.97275],[30.12935,-1.97268],[30.12937,-1.97268],[30.12942,-1.97239],[30.12925,-1.97234],[30.12922,-1.97226],[30.12919,-1.97205],[30.12926,-1.97204],[30.12926,-1.97186],[30.12933,-1.97185],[30.12941,-1.9719],[30.12951,-1.97192],[30.12951,-1.97186],[30.12962,-1.97164],[30.12951,-1.97161],[30.12962,-1.97118],[30.12972,-1.97094],[30.12983,-1.97077],[30.12985,-1.97069],[30.12994,-1.97054],[30.13001,-1.97047],[30.13017,-1.97021],[30.13007,-1.97015],[30.13009,-1.97014],[30.13011,-1.97007],[30.13025,-1.96934],[30.13027,-1.96932],[30.13029,-1.96932],[30.13028,-1.96929],[30.13025,-1.96927],[30.12528,-1.9684],[30.12362,-1.96812],[30.12286,-1.96797],[30.1224,-1.96791],[30.12206,-1.96784],[30.12114,-1.96767],[30.12106,-1.96764],[30.12085,-1.96766],[30.12071,-1.96739],[30.12052,-1.967],[30.12035,-1.96661],[30.12023,-1.96624],[30.12005,-1.96562],[30.1199,-1.96491],[30.11989,-1.96467],[30.11992,-1.9644],[30.12002,-1.9641],[30.12011,-1.9639],[30.12023,-1.96365],[30.12041,-1.96335],[30.12052,-1.96342],[30.1206,-1.9634],[30.1212,-1.96309],[30.12127,-1.96326],[30.12131,-1.96332],[30.12133,-1.96338],[30.12136,-1.96339],[30.12145,-1.96337],[30.12152,-1.96331],[30.12174,-1.9632],[30.12183,-1.9632],[30.12204,-1.96326],[30.12213,-1.96326],[30.12223,-1.96332],[30.12237,-1.96337],[30.12287,-1.96345],[30.12312,-1.96351],[30.1233,-1.96354],[30.12337,-1.96357],[30.12494,-1.96383],[30.12556,-1.96394],[30.1258,-1.964],[30.12596,-1.96402],[30.12658,-1.96414],[30.12679,-1.96417],[30.12761,-1.96433],[30.12764,-1.96431],[30.12766,-1.96428],[30.12769,-1.9638],[30.12764,-1.96366],[30.12703,-1.96354],[30.1255,-1.96294],[30.12515,-1.96276],[30.12481,-1.96266],[30.12374,-1.96228]]]}},{"type":"Feature","properties":{"d":"Gasabo","s":"Rusororo","c":"Kabuga I"},"geometry":{"type":"Polygon","coordinates":[[[30.23225,-1.97088],[30.23215,-1.97066],[30.2321,-1.97033],[30.23176,-1.96865],[30.23177,-1.96837],[30.23185,-1.96798],[30.23222,-1.9665],[30.23271,-1.96543],[30.23323,-1.96356],[30.23338,-1.96288],[30.23352,-1.9624],[30.2336,-1.96218],[30.234,-1.96148],[30.23432,-1.96113],[30.23525,-1.96039],[30.23387,-1.95877],[30.23313,-1.95929],[30.23244,-1.95986],[30.23215,-1.9602],[30.23186,-1.96064],[30.23131,-1.96208],[30.23097,-1.96299],[30.22993,-1.96556],[30.22952,-1.96647],[30.22938,-1.96699],[30.22924,-1.96749],[30.2291,-1.96815],[30.22868,-1.97103],[30.22848,-1.97092],[30.2278,-1.97048],[30.2275,-1.97017],[30.22739,-1.9702],[30.22736,-1.97019],[30.22703,-1.97029],[30.22723,-1.97076],[30.22625,-1.97114],[30.22615,-1.97117],[30.22611,-1.9711],[30.22593,-1.97117],[30.22585,-1.97125],[30.22582,-1.97131],[30.22542,-1.9715],[30.22535,-1.97134],[30.22496,-1.97141],[30.22498,-1.97144],[30.22487,-1.97147],[30.22486,-1.97143],[30.22462,-1.97148],[30.22441,-1.97086],[30.22399,-1.97033],[30.22358,-1.96997],[30.2231,-1.97282],[30.2224,-1.97474],[30.2228,-1.975],[30.22308,-1.9753],[30.22336,-1.97596],[30.22364,-1.97702],[30.22373,-1.97753],[30.22328,-1.97756],[30.22302,-1.97802],[30.2222,-1.97924],[30.22212,-1.97943],[30.22199,-1.97964],[30.22202,-1.97964],[30.22177,-1.98057],[30.22134,-1.98089],[30.22124,-1.98103],[30.22123,-1.98105],[30.22122,-1.98104],[30.22118,-1.98109],[30.22116,-1.98112],[30.22117,-1.98113],[30.22113,-1.98119],[30.22112,-1.98118],[30.22102,-1.98135],[30.22095,-1.98132],[30.22095,-1.98136],[30.22084,-1.9818],[30.2208,-1.98211],[30.22098,-1.98216],[30.22125,-1.98225],[30.22129,-1.9824],[30.22127,-1.98252],[30.22127,-1.98256],[30.22244,-1.98257],[30.22451,-1.98251],[30.22478,-1.98247],[30.22598,-1.98235],[30.22686,-1.98226],[30.22695,-1.98225],[30.22738,-1.98224],[30.2275,-1.98224],[30.22752,-1.98224],[30.2277,-1.98223],[30.22828,-1.98219],[30.22849,-1.98218],[30.2285,-1.98217],[30.22855,-1.98217],[30.22863,-1.98217],[30.22879,-1.98217],[30.22929,-1.9822],[30.22931,-1.98189],[30.22942,-1.98188],[30.22958,-1.98186],[30.22977,-1.98184],[30.22986,-1.98183],[30.2305,-1.98175],[30.23096,-1.98172],[30.23175,-1.98168],[30.23238,-1.98159],[30.23327,-1.98083],[30.23338,-1.98074],[30.23342,-1.98073],[30.23591,-1.98124],[30.23592,-1.98125],[30.23594,-1.98107],[30.23593,-1.98068],[30.23589,-1.98044],[30.23582,-1.98026],[30.23568,-1.98008],[30.2352,-1.97958],[30.23512,-1.9795],[30.23495,-1.97927],[30.23455,-1.97854],[30.23448,-1.97833],[30.23447,-1.97815],[30.23439,-1.97803],[30.23429,-1.97798],[30.23411,-1.97795],[30.23387,-1.97745],[30.23373,-1.97724],[30.23331,-1.97685],[30.23297,-1.97658],[30.23277,-1.976],[30.23276,-1.97589],[30.2327,-1.97524],[30.2327,-1.97413],[30.23261,-1.97196],[30.23258,-1.9718],[30.23225,-1.97088]]]}},{"type":"Feature","properties":{"d":"Gasabo","s":"Rusororo","c":"Kabuga Ii"},"geometry":{"type":"Polygon","coordinates":[[[30.2297,-1.95254],[30.22959,-1.95234],[30.22944,-1.95217],[30.2287,-1.95261],[30.22865,-1.95258],[30.22842,-1.95253],[30.22708,-1.95259],[30.22628,-1.95289],[30.22602,-1.95306],[30.22563,-1.95322],[30.22525,-1.95331],[30.22524,-1.95327],[30.22523,-1.95327],[30.22494,-1.95337],[30.22475,-1.95332],[30.22444,-1.95327],[30.22446,-1.95314],[30.22445,-1.95311],[30.22442,-1.95309],[30.2243,-1.95308],[30.2242,-1.95307],[30.22298,-1.95316],[30.22248,-1.95329],[30.22241,-1.95329],[30.22211,-1.95336],[30.222,-1.9536],[30.22201,-1.95378],[30.22182,-1.95376],[30.22155,-1.95367],[30.22137,-1.95348],[30.22128,-1.95326],[30.22083,-1.95338],[30.22058,-1.95353],[30.21984,-1.95421],[30.21937,-1.95455],[30.21919,-1.95459],[30.2188,-1.95493],[30.21861,-1.95496],[30.2186,-1.95512],[30.21844,-1.95512],[30.21834,-1.9551],[30.21823,-1.95505],[30.21792,-1.95506],[30.21788,-1.95503],[30.21782,-1.95498],[30.21773,-1.95497],[30.21773,-1.95495],[30.21763,-1.95495],[30.21757,-1.95494],[30.21754,-1.95492],[30.21743,-1.95491],[30.21726,-1.95493],[30.21711,-1.95498],[30.21679,-1.955],[30.21626,-1.95508],[30.21589,-1.9551],[30.2156,-1.9551],[30.2154,-1.95509],[30.21527,-1.9551],[30.21523,-1.95514],[30.21523,-1.95514],[30.21523,-1.95514],[30.21522,-1.95515],[30.21523,-1.95532],[30.21525,-1.95538],[30.21522,-1.9554],[30.21517,-1.9554],[30.21515,-1.95537],[30.21509,-1.95536],[30.215,-1.95538],[30.21493,-1.95541],[30.21492,-1.95542],[30.21479,-1.95546],[30.21451,-1.95548],[30.21437,-1.95553],[30.21429,-1.95557],[30.21418,-1.95566],[30.21403,-1.95569],[30.21374,-1.9559],[30.21359,-1.95594],[30.21351,-1.95598],[30.21312,-1.95642],[30.21291,-1.95657],[30.21275,-1.95666],[30.21269,-1.95667],[30.21266,-1.95667],[30.21261,-1.95677],[30.21248,-1.95688],[30.21242,-1.95694],[30.2128,-1.95717],[30.2133,-1.95785],[30.2138,-1.95977],[30.21421,-1.96075],[30.2142,-1.96079],[30.21423,-1.96091],[30.21429,-1.96105],[30.21447,-1.96173],[30.21447,-1.96211],[30.21461,-1.96285],[30.21501,-1.96412],[30.2151,-1.96473],[30.21502,-1.96568],[30.21511,-1.96685],[30.215,-1.96696],[30.21499,-1.96697],[30.21525,-1.96697],[30.21561,-1.96689],[30.2166,-1.96665],[30.21688,-1.96668],[30.21698,-1.96669],[30.21754,-1.96657],[30.21766,-1.96658],[30.21769,-1.96663],[30.21814,-1.96663],[30.21858,-1.96678],[30.21889,-1.96686],[30.21928,-1.96687],[30.21951,-1.96686],[30.22005,-1.96712],[30.22023,-1.96716],[30.22056,-1.96734],[30.22101,-1.96752],[30.22107,-1.96754],[30.22127,-1.96764],[30.22165,-1.96789],[30.22191,-1.96817],[30.22215,-1.96827],[30.22254,-1.96848],[30.22264,-1.96858],[30.22284,-1.96882],[30.22292,-1.96894],[30.22293,-1.96893],[30.22304,-1.96907],[30.22325,-1.96948],[30.22338,-1.9697],[30.22346,-1.9698],[30.22362,-1.96972],[30.22358,-1.96997],[30.22399,-1.97033],[30.22441,-1.97086],[30.22462,-1.97148],[30.22486,-1.97143],[30.22487,-1.97147],[30.22498,-1.97144],[30.22496,-1.97141],[30.22535,-1.97134],[30.22542,-1.9715],[30.22582,-1.97131],[30.22585,-1.97125],[30.22593,-1.97117],[30.22611,-1.9711],[30.22615,-1.97117],[30.22625,-1.97114],[30.22723,-1.97076],[30.22703,-1.97029],[30.22736,-1.97019],[30.22739,-1.9702],[30.2275,-1.97017],[30.2278,-1.97048],[30.22848,-1.97092],[30.22868,-1.97103],[30.2291,-1.96815],[30.22924,-1.96749],[30.22938,-1.96699],[30.22952,-1.96647],[30.22993,-1.96556],[30.23097,-1.96299],[30.23131,-1.96208],[30.23186,-1.96064],[30.23215,-1.9602],[30.23244,-1.95986],[30.23313,-1.95929],[30.23387,-1.95877],[30.23312,-1.95759],[30.23268,-1.95696],[30.23264,-1.95688],[30.23256,-1.95678],[30.23241,-1.95653],[30.23192,-1.95582],[30.23158,-1.95528],[30.23139,-1.95503],[30.23102,-1.95448],[30.23074,-1.95412],[30.23054,-1.95376],[30.23035,-1.95347],[30.23018,-1.9532],[30.2297,-1.95254]]]}},{"type":"Feature","properties":{"d":"Nyarugenge","s":"Rwezamenyo","c":"Kabuguru I"},"geometry":{"type":"Polygon","coordinates":[[[30.05587,-1.96051],[30.05582,-1.96016],[30.05573,-1.96023],[30.05563,-1.96035],[30.05565,-1.96037],[30.05555,-1.96045],[30.05523,-1.96057],[30.05522,-1.96055],[30.05521,-1.96057],[30.05525,-1.96071],[30.05537,-1.96164],[30.05552,-1.96271],[30.05557,-1.96346],[30.05558,-1.96357],[30.05557,-1.96389],[30.05541,-1.96438],[30.0551,-1.96476],[30.05493,-1.96491],[30.05442,-1.96536],[30.05421,-1.96554],[30.05397,-1.96587],[30.05387,-1.96614],[30.05376,-1.96653],[30.05359,-1.9672],[30.05357,-1.96746],[30.05341,-1.96775],[30.05303,-1.9681],[30.05277,-1.96837],[30.05253,-1.9686],[30.0518,-1.96893],[30.05073,-1.96915],[30.05026,-1.96932],[30.04997,-1.96951],[30.04964,-1.96983],[30.04947,-1.96998],[30.04957,-1.9701],[30.04993,-1.97034],[30.05012,-1.97041],[30.05037,-1.97051],[30.05164,-1.97076],[30.05172,-1.97073],[30.05185,-1.97075],[30.05191,-1.97077],[30.05205,-1.97091],[30.05211,-1.9711],[30.05214,-1.97163],[30.05223,-1.9718],[30.0523,-1.9719],[30.05229,-1.97188],[30.05233,-1.97178],[30.05258,-1.97157],[30.05258,-1.9714],[30.05259,-1.97138],[30.05268,-1.97133],[30.05277,-1.97122],[30.05313,-1.97099],[30.05318,-1.97097],[30.05338,-1.9707],[30.05342,-1.97051],[30.05348,-1.97043],[30.05354,-1.97019],[30.05363,-1.97004],[30.05363,-1.96979],[30.05368,-1.96968],[30.0538,-1.96943],[30.05398,-1.96924],[30.05404,-1.96914],[30.05402,-1.969],[30.05407,-1.96894],[30.05411,-1.96888],[30.05413,-1.9688],[30.05421,-1.96866],[30.05425,-1.96856],[30.05426,-1.96846],[30.05426,-1.96829],[30.05437,-1.96797],[30.05434,-1.9678],[30.05435,-1.96771],[30.05448,-1.9674],[30.05453,-1.9672],[30.0545,-1.96706],[30.05449,-1.96703],[30.05459,-1.96679],[30.05489,-1.96657],[30.05495,-1.96653],[30.05509,-1.96597],[30.05512,-1.96594],[30.05513,-1.96588],[30.05534,-1.9655],[30.05557,-1.96512],[30.05558,-1.96496],[30.05559,-1.96493],[30.05567,-1.96473],[30.05587,-1.96441],[30.05593,-1.96433],[30.05594,-1.96427],[30.05603,-1.96407],[30.05614,-1.96385],[30.05619,-1.9633],[30.05616,-1.96311],[30.05613,-1.96306],[30.05611,-1.96257],[30.05618,-1.96219],[30.05607,-1.962],[30.05609,-1.9619],[30.05602,-1.96122],[30.0559,-1.96102],[30.05587,-1.96051]]]}},{"type":"Feature","properties":{"d":"Nyarugenge","s":"Rwezamenyo","c":"Kabuguru Ii"},"geometry":{"type":"Polygon","coordinates":[[[30.05037,-1.97051],[30.05012,-1.97041],[30.04993,-1.97034],[30.04957,-1.9701],[30.04947,-1.96998],[30.04941,-1.97004],[30.04791,-1.97089],[30.04775,-1.971],[30.04752,-1.97117],[30.0474,-1.97142],[30.04733,-1.9718],[30.0474,-1.97211],[30.04761,-1.9724],[30.04802,-1.97263],[30.04851,-1.97275],[30.04874,-1.97283],[30.04886,-1.97288],[30.04905,-1.97305],[30.04908,-1.97313],[30.04909,-1.97338],[30.04899,-1.97359],[30.04876,-1.97379],[30.04856,-1.9739],[30.0482,-1.97402],[30.0478,-1.97415],[30.04734,-1.97437],[30.04696,-1.97459],[30.04689,-1.97465],[30.0466,-1.97491],[30.04658,-1.97501],[30.04653,-1.97519],[30.04655,-1.97534],[30.04655,-1.97556],[30.0467,-1.97611],[30.04679,-1.97632],[30.04801,-1.976],[30.04827,-1.97596],[30.04888,-1.97573],[30.04955,-1.97555],[30.05003,-1.97541],[30.05037,-1.97519],[30.05068,-1.97503],[30.05074,-1.97496],[30.05052,-1.97498],[30.05047,-1.97469],[30.0505,-1.97464],[30.05056,-1.97461],[30.05074,-1.97434],[30.05093,-1.97417],[30.05096,-1.97407],[30.05106,-1.97397],[30.05121,-1.97381],[30.05142,-1.97348],[30.05165,-1.97324],[30.05186,-1.97283],[30.05199,-1.97249],[30.05203,-1.97232],[30.05213,-1.97211],[30.05231,-1.97191],[30.0523,-1.9719],[30.05223,-1.9718],[30.05214,-1.97163],[30.05211,-1.9711],[30.05205,-1.97091],[30.05191,-1.97077],[30.05185,-1.97075],[30.05172,-1.97073],[30.05164,-1.97076],[30.05037,-1.97051]]]}},{"type":"Feature","properties":{"d":"Gasabo","s":"Jabana","c":"Kabuye"},"geometry":{"type":"Polygon","coordinates":[[[30.06198,-1.86807],[30.06198,-1.86776],[30.06188,-1.86752],[30.06159,-1.86771],[30.06093,-1.86807],[30.06086,-1.86812],[30.06084,-1.86813],[30.06079,-1.86807],[30.06056,-1.86819],[30.06045,-1.86823],[30.06002,-1.86828],[30.05984,-1.86832],[30.0594,-1.86853],[30.05902,-1.86877],[30.05863,-1.86894],[30.05846,-1.86903],[30.05835,-1.86914],[30.05824,-1.86923],[30.05817,-1.86934],[30.05809,-1.8695],[30.0581,-1.86962],[30.05807,-1.86969],[30.05802,-1.86977],[30.05785,-1.86989],[30.05787,-1.87003],[30.05773,-1.87018],[30.05762,-1.87026],[30.05752,-1.87029],[30.05718,-1.87056],[30.05705,-1.8706],[30.05699,-1.87065],[30.05684,-1.87074],[30.05682,-1.87075],[30.05677,-1.87074],[30.05672,-1.87064],[30.05661,-1.8706],[30.05657,-1.8706],[30.0565,-1.87073],[30.05636,-1.87094],[30.05622,-1.87099],[30.05606,-1.87103],[30.05589,-1.87116],[30.05574,-1.8713],[30.05558,-1.87135],[30.05558,-1.87137],[30.05548,-1.87143],[30.05535,-1.87152],[30.05481,-1.87202],[30.05482,-1.87204],[30.05455,-1.87245],[30.05423,-1.87282],[30.05413,-1.8729],[30.05385,-1.87306],[30.05345,-1.87322],[30.05332,-1.87329],[30.05297,-1.87354],[30.05274,-1.87377],[30.05249,-1.87395],[30.0524,-1.87404],[30.05228,-1.87413],[30.0516,-1.8748],[30.05105,-1.87548],[30.05065,-1.87585],[30.05022,-1.87643],[30.05004,-1.87661],[30.0497,-1.87617],[30.04959,-1.876],[30.04925,-1.87629],[30.04883,-1.87669],[30.04885,-1.87691],[30.04885,-1.87712],[30.04886,-1.87799],[30.04885,-1.87823],[30.04877,-1.87881],[30.04875,-1.8792],[30.04883,-1.8792],[30.0492,-1.87909],[30.04928,-1.8794],[30.04936,-1.87966],[30.04942,-1.87979],[30.04943,-1.87992],[30.04949,-1.88002],[30.04955,-1.88014],[30.04967,-1.88029],[30.04975,-1.88044],[30.0498,-1.88063],[30.04999,-1.88084],[30.05004,-1.88093],[30.05018,-1.88106],[30.05041,-1.88134],[30.05053,-1.88151],[30.05072,-1.88168],[30.05086,-1.88189],[30.05092,-1.88193],[30.05127,-1.88232],[30.05141,-1.88236],[30.05128,-1.88268],[30.05135,-1.88272],[30.05137,-1.88281],[30.0516,-1.88298],[30.05164,-1.883],[30.05167,-1.88301],[30.05158,-1.88324],[30.05155,-1.88362],[30.05147,-1.8838],[30.05151,-1.88397],[30.0515,-1.88406],[30.05146,-1.88413],[30.05136,-1.88413],[30.05134,-1.88416],[30.05123,-1.88437],[30.05123,-1.88439],[30.05129,-1.88443],[30.05132,-1.88448],[30.05142,-1.88456],[30.05145,-1.88461],[30.05146,-1.88468],[30.05145,-1.88488],[30.05147,-1.88497],[30.05138,-1.88506],[30.05133,-1.88516],[30.05125,-1.88523],[30.05119,-1.88535],[30.05116,-1.88556],[30.05111,-1.88573],[30.05111,-1.88577],[30.05109,-1.88577],[30.05105,-1.8859],[30.05107,-1.88591],[30.051,-1.88603],[30.05092,-1.88612],[30.05088,-1.88625],[30.05079,-1.88643],[30.05082,-1.88648],[30.05083,-1.88652],[30.05071,-1.88667],[30.0506,-1.88676],[30.05053,-1.88678],[30.05046,-1.88687],[30.0504,-1.88701],[30.05032,-1.88697],[30.05063,-1.88786],[30.05045,-1.88793],[30.05034,-1.88801],[30.05015,-1.88822],[30.05018,-1.88825],[30.05015,-1.88833],[30.05006,-1.88845],[30.04992,-1.88866],[30.04988,-1.88875],[30.04993,-1.88877],[30.04998,-1.88879],[30.0499,-1.88894],[30.05,-1.88901],[30.05003,-1.88905],[30.05003,-1.88908],[30.05,-1.8892],[30.04986,-1.88922],[30.04985,-1.88931],[30.0498,-1.8895],[30.04997,-1.88951],[30.05007,-1.88942],[30.05014,-1.88955],[30.05017,-1.88964],[30.0501,-1.88968],[30.05015,-1.88985],[30.05014,-1.88994],[30.05013,-1.89001],[30.05009,-1.89001],[30.05007,-1.88987],[30.05,-1.88976],[30.04984,-1.88989],[30.04976,-1.89029],[30.04967,-1.89053],[30.04966,-1.8907],[30.04961,-1.89101],[30.04958,-1.89114],[30.04954,-1.89143],[30.0495,-1.89202],[30.04947,-1.89216],[30.04946,-1.89261],[30.04943,-1.89284],[30.04947,-1.89311],[30.04946,-1.89321],[30.04947,-1.89341],[30.04949,-1.89344],[30.04951,-1.89345],[30.04952,-1.89349],[30.0496,-1.89366],[30.0496,-1.89401],[30.04964,-1.8942],[30.0497,-1.89436],[30.04977,-1.89482],[30.04979,-1.89486],[30.04978,-1.895],[30.04987,-1.89577],[30.05006,-1.8966],[30.05008,-1.89657],[30.05015,-1.89663],[30.05018,-1.89672],[30.05019,-1.89684],[30.05029,-1.89703],[30.05031,-1.89713],[30.05028,-1.89727],[30.05023,-1.89737],[30.05021,-1.89759],[30.05035,-1.89797],[30.05036,-1.89809],[30.05041,-1.89811],[30.05053,-1.89844],[30.05058,-1.89907],[30.05064,-1.89978],[30.05059,-1.90003],[30.05004,-1.90105],[30.05014,-1.90107],[30.05045,-1.90137],[30.05047,-1.90141],[30.0505,-1.90144],[30.05051,-1.90147],[30.05055,-1.90173],[30.05076,-1.90212],[30.05099,-1.90227],[30.0512,-1.90251],[30.05129,-1.90259],[30.05138,-1.9027],[30.05146,-1.90284],[30.05155,-1.9035],[30.05159,-1.90351],[30.05165,-1.90372],[30.05169,-1.904],[30.05182,-1.90435],[30.05183,-1.90444],[30.05174,-1.90466],[30.05172,-1.90482],[30.05172,-1.90488],[30.05176,-1.90502],[30.05181,-1.90511],[30.05188,-1.90518],[30.05205,-1.90528],[30.05211,-1.90533],[30.0522,-1.9056],[30.05226,-1.9057],[30.05226,-1.90574],[30.05229,-1.90574],[30.05236,-1.90569],[30.05271,-1.90539],[30.05308,-1.90514],[30.05323,-1.90499],[30.05358,-1.90472],[30.05383,-1.9045],[30.05386,-1.90449],[30.05426,-1.90416],[30.05467,-1.90385],[30.05495,-1.9036],[30.05562,-1.90311],[30.05662,-1.90231],[30.05721,-1.90187],[30.05756,-1.90156],[30.05801,-1.90122],[30.05833,-1.90099],[30.05898,-1.90044],[30.05936,-1.90018],[30.05963,-1.89992],[30.05991,-1.89972],[30.0601,-1.89957],[30.06071,-1.89915],[30.06122,-1.89887],[30.06139,-1.89875],[30.06222,-1.89829],[30.06262,-1.89802],[30.06286,-1.89783],[30.06297,-1.89772],[30.06326,-1.89752],[30.06339,-1.89739],[30.06351,-1.89731],[30.06369,-1.89716],[30.06382,-1.897],[30.06395,-1.89692],[30.06408,-1.8968],[30.06479,-1.89636],[30.06539,-1.89603],[30.06748,-1.89488],[30.06948,-1.89386],[30.07132,-1.89292],[30.07219,-1.89246],[30.07189,-1.89221],[30.07161,-1.892],[30.07148,-1.89186],[30.07128,-1.89147],[30.07121,-1.89144],[30.07123,-1.89143],[30.07116,-1.89127],[30.0717,-1.89069],[30.07185,-1.89048],[30.07198,-1.89037],[30.07212,-1.89022],[30.07224,-1.89007],[30.07231,-1.88994],[30.07239,-1.88985],[30.07258,-1.88958],[30.07285,-1.88929],[30.07292,-1.88916],[30.07322,-1.88882],[30.07328,-1.88871],[30.07347,-1.88849],[30.07351,-1.88843],[30.07356,-1.88831],[30.07355,-1.88827],[30.07349,-1.88788],[30.07327,-1.88688],[30.07324,-1.88668],[30.07313,-1.8862],[30.07309,-1.88617],[30.07301,-1.88607],[30.0728,-1.88597],[30.07253,-1.88563],[30.07236,-1.88543],[30.07186,-1.88437],[30.07176,-1.88405],[30.07176,-1.8837],[30.07158,-1.88323],[30.06996,-1.8815],[30.06913,-1.87979],[30.06911,-1.8795],[30.06895,-1.87898],[30.06872,-1.87856],[30.0684,-1.87809],[30.06813,-1.87752],[30.06784,-1.87634],[30.06768,-1.87594],[30.06746,-1.87562],[30.06723,-1.87528],[30.06379,-1.87153],[30.06381,-1.87152],[30.06372,-1.87128],[30.06362,-1.87112],[30.06333,-1.87058],[30.06327,-1.87042],[30.06316,-1.87022],[30.06309,-1.87013],[30.06298,-1.86991],[30.06276,-1.86955],[30.06222,-1.86854],[30.06208,-1.86833],[30.06198,-1.86807]]]}},{"type":"Feature","properties":{"d":"Gasabo","s":"Rutunga","c":"Kacyatwa"},"geometry":{"type":"Polygon","coordinates":[[[30.19752,-1.82209],[30.19712,-1.82151],[30.19655,-1.8209],[30.19647,-1.82083],[30.1954,-1.8199],[30.19432,-1.81923],[30.19317,-1.81868],[30.1919,-1.81738],[30.19155,-1.81684],[30.1909,-1.81462],[30.19058,-1.81419],[30.19034,-1.81386],[30.18969,-1.81472],[30.18917,-1.81518],[30.18855,-1.81547],[30.18798,-1.81557],[30.18709,-1.81582],[30.18654,-1.8162],[30.18532,-1.81739],[30.184,-1.81841],[30.18358,-1.81924],[30.183,-1.82002],[30.18289,-1.8206],[30.18288,-1.82122],[30.18279,-1.82137],[30.18265,-1.82155],[30.18267,-1.82158],[30.18267,-1.82163],[30.18261,-1.82169],[30.18248,-1.8219],[30.18234,-1.82209],[30.18224,-1.82221],[30.18207,-1.82247],[30.18196,-1.82261],[30.18186,-1.82258],[30.18171,-1.82273],[30.18155,-1.82297],[30.18151,-1.823],[30.18139,-1.82315],[30.18133,-1.82338],[30.18165,-1.82369],[30.18168,-1.8237],[30.18171,-1.82369],[30.18169,-1.82397],[30.18162,-1.82392],[30.1813,-1.82387],[30.18121,-1.82413],[30.18107,-1.82438],[30.18107,-1.82449],[30.18099,-1.82473],[30.18095,-1.82482],[30.18085,-1.82496],[30.18081,-1.82508],[30.1807,-1.82523],[30.18056,-1.82575],[30.18056,-1.82596],[30.18069,-1.82619],[30.18079,-1.82638],[30.1811,-1.82657],[30.18126,-1.82678],[30.18129,-1.82676],[30.18139,-1.82691],[30.18157,-1.82741],[30.18165,-1.82771],[30.1817,-1.82797],[30.18175,-1.82847],[30.18186,-1.8289],[30.18187,-1.82909],[30.18185,-1.82942],[30.1819,-1.82964],[30.18196,-1.82986],[30.18203,-1.82998],[30.18211,-1.8302],[30.18237,-1.83062],[30.18239,-1.83073],[30.18238,-1.83088],[30.18232,-1.83126],[30.18218,-1.83167],[30.18212,-1.83194],[30.18203,-1.83219],[30.18201,-1.83242],[30.18209,-1.83244],[30.18214,-1.83247],[30.18217,-1.83252],[30.1822,-1.83287],[30.18218,-1.83298],[30.18213,-1.83305],[30.18208,-1.83309],[30.18199,-1.83314],[30.18198,-1.83321],[30.1819,-1.83347],[30.1819,-1.83351],[30.18197,-1.83367],[30.182,-1.83385],[30.18202,-1.83386],[30.18202,-1.83392],[30.18206,-1.83408],[30.18209,-1.83406],[30.18234,-1.83396],[30.18254,-1.83385],[30.18348,-1.83351],[30.18409,-1.83338],[30.18459,-1.83337],[30.1848,-1.83342],[30.18496,-1.83353],[30.18526,-1.83377],[30.18549,-1.83404],[30.18557,-1.83428],[30.18536,-1.83433],[30.18527,-1.83442],[30.18506,-1.83451],[30.18526,-1.83504],[30.18605,-1.83555],[30.18506,-1.83612],[30.18489,-1.83632],[30.18446,-1.83606],[30.18404,-1.83585],[30.18365,-1.83628],[30.18346,-1.83616],[30.18326,-1.83645],[30.18306,-1.83659],[30.18283,-1.83688],[30.18288,-1.83693],[30.18306,-1.83726],[30.18333,-1.83762],[30.18254,-1.8378],[30.18192,-1.83807],[30.18064,-1.83821],[30.18044,-1.8383],[30.17961,-1.83965],[30.17934,-1.84013],[30.17921,-1.84031],[30.17879,-1.84065],[30.17883,-1.84069],[30.17868,-1.84077],[30.17857,-1.84086],[30.17833,-1.84094],[30.17812,-1.84103],[30.17796,-1.84116],[30.17777,-1.84122],[30.17758,-1.8413],[30.17744,-1.84139],[30.17733,-1.84147],[30.17709,-1.84172],[30.17652,-1.84226],[30.17628,-1.8428],[30.17605,-1.84373],[30.17576,-1.84403],[30.1756,-1.84432],[30.17419,-1.84519],[30.17361,-1.8457],[30.17355,-1.84579],[30.1731,-1.84682],[30.17372,-1.84705],[30.17441,-1.8475],[30.17465,-1.8479],[30.17509,-1.84903],[30.1752,-1.84917],[30.17571,-1.84956],[30.17695,-1.85013],[30.17697,-1.85018],[30.17715,-1.85027],[30.17756,-1.85054],[30.1778,-1.8508],[30.17789,-1.85085],[30.17792,-1.85085],[30.17852,-1.85141],[30.17885,-1.85161],[30.17903,-1.85169],[30.17916,-1.85179],[30.17939,-1.85193],[30.18033,-1.85259],[30.18039,-1.85262],[30.18047,-1.85269],[30.18194,-1.85387],[30.18303,-1.85463],[30.18365,-1.85498],[30.18413,-1.85621],[30.18505,-1.85746],[30.18577,-1.85701],[30.18673,-1.85655],[30.18713,-1.85641],[30.18804,-1.85613],[30.1898,-1.8552],[30.19059,-1.85501],[30.19066,-1.85497],[30.19091,-1.85495],[30.1913,-1.85484],[30.19137,-1.85478],[30.19145,-1.85461],[30.19155,-1.85444],[30.19173,-1.85422],[30.19186,-1.85413],[30.19219,-1.85408],[30.19241,-1.85392],[30.19246,-1.85391],[30.19252,-1.85383],[30.19296,-1.85335],[30.19305,-1.85329],[30.19303,-1.85328],[30.19313,-1.85313],[30.19312,-1.85311],[30.19324,-1.85304],[30.19322,-1.85298],[30.19333,-1.85284],[30.19335,-1.85258],[30.19314,-1.85125],[30.19307,-1.85107],[30.19299,-1.85073],[30.19289,-1.85039],[30.19289,-1.85026],[30.19285,-1.85009],[30.19281,-1.84971],[30.1926,-1.84957],[30.19257,-1.84948],[30.19246,-1.84924],[30.19246,-1.84922],[30.1926,-1.84918],[30.1924,-1.84871],[30.19231,-1.84845],[30.19225,-1.84803],[30.19222,-1.84797],[30.19218,-1.84774],[30.19209,-1.84775],[30.19207,-1.84772],[30.19206,-1.84759],[30.19204,-1.84754],[30.19202,-1.84743],[30.19193,-1.84708],[30.19162,-1.84638],[30.19158,-1.84642],[30.1915,-1.84635],[30.19142,-1.84619],[30.19157,-1.8461],[30.19155,-1.8461],[30.19143,-1.84617],[30.19137,-1.84603],[30.19131,-1.84595],[30.19132,-1.8459],[30.19132,-1.84585],[30.19128,-1.84574],[30.19116,-1.84582],[30.19085,-1.84558],[30.19062,-1.84554],[30.1905,-1.84532],[30.1904,-1.84523],[30.19033,-1.84522],[30.19018,-1.84512],[30.19008,-1.84499],[30.19046,-1.84485],[30.1907,-1.84467],[30.1909,-1.84446],[30.19117,-1.84424],[30.19174,-1.84386],[30.19234,-1.84359],[30.19259,-1.84355],[30.19254,-1.84352],[30.19255,-1.84348],[30.1925,-1.84332],[30.19244,-1.84308],[30.19244,-1.84305],[30.19248,-1.84303],[30.19279,-1.84292],[30.19304,-1.84293],[30.19348,-1.8429],[30.19381,-1.84284],[30.19439,-1.84296],[30.19531,-1.84333],[30.19546,-1.84337],[30.19588,-1.84344],[30.1963,-1.84358],[30.19679,-1.84377],[30.19681,-1.84376],[30.19715,-1.84336],[30.19713,-1.84324],[30.19727,-1.84302],[30.19736,-1.84295],[30.19755,-1.84259],[30.19761,-1.84254],[30.19765,-1.84241],[30.19785,-1.84224],[30.19775,-1.84215],[30.19775,-1.84208],[30.19782,-1.84186],[30.19786,-1.84166],[30.19766,-1.84156],[30.19774,-1.84139],[30.19783,-1.84127],[30.19821,-1.8412],[30.19821,-1.84114],[30.19805,-1.84091],[30.19794,-1.84081],[30.1979,-1.84056],[30.198,-1.84036],[30.19827,-1.84038],[30.19825,-1.83987],[30.19818,-1.83975],[30.1982,-1.83965],[30.19816,-1.83931],[30.19816,-1.83909],[30.1982,-1.8389],[30.1982,-1.83873],[30.19818,-1.83869],[30.19817,-1.83858],[30.19807,-1.83844],[30.19808,-1.83828],[30.19793,-1.83777],[30.19789,-1.83747],[30.19789,-1.83704],[30.19767,-1.83708],[30.19742,-1.83703],[30.19722,-1.83704],[30.19686,-1.83701],[30.19648,-1.83625],[30.19736,-1.8355],[30.19786,-1.83495],[30.19792,-1.83491],[30.19791,-1.83486],[30.19798,-1.83473],[30.1982,-1.8345],[30.19838,-1.8344],[30.1987,-1.83418],[30.19886,-1.83399],[30.19919,-1.83367],[30.19965,-1.83336],[30.19969,-1.83335],[30.19974,-1.83338],[30.19987,-1.83337],[30.2,-1.83331],[30.2004,-1.83297],[30.20076,-1.83282],[30.20092,-1.83252],[30.20132,-1.83224],[30.20162,-1.83206],[30.20168,-1.83201],[30.20184,-1.83191],[30.20219,-1.83171],[30.20234,-1.83167],[30.20284,-1.83128],[30.20315,-1.83116],[30.20353,-1.83074],[30.20286,-1.82963],[30.20274,-1.82906],[30.20215,-1.82783],[30.2019,-1.82749],[30.20174,-1.82699],[30.19984,-1.82468],[30.1993,-1.82412],[30.19804,-1.82262],[30.19752,-1.82209]]]}},{"type":"Feature","properties":{"d":"Kicukiro","s":"Gahanga","c":"Kagasa"},"geometry":{"type":"Polygon","coordinates":[[[30.11258,-1.99889],[30.11246,-1.99885],[30.11245,-1.99879],[30.11225,-1.99867],[30.11214,-1.99863],[30.11182,-1.99858],[30.11161,-1.99848],[30.11137,-1.99823],[30.11134,-1.99813],[30.11127,-1.99806],[30.11112,-1.99804],[30.11102,-1.99808],[30.11088,-1.9982],[30.11082,-1.99827],[30.11074,-1.99845],[30.11068,-1.99852],[30.11043,-1.99866],[30.11036,-1.99888],[30.11028,-1.99894],[30.11008,-1.99882],[30.11001,-1.99872],[30.10989,-1.99863],[30.10972,-1.99863],[30.10964,-1.99869],[30.10955,-1.9987],[30.10928,-1.99859],[30.10892,-1.99877],[30.10882,-1.99885],[30.10871,-1.99896],[30.10857,-1.999],[30.10833,-1.99903],[30.10812,-1.99898],[30.10806,-1.99895],[30.10779,-1.99905],[30.10766,-1.99917],[30.10747,-1.99918],[30.10727,-1.99922],[30.10702,-1.9993],[30.10677,-1.99941],[30.10663,-1.99942],[30.10638,-1.99941],[30.10636,-1.99942],[30.10634,-1.99945],[30.10638,-1.99952],[30.10637,-1.99962],[30.10632,-1.99971],[30.10622,-1.99978],[30.10599,-2.0],[30.10595,-2.00013],[30.10576,-2.00022],[30.10568,-2.00028],[30.10559,-2.0004],[30.10544,-2.00049],[30.10532,-2.00054],[30.10513,-2.00065],[30.10492,-2.00068],[30.10479,-2.00075],[30.10455,-2.00084],[30.10439,-2.00088],[30.10417,-2.00096],[30.10385,-2.00121],[30.10342,-2.00152],[30.10299,-2.00177],[30.10293,-2.00186],[30.10298,-2.002],[30.10362,-2.00272],[30.10441,-2.00334],[30.10474,-2.00375],[30.10507,-2.00395],[30.10504,-2.00418],[30.10519,-2.00469],[30.10522,-2.00489],[30.10541,-2.00493],[30.10538,-2.00511],[30.1054,-2.00516],[30.10505,-2.00606],[30.10497,-2.00609],[30.10495,-2.00612],[30.10498,-2.00644],[30.105,-2.00654],[30.10497,-2.00664],[30.10481,-2.00672],[30.10479,-2.00674],[30.10479,-2.00678],[30.10431,-2.00695],[30.10465,-2.00817],[30.10514,-2.00818],[30.10573,-2.00834],[30.10623,-2.00859],[30.10639,-2.00873],[30.10667,-2.00899],[30.10707,-2.00954],[30.1073,-2.01011],[30.1074,-2.01055],[30.10753,-2.01188],[30.10769,-2.01378],[30.10785,-2.01585],[30.10784,-2.01757],[30.10814,-2.01778],[30.10941,-2.01856],[30.10966,-2.01884],[30.11007,-2.0195],[30.1108,-2.02087],[30.11149,-2.02174],[30.11248,-2.02273],[30.11273,-2.0225],[30.11291,-2.02237],[30.11312,-2.02228],[30.11316,-2.02224],[30.11322,-2.02228],[30.11339,-2.02218],[30.11351,-2.02214],[30.11365,-2.02211],[30.11362,-2.02197],[30.11379,-2.02199],[30.11388,-2.02202],[30.11407,-2.02213],[30.11412,-2.02207],[30.11424,-2.02197],[30.11427,-2.022],[30.1146,-2.02218],[30.11458,-2.02227],[30.11457,-2.02241],[30.11455,-2.02245],[30.11432,-2.02265],[30.11439,-2.02285],[30.11446,-2.02292],[30.11465,-2.02296],[30.11473,-2.023],[30.11474,-2.02296],[30.11479,-2.02287],[30.11487,-2.02279],[30.11504,-2.02268],[30.11518,-2.02263],[30.11549,-2.0226],[30.1155,-2.02266],[30.11554,-2.02269],[30.1158,-2.02277],[30.11591,-2.02282],[30.11599,-2.02273],[30.11602,-2.02266],[30.11621,-2.02274],[30.11647,-2.02281],[30.11636,-2.023],[30.11651,-2.02307],[30.11661,-2.02303],[30.11676,-2.023],[30.11676,-2.02289],[30.11687,-2.02285],[30.11701,-2.02293],[30.11714,-2.02277],[30.11723,-2.02274],[30.11737,-2.02277],[30.11742,-2.02289],[30.11749,-2.02292],[30.11752,-2.02299],[30.11737,-2.02306],[30.11743,-2.02318],[30.11758,-2.02308],[30.11775,-2.0233],[30.11784,-2.02329],[30.11801,-2.0232],[30.11856,-2.02317],[30.11857,-2.02319],[30.11901,-2.02362],[30.11931,-2.02378],[30.11958,-2.02389],[30.11966,-2.02394],[30.1202,-2.02407],[30.12049,-2.0242],[30.12074,-2.02424],[30.12145,-2.0243],[30.12253,-2.02434],[30.12342,-2.02433],[30.12369,-2.02434],[30.12494,-2.02446],[30.12546,-2.02449],[30.12566,-2.02453],[30.12647,-2.02454],[30.12791,-2.02444],[30.13019,-2.02418],[30.13044,-2.02415],[30.13113,-2.02406],[30.13148,-2.0241],[30.13171,-2.02406],[30.13188,-2.02406],[30.13185,-2.02397],[30.13183,-2.02378],[30.13221,-2.0237],[30.13224,-2.02392],[30.13231,-2.02423],[30.13243,-2.02424],[30.13244,-2.02429],[30.13254,-2.02425],[30.13275,-2.02408],[30.13282,-2.02398],[30.13578,-2.02385],[30.13712,-2.02376],[30.13849,-2.02372],[30.13912,-2.0237],[30.1376,-2.02042],[30.13746,-2.02002],[30.13707,-2.01816],[30.13677,-2.01677],[30.13594,-2.01472],[30.1358,-2.01427],[30.13577,-2.01424],[30.13554,-2.01417],[30.13524,-2.01409],[30.13492,-2.01402],[30.13455,-2.01403],[30.13436,-2.01398],[30.13417,-2.01386],[30.13398,-2.01376],[30.13379,-2.01368],[30.13373,-2.01359],[30.1338,-2.01339],[30.13381,-2.01332],[30.13377,-2.01327],[30.13368,-2.01322],[30.1336,-2.0132],[30.13363,-2.01308],[30.13363,-2.01304],[30.13342,-2.01285],[30.13338,-2.01286],[30.13317,-2.01305],[30.13314,-2.01306],[30.13303,-2.013],[30.13275,-2.01294],[30.13223,-2.01273],[30.13198,-2.01265],[30.13172,-2.01267],[30.13144,-2.01265],[30.13127,-2.01269],[30.13116,-2.0127],[30.12913,-2.01164],[30.12912,-2.01165],[30.129,-2.01156],[30.12899,-2.01157],[30.12865,-2.01139],[30.12863,-2.01145],[30.12858,-2.01149],[30.12854,-2.0115],[30.12836,-2.01129],[30.12831,-2.01121],[30.12655,-2.0103],[30.12633,-2.01032],[30.12621,-2.01],[30.12556,-2.00944],[30.12528,-2.00898],[30.12508,-2.00883],[30.12498,-2.00869],[30.12489,-2.00863],[30.12488,-2.0086],[30.12486,-2.00851],[30.12463,-2.0082],[30.12444,-2.00799],[30.12437,-2.00799],[30.12429,-2.00786],[30.12432,-2.00784],[30.12425,-2.00774],[30.12423,-2.00764],[30.12416,-2.00752],[30.12412,-2.00741],[30.1241,-2.00737],[30.1239,-2.00715],[30.1238,-2.007],[30.12369,-2.00692],[30.12365,-2.00686],[30.12356,-2.00666],[30.12346,-2.00635],[30.12327,-2.00596],[30.12316,-2.00581],[30.12291,-2.00559],[30.12281,-2.00542],[30.12273,-2.00532],[30.12248,-2.00498],[30.12236,-2.00486],[30.12226,-2.00473],[30.12218,-2.00465],[30.12189,-2.00432],[30.12143,-2.004],[30.12121,-2.00384],[30.12115,-2.00377],[30.12108,-2.00363],[30.12066,-2.00332],[30.12054,-2.00319],[30.12048,-2.0031],[30.1204,-2.00306],[30.12033,-2.00305],[30.12016,-2.00296],[30.12,-2.0029],[30.11963,-2.00265],[30.11946,-2.00255],[30.11909,-2.00242],[30.11903,-2.00238],[30.1184,-2.00216],[30.11785,-2.00193],[30.11709,-2.00137],[30.11705,-2.00131],[30.11683,-2.00117],[30.11633,-2.00104],[30.11621,-2.00104],[30.11601,-2.00098],[30.11566,-2.00072],[30.11559,-2.0006],[30.11548,-2.00054],[30.1154,-2.00045],[30.11525,-2.00036],[30.11503,-2.00034],[30.11502,-2.00034],[30.11487,-2.00036],[30.11476,-2.00043],[30.11469,-2.00044],[30.11446,-2.00032],[30.11435,-2.00034],[30.11414,-2.00032],[30.11396,-2.00036],[30.11361,-2.00033],[30.11295,-2.0],[30.11291,-1.99992],[30.11295,-1.99957],[30.11258,-1.99889]]]}},{"type":"Feature","properties":{"d":"Kicukiro","s":"Kicukiro","c":"Kagina"},"geometry":{"type":"Polygon","coordinates":[[[30.09291,-1.96532],[30.09279,-1.96528],[30.09248,-1.96523],[30.0924,-1.9652],[30.09221,-1.96518],[30.09201,-1.96516],[30.09128,-1.96498],[30.09093,-1.96492],[30.09065,-1.96483],[30.09048,-1.9648],[30.09043,-1.96477],[30.08958,-1.96466],[30.08847,-1.96444],[30.08736,-1.96422],[30.08728,-1.96417],[30.08695,-1.96407],[30.08657,-1.96393],[30.08657,-1.96391],[30.08642,-1.96387],[30.08639,-1.96387],[30.08636,-1.96389],[30.0863,-1.96394],[30.08629,-1.96397],[30.08645,-1.96421],[30.08661,-1.9645],[30.0871,-1.96523],[30.08739,-1.96559],[30.0878,-1.96633],[30.0882,-1.9678],[30.08824,-1.96886],[30.08831,-1.96882],[30.08837,-1.96876],[30.0886,-1.96848],[30.08877,-1.96817],[30.08902,-1.96742],[30.08925,-1.96715],[30.08951,-1.967],[30.08966,-1.96696],[30.09001,-1.96696],[30.09058,-1.9671],[30.09167,-1.96747],[30.0942,-1.96808],[30.09709,-1.96879],[30.09728,-1.96882],[30.09739,-1.96884],[30.09781,-1.96891],[30.09852,-1.96898],[30.09951,-1.96901],[30.10034,-1.969],[30.10068,-1.96894],[30.10083,-1.96863],[30.10107,-1.96829],[30.10134,-1.96788],[30.10133,-1.96784],[30.10126,-1.96781],[30.10121,-1.96774],[30.10094,-1.9676],[30.10088,-1.96751],[30.10079,-1.96744],[30.10055,-1.96727],[30.1,-1.96683],[30.09947,-1.96645],[30.09891,-1.96601],[30.09869,-1.96577],[30.0985,-1.96535],[30.09847,-1.96497],[30.09847,-1.96417],[30.09828,-1.9642],[30.09798,-1.96441],[30.09783,-1.9646],[30.09773,-1.96497],[30.09773,-1.96545],[30.09776,-1.96563],[30.09784,-1.96583],[30.09788,-1.96597],[30.09797,-1.96605],[30.09815,-1.9663],[30.09821,-1.96637],[30.09822,-1.96638],[30.09776,-1.96658],[30.09766,-1.96668],[30.0974,-1.96692],[30.09714,-1.96671],[30.09697,-1.96662],[30.0968,-1.9665],[30.09656,-1.96628],[30.09625,-1.96602],[30.09621,-1.96603],[30.09619,-1.96597],[30.09611,-1.96592],[30.09608,-1.96593],[30.09605,-1.96591],[30.09603,-1.96586],[30.09582,-1.96573],[30.09581,-1.96573],[30.09585,-1.96562],[30.09564,-1.96561],[30.0955,-1.96562],[30.09541,-1.96555],[30.09526,-1.9655],[30.09518,-1.96544],[30.09506,-1.96545],[30.09491,-1.96541],[30.09477,-1.96534],[30.09458,-1.96527],[30.09439,-1.96515],[30.09431,-1.96513],[30.09416,-1.96511],[30.09412,-1.96511],[30.09408,-1.96526],[30.09404,-1.9653],[30.09399,-1.96532],[30.09377,-1.96531],[30.09328,-1.96524],[30.09324,-1.96525],[30.09315,-1.96534],[30.09311,-1.96535],[30.09291,-1.96532]]]}},{"type":"Feature","properties":{"d":"Gasabo","s":"Kinyinya","c":"Kagugu"},"geometry":{"type":"Polygon","coordinates":[[[30.08563,-1.88906],[30.08487,-1.88864],[30.08457,-1.88852],[30.08402,-1.88861],[30.08327,-1.88872],[30.0828,-1.88884],[30.0817,-1.88919],[30.08164,-1.88923],[30.08145,-1.88923],[30.08133,-1.8893],[30.08118,-1.88932],[30.08067,-1.88929],[30.08042,-1.88933],[30.08004,-1.88942],[30.07951,-1.88963],[30.07843,-1.89021],[30.07808,-1.89045],[30.07783,-1.89075],[30.07745,-1.89099],[30.07716,-1.89114],[30.0768,-1.89126],[30.07607,-1.89146],[30.07578,-1.8915],[30.07568,-1.89155],[30.07544,-1.89163],[30.07531,-1.8917],[30.07497,-1.89179],[30.07463,-1.89178],[30.07354,-1.89186],[30.07348,-1.89191],[30.07343,-1.89203],[30.07337,-1.89204],[30.07334,-1.89203],[30.07309,-1.89211],[30.07247,-1.89242],[30.07231,-1.89252],[30.07219,-1.89246],[30.07132,-1.89292],[30.06948,-1.89386],[30.06748,-1.89488],[30.06539,-1.89603],[30.06479,-1.89636],[30.06408,-1.8968],[30.06395,-1.89692],[30.06382,-1.897],[30.06369,-1.89716],[30.06351,-1.89731],[30.06339,-1.89739],[30.06326,-1.89752],[30.06297,-1.89772],[30.06286,-1.89783],[30.06262,-1.89802],[30.06222,-1.89829],[30.06139,-1.89875],[30.06122,-1.89887],[30.06071,-1.89915],[30.0601,-1.89957],[30.05991,-1.89972],[30.05963,-1.89992],[30.05936,-1.90018],[30.05898,-1.90044],[30.05833,-1.90099],[30.05801,-1.90122],[30.05998,-1.90234],[30.06108,-1.90301],[30.06139,-1.90319],[30.06316,-1.90296],[30.06425,-1.90255],[30.06473,-1.90251],[30.06581,-1.90262],[30.06637,-1.90279],[30.0672,-1.90287],[30.06812,-1.90305],[30.06819,-1.90306],[30.06829,-1.90317],[30.06842,-1.90355],[30.06846,-1.90367],[30.06874,-1.90406],[30.07031,-1.90586],[30.07093,-1.90625],[30.07155,-1.90714],[30.07244,-1.90752],[30.07389,-1.908],[30.07413,-1.90857],[30.0744,-1.90936],[30.07441,-1.90956],[30.07445,-1.91008],[30.07438,-1.91016],[30.07434,-1.9102],[30.07431,-1.9102],[30.07433,-1.9103],[30.07454,-1.91102],[30.07455,-1.911],[30.07471,-1.9113],[30.0748,-1.9113],[30.07479,-1.91133],[30.0747,-1.9114],[30.07472,-1.91143],[30.07479,-1.91156],[30.07481,-1.91188],[30.07487,-1.91202],[30.07493,-1.91212],[30.07499,-1.91233],[30.07497,-1.91236],[30.07499,-1.91243],[30.07508,-1.91265],[30.0751,-1.91267],[30.0753,-1.91327],[30.07558,-1.91364],[30.07596,-1.91425],[30.07615,-1.91458],[30.07616,-1.91469],[30.07577,-1.91523],[30.07566,-1.91553],[30.07581,-1.9156],[30.07592,-1.91575],[30.07593,-1.91584],[30.07541,-1.91674],[30.07526,-1.9169],[30.07529,-1.91697],[30.07535,-1.91708],[30.07538,-1.91735],[30.07533,-1.91751],[30.07528,-1.9176],[30.07522,-1.91765],[30.07525,-1.91781],[30.07526,-1.91806],[30.07525,-1.91836],[30.07523,-1.91839],[30.07506,-1.91874],[30.07503,-1.91879],[30.07501,-1.91918],[30.07483,-1.91939],[30.07485,-1.9202],[30.07492,-1.92064],[30.07498,-1.92102],[30.07505,-1.92137],[30.07542,-1.92127],[30.07578,-1.92203],[30.07549,-1.92236],[30.07572,-1.92263],[30.07609,-1.92298],[30.07634,-1.92325],[30.07689,-1.92229],[30.07752,-1.92168],[30.07812,-1.92135],[30.07882,-1.92095],[30.07925,-1.92083],[30.07953,-1.92069],[30.08033,-1.92029],[30.08183,-1.91939],[30.08245,-1.9193],[30.0838,-1.91912],[30.0843,-1.91905],[30.08424,-1.91874],[30.08421,-1.91868],[30.08431,-1.91828],[30.08433,-1.91811],[30.08447,-1.91808],[30.08459,-1.91752],[30.0848,-1.91748],[30.08509,-1.91717],[30.08515,-1.91708],[30.08531,-1.91667],[30.08534,-1.91662],[30.08528,-1.9166],[30.08529,-1.91653],[30.0853,-1.91648],[30.08535,-1.91641],[30.08563,-1.91594],[30.08575,-1.91578],[30.08577,-1.91578],[30.08579,-1.91575],[30.08603,-1.91551],[30.0862,-1.91539],[30.0865,-1.91522],[30.08691,-1.91507],[30.08741,-1.91489],[30.08732,-1.914],[30.08727,-1.91383],[30.08728,-1.91358],[30.08727,-1.91357],[30.08729,-1.91355],[30.0873,-1.91356],[30.08737,-1.91346],[30.08773,-1.9128],[30.08777,-1.91261],[30.08774,-1.9125],[30.08794,-1.91263],[30.08811,-1.91268],[30.08816,-1.91259],[30.08846,-1.91224],[30.08881,-1.91176],[30.08933,-1.911],[30.08939,-1.91081],[30.0894,-1.91072],[30.08943,-1.91068],[30.08957,-1.91063],[30.08956,-1.91062],[30.08936,-1.9105],[30.08934,-1.91053],[30.08925,-1.91047],[30.08975,-1.90957],[30.08993,-1.90931],[30.09022,-1.90897],[30.09037,-1.90919],[30.0911,-1.90861],[30.09,-1.90666],[30.08958,-1.90595],[30.08955,-1.90587],[30.08954,-1.9054],[30.08955,-1.90495],[30.08993,-1.90412],[30.09121,-1.90142],[30.09145,-1.9008],[30.09142,-1.90076],[30.09151,-1.90053],[30.0916,-1.90017],[30.09185,-1.89948],[30.09192,-1.89903],[30.09203,-1.89854],[30.09234,-1.8966],[30.09243,-1.89581],[30.09245,-1.8958],[30.09247,-1.89554],[30.09261,-1.89465],[30.09267,-1.89413],[30.09209,-1.89376],[30.0912,-1.89324],[30.08955,-1.89191],[30.08823,-1.89086],[30.08819,-1.89083],[30.08819,-1.89082],[30.08818,-1.89082],[30.08818,-1.89081],[30.08678,-1.88969],[30.08646,-1.88947],[30.08563,-1.88906]]]}},{"type":"Feature","properties":{"d":"Kicukiro","s":"Gikondo","c":"Kagunga"},"geometry":{"type":"Polygon","coordinates":[[[30.07947,-1.97854],[30.0792,-1.97796],[30.07885,-1.97757],[30.07855,-1.97718],[30.07786,-1.97649],[30.0773,-1.9761],[30.07697,-1.97592],[30.07655,-1.97564],[30.07638,-1.97623],[30.07606,-1.97723],[30.07602,-1.97757],[30.07601,-1.97793],[30.07608,-1.9785],[30.07621,-1.97889],[30.07629,-1.97934],[30.07651,-1.98039],[30.07652,-1.98048],[30.07701,-1.98044],[30.07698,-1.98081],[30.0769,-1.98104],[30.07689,-1.98113],[30.0767,-1.98162],[30.07615,-1.98325],[30.07551,-1.9851],[30.07544,-1.98531],[30.07537,-1.98551],[30.07511,-1.98598],[30.07496,-1.98619],[30.07482,-1.98628],[30.07442,-1.98653],[30.07375,-1.98688],[30.07335,-1.98715],[30.07311,-1.98729],[30.07288,-1.98742],[30.0708,-1.98818],[30.07051,-1.98849],[30.07034,-1.98869],[30.07031,-1.9887],[30.07013,-1.98872],[30.06982,-1.98864],[30.06928,-1.98912],[30.06924,-1.9892],[30.06853,-1.99161],[30.06912,-1.99137],[30.07104,-1.99103],[30.07172,-1.99101],[30.07226,-1.99113],[30.0729,-1.99149],[30.07357,-1.99213],[30.07419,-1.99292],[30.07447,-1.99359],[30.07508,-1.99369],[30.07557,-1.99384],[30.07565,-1.99384],[30.07582,-1.99387],[30.07609,-1.99396],[30.07609,-1.994],[30.07754,-1.99433],[30.07755,-1.99429],[30.07758,-1.99423],[30.0781,-1.99368],[30.07842,-1.99314],[30.07794,-1.993],[30.07797,-1.99227],[30.07822,-1.99187],[30.07829,-1.99154],[30.07801,-1.99129],[30.07777,-1.99131],[30.07773,-1.9913],[30.07757,-1.99082],[30.0775,-1.99049],[30.07748,-1.99041],[30.07745,-1.99012],[30.07762,-1.9896],[30.07769,-1.98859],[30.07774,-1.98823],[30.07783,-1.98781],[30.07782,-1.98769],[30.07778,-1.9876],[30.07777,-1.98753],[30.07793,-1.98718],[30.07791,-1.98714],[30.07801,-1.9871],[30.07804,-1.98713],[30.07811,-1.98714],[30.07814,-1.98711],[30.07813,-1.98708],[30.07827,-1.98701],[30.07832,-1.98697],[30.07838,-1.98686],[30.07834,-1.98683],[30.07835,-1.98681],[30.07876,-1.98637],[30.07883,-1.98623],[30.07905,-1.98598],[30.07906,-1.98582],[30.07908,-1.98582],[30.07917,-1.98575],[30.07919,-1.98559],[30.07918,-1.98533],[30.07924,-1.98529],[30.07927,-1.98522],[30.07937,-1.98521],[30.07952,-1.98512],[30.07963,-1.98491],[30.07974,-1.98464],[30.07977,-1.9846],[30.07977,-1.98454],[30.07982,-1.98442],[30.07995,-1.98419],[30.08006,-1.98406],[30.08029,-1.9838],[30.08041,-1.98372],[30.08043,-1.98373],[30.08065,-1.98366],[30.08096,-1.98362],[30.08133,-1.98351],[30.08124,-1.98339],[30.08121,-1.98331],[30.08117,-1.98324],[30.0815,-1.98298],[30.08156,-1.9829],[30.08158,-1.98291],[30.08165,-1.98281],[30.08168,-1.98271],[30.08188,-1.98234],[30.08189,-1.98221],[30.08187,-1.98203],[30.08183,-1.98181],[30.08184,-1.98164],[30.08185,-1.98146],[30.08189,-1.9813],[30.08181,-1.98121],[30.08176,-1.98108],[30.08176,-1.98075],[30.08184,-1.98028],[30.08177,-1.98022],[30.08172,-1.98013],[30.08172,-1.97997],[30.08199,-1.97933],[30.08214,-1.97903],[30.08232,-1.97857],[30.08234,-1.97848],[30.08234,-1.97842],[30.082,-1.97843],[30.0818,-1.97837],[30.08155,-1.97842],[30.08143,-1.97843],[30.08125,-1.97834],[30.08114,-1.9783],[30.08089,-1.9786],[30.08087,-1.97858],[30.08055,-1.979],[30.08045,-1.97909],[30.08039,-1.97909],[30.08038,-1.97921],[30.0803,-1.97929],[30.07976,-1.97906],[30.07972,-1.97907],[30.07947,-1.97854]]]}},{"type":"Feature","properties":{"d":"Kicukiro","s":"Nyarugunga","c":"Kamashashi"},"geometry":{"type":"Polygon","coordinates":[[[30.18086,-1.97297],[30.18019,-1.9725],[30.17923,-1.97155],[30.17864,-1.97111],[30.17736,-1.97078],[30.17731,-1.97076],[30.17678,-1.97046],[30.17644,-1.97035],[30.17607,-1.97026],[30.17529,-1.96999],[30.1737,-1.96949],[30.1732,-1.96931],[30.17256,-1.96913],[30.17241,-1.96907],[30.17228,-1.96903],[30.17222,-1.96903],[30.17176,-1.96886],[30.17131,-1.96871],[30.17085,-1.96858],[30.17063,-1.96851],[30.17001,-1.96836],[30.16959,-1.9682],[30.16915,-1.968],[30.16875,-1.96785],[30.16846,-1.96775],[30.16825,-1.96764],[30.16762,-1.96739],[30.1674,-1.96732],[30.16711,-1.9672],[30.16658,-1.96706],[30.16468,-1.96625],[30.16421,-1.966],[30.16388,-1.96585],[30.16339,-1.96557],[30.16323,-1.96547],[30.16288,-1.96527],[30.16262,-1.96564],[30.16243,-1.966],[30.16224,-1.96642],[30.16187,-1.96643],[30.16159,-1.96648],[30.16146,-1.9666],[30.16144,-1.9667],[30.16135,-1.9668],[30.16128,-1.96694],[30.1611,-1.96745],[30.161,-1.96763],[30.16097,-1.96773],[30.16064,-1.96814],[30.16044,-1.96836],[30.16032,-1.96856],[30.16022,-1.96883],[30.16019,-1.96902],[30.16016,-1.96933],[30.16019,-1.96946],[30.1602,-1.96985],[30.16023,-1.97021],[30.16026,-1.97037],[30.16029,-1.97047],[30.16035,-1.97056],[30.16058,-1.97078],[30.1609,-1.97103],[30.16096,-1.97111],[30.161,-1.97125],[30.16099,-1.97169],[30.16097,-1.97187],[30.16093,-1.97199],[30.16091,-1.97209],[30.16064,-1.97279],[30.16054,-1.97298],[30.16046,-1.97319],[30.16024,-1.97365],[30.16016,-1.97385],[30.15998,-1.97426],[30.15984,-1.97452],[30.15974,-1.97465],[30.15962,-1.97495],[30.15946,-1.97523],[30.15935,-1.97537],[30.15917,-1.97572],[30.15893,-1.97601],[30.15881,-1.97612],[30.15871,-1.97615],[30.15837,-1.97633],[30.15827,-1.97643],[30.15797,-1.97658],[30.15803,-1.97763],[30.15812,-1.97822],[30.15829,-1.97932],[30.15845,-1.98013],[30.15878,-1.98151],[30.15889,-1.9822],[30.15914,-1.98318],[30.15928,-1.98371],[30.15942,-1.98467],[30.15952,-1.98522],[30.15892,-1.98609],[30.15918,-1.98634],[30.15925,-1.98653],[30.15988,-1.9876],[30.16011,-1.98787],[30.16071,-1.98963],[30.16097,-1.99053],[30.16128,-1.9913],[30.16175,-1.99281],[30.16231,-1.99281],[30.16284,-1.99306],[30.16329,-1.99347],[30.16362,-1.9941],[30.16408,-1.99455],[30.16452,-1.99482],[30.16483,-1.99551],[30.1653,-1.99611],[30.16649,-1.9971],[30.16756,-1.99776],[30.1678,-1.99805],[30.16772,-1.99905],[30.1677,-1.99907],[30.16769,-1.99917],[30.16762,-1.99929],[30.16755,-1.99936],[30.16739,-1.99958],[30.16753,-1.99983],[30.16827,-1.99936],[30.16973,-2.0008],[30.16989,-2.00113],[30.17246,-1.9995],[30.17332,-1.99889],[30.17408,-1.9985],[30.17512,-1.99792],[30.17845,-1.99621],[30.1785,-1.99631],[30.17873,-1.99703],[30.17876,-1.99706],[30.1788,-1.99706],[30.17979,-1.99639],[30.18028,-1.99611],[30.18044,-1.99595],[30.18075,-1.99573],[30.18087,-1.99561],[30.18125,-1.99517],[30.18215,-1.99457],[30.18257,-1.99423],[30.18268,-1.99411],[30.18281,-1.99396],[30.18361,-1.99314],[30.18439,-1.99246],[30.18534,-1.99157],[30.1857,-1.99128],[30.18599,-1.99107],[30.18635,-1.99074],[30.18718,-1.99006],[30.18718,-1.99002],[30.18701,-1.98969],[30.18695,-1.98965],[30.18602,-1.98856],[30.18631,-1.98794],[30.18642,-1.98769],[30.18457,-1.98745],[30.18385,-1.98732],[30.18372,-1.98731],[30.18372,-1.98723],[30.18367,-1.98588],[30.18368,-1.98569],[30.18366,-1.98549],[30.18364,-1.98471],[30.18362,-1.9846],[30.18361,-1.98442],[30.18364,-1.98412],[30.1836,-1.98411],[30.1836,-1.9841],[30.18368,-1.98367],[30.18367,-1.98162],[30.18369,-1.98156],[30.18367,-1.98154],[30.18367,-1.98107],[30.18351,-1.97894],[30.18346,-1.97859],[30.18339,-1.9781],[30.18292,-1.97716],[30.18247,-1.97646],[30.18124,-1.97495],[30.18117,-1.97482],[30.18086,-1.97453],[30.18078,-1.97443],[30.18077,-1.97312],[30.18079,-1.97313],[30.18085,-1.97315],[30.18084,-1.97312],[30.18086,-1.97297]]]}},{"type":"Feature","properties":{"d":"Gasabo","s":"Kacyiru","c":"Kamatamu"},"geometry":{"type":"Polygon","coordinates":[[[30.0909,-1.93483],[30.09081,-1.93473],[30.09067,-1.93465],[30.09045,-1.93455],[30.09017,-1.93429],[30.09009,-1.93416],[30.09003,-1.9341],[30.0895,-1.93384],[30.0891,-1.93359],[30.08873,-1.93342],[30.08846,-1.93336],[30.08832,-1.93327],[30.08791,-1.93313],[30.0875,-1.93294],[30.08724,-1.93284],[30.08682,-1.93263],[30.08633,-1.93243],[30.08627,-1.93237],[30.08589,-1.93222],[30.08589,-1.93223],[30.08581,-1.93255],[30.08565,-1.93305],[30.08562,-1.93321],[30.08564,-1.93334],[30.08571,-1.93357],[30.08577,-1.93372],[30.08585,-1.93383],[30.08592,-1.93391],[30.08599,-1.93412],[30.08599,-1.93444],[30.08593,-1.9345],[30.08573,-1.93461],[30.08535,-1.9349],[30.08643,-1.93527],[30.08617,-1.93576],[30.08598,-1.93602],[30.08583,-1.93594],[30.08544,-1.93584],[30.08475,-1.93616],[30.08406,-1.93645],[30.084,-1.93653],[30.08395,-1.93662],[30.08367,-1.9373],[30.08362,-1.93748],[30.08348,-1.93791],[30.08314,-1.939],[30.08184,-1.93854],[30.08004,-1.93764],[30.07918,-1.93709],[30.07923,-1.93692],[30.07922,-1.93675],[30.07916,-1.93664],[30.07907,-1.93657],[30.07887,-1.93655],[30.07865,-1.93661],[30.07853,-1.93679],[30.07848,-1.93698],[30.07849,-1.93709],[30.07857,-1.93721],[30.07815,-1.93785],[30.07781,-1.93846],[30.07717,-1.93961],[30.07709,-1.93991],[30.07708,-1.94008],[30.07712,-1.94031],[30.07719,-1.94048],[30.07733,-1.94066],[30.07769,-1.94098],[30.07877,-1.94179],[30.07887,-1.9419],[30.0797,-1.94296],[30.07976,-1.94316],[30.07977,-1.94334],[30.07976,-1.94349],[30.07966,-1.94376],[30.08003,-1.94392],[30.0803,-1.94401],[30.08046,-1.94409],[30.08092,-1.94435],[30.08124,-1.9445],[30.08169,-1.94473],[30.08206,-1.94492],[30.08272,-1.94529],[30.08294,-1.94546],[30.08315,-1.94555],[30.08405,-1.94601],[30.08445,-1.94635],[30.08566,-1.94709],[30.08566,-1.9471],[30.08595,-1.94727],[30.08754,-1.94807],[30.08938,-1.94876],[30.0894,-1.94876],[30.08957,-1.94874],[30.08975,-1.94874],[30.09029,-1.94884],[30.09034,-1.94871],[30.09042,-1.94867],[30.09052,-1.94867],[30.0907,-1.9486],[30.09077,-1.94857],[30.09079,-1.94852],[30.09082,-1.94859],[30.09147,-1.94803],[30.09159,-1.94827],[30.09164,-1.94857],[30.09167,-1.94883],[30.09162,-1.94913],[30.09181,-1.94916],[30.09184,-1.94913],[30.09208,-1.94919],[30.09247,-1.94923],[30.09248,-1.9496],[30.09231,-1.94989],[30.09231,-1.95006],[30.09236,-1.95015],[30.09246,-1.95019],[30.09265,-1.95008],[30.09271,-1.95006],[30.09271,-1.95003],[30.09275,-1.94997],[30.09276,-1.94984],[30.09282,-1.94929],[30.09282,-1.94902],[30.09332,-1.94903],[30.09351,-1.94902],[30.09347,-1.94926],[30.09347,-1.94935],[30.09365,-1.94935],[30.09369,-1.94934],[30.09369,-1.94931],[30.09419,-1.94928],[30.09422,-1.9493],[30.09425,-1.94937],[30.09425,-1.94934],[30.09426,-1.94934],[30.09429,-1.94936],[30.09435,-1.94934],[30.09479,-1.94933],[30.09502,-1.94935],[30.09511,-1.94933],[30.09523,-1.94928],[30.09534,-1.94919],[30.09548,-1.94905],[30.09554,-1.94895],[30.09591,-1.94852],[30.09599,-1.9484],[30.09643,-1.94746],[30.09685,-1.94673],[30.0969,-1.9466],[30.09694,-1.94639],[30.09702,-1.94625],[30.09707,-1.94572],[30.09712,-1.9455],[30.09722,-1.94528],[30.09752,-1.9448],[30.09806,-1.94405],[30.0982,-1.94383],[30.09826,-1.94354],[30.09856,-1.94202],[30.09861,-1.94095],[30.09854,-1.93983],[30.09813,-1.93935],[30.09705,-1.93867],[30.09498,-1.93807],[30.09495,-1.93808],[30.09495,-1.93803],[30.0949,-1.93801],[30.09395,-1.93825],[30.09338,-1.9376],[30.09282,-1.93678],[30.09284,-1.93678],[30.09283,-1.93676],[30.09301,-1.93655],[30.0943,-1.93515],[30.09391,-1.9349],[30.09199,-1.9334],[30.09096,-1.93481],[30.09093,-1.93483],[30.0909,-1.93483]]]}},{"type":"Feature","properties":{"d":"Nyarugenge","s":"Kimisagara","c":"Kamuhoza"},"geometry":{"type":"Polygon","coordinates":[[[30.05398,-1.95598],[30.05394,-1.95583],[30.05395,-1.9557],[30.05394,-1.95538],[30.05394,-1.95443],[30.05371,-1.95453],[30.05378,-1.95466],[30.05358,-1.95475],[30.05338,-1.95486],[30.0533,-1.95499],[30.05289,-1.95524],[30.05272,-1.9553],[30.05263,-1.95534],[30.05254,-1.95547],[30.05252,-1.95555],[30.05256,-1.95572],[30.05253,-1.95574],[30.05244,-1.95577],[30.05241,-1.9558],[30.05222,-1.95581],[30.05218,-1.95585],[30.05207,-1.95592],[30.05198,-1.95601],[30.05189,-1.95606],[30.05169,-1.95609],[30.05156,-1.95607],[30.05142,-1.95612],[30.05135,-1.95628],[30.05124,-1.95628],[30.05116,-1.95631],[30.05106,-1.9563],[30.05104,-1.95633],[30.05085,-1.95634],[30.05026,-1.95645],[30.05021,-1.95661],[30.05001,-1.95664],[30.0495,-1.95666],[30.04933,-1.95669],[30.04901,-1.95676],[30.04843,-1.9569],[30.04811,-1.95691],[30.04759,-1.95694],[30.04728,-1.95701],[30.04696,-1.95725],[30.04661,-1.95762],[30.04628,-1.95805],[30.04615,-1.95818],[30.04612,-1.95833],[30.04604,-1.9587],[30.04591,-1.95898],[30.04574,-1.95917],[30.04573,-1.95921],[30.04564,-1.95926],[30.04561,-1.95918],[30.04538,-1.95932],[30.04503,-1.95964],[30.04476,-1.95994],[30.04444,-1.9602],[30.0441,-1.96029],[30.04399,-1.96039],[30.04362,-1.96052],[30.04354,-1.96052],[30.04353,-1.96054],[30.04337,-1.9606],[30.0433,-1.96065],[30.04301,-1.96077],[30.0427,-1.96082],[30.04235,-1.96091],[30.04196,-1.96091],[30.04081,-1.96085],[30.04068,-1.96082],[30.04068,-1.96083],[30.04036,-1.96058],[30.0396,-1.96021],[30.03952,-1.9598],[30.03913,-1.95997],[30.03928,-1.9601],[30.03932,-1.9605],[30.03932,-1.96142],[30.0398,-1.96168],[30.04013,-1.96189],[30.04018,-1.9621],[30.0413,-1.96207],[30.04218,-1.96211],[30.04239,-1.96209],[30.04279,-1.96209],[30.04304,-1.96206],[30.04358,-1.96195],[30.04379,-1.96193],[30.04417,-1.96194],[30.0444,-1.96198],[30.04492,-1.962],[30.04511,-1.96202],[30.04512,-1.96204],[30.04521,-1.96207],[30.04521,-1.96208],[30.04525,-1.96209],[30.04526,-1.96211],[30.04528,-1.9621],[30.04557,-1.96219],[30.04586,-1.96242],[30.04588,-1.96242],[30.04598,-1.96249],[30.04604,-1.9625],[30.04631,-1.96249],[30.04641,-1.96251],[30.04663,-1.96271],[30.04697,-1.96287],[30.04711,-1.96284],[30.04722,-1.96279],[30.04735,-1.96273],[30.04815,-1.96272],[30.04826,-1.96274],[30.04844,-1.96275],[30.04849,-1.9627],[30.04862,-1.96264],[30.04861,-1.96255],[30.04865,-1.96245],[30.04867,-1.96242],[30.04902,-1.9625],[30.04916,-1.96251],[30.0492,-1.9625],[30.04926,-1.96251],[30.04951,-1.96253],[30.04975,-1.9625],[30.05006,-1.96249],[30.05042,-1.96244],[30.05049,-1.96304],[30.05054,-1.96315],[30.05052,-1.96317],[30.05056,-1.9632],[30.05059,-1.96328],[30.05067,-1.9632],[30.05083,-1.96312],[30.05112,-1.96301],[30.05127,-1.96293],[30.05154,-1.96272],[30.05175,-1.96253],[30.05182,-1.96247],[30.05231,-1.96213],[30.05251,-1.96198],[30.05283,-1.96178],[30.05353,-1.96142],[30.05387,-1.96126],[30.05438,-1.96104],[30.05474,-1.96083],[30.05519,-1.96051],[30.05521,-1.96057],[30.05522,-1.96055],[30.05523,-1.96057],[30.05555,-1.96045],[30.05565,-1.96037],[30.05563,-1.96035],[30.05573,-1.96023],[30.05582,-1.96016],[30.05576,-1.95993],[30.05526,-1.95921],[30.05516,-1.95904],[30.05499,-1.9588],[30.05486,-1.95856],[30.05479,-1.95834],[30.05475,-1.95813],[30.05467,-1.95797],[30.05443,-1.95766],[30.05433,-1.95712],[30.05411,-1.95629],[30.05402,-1.95611],[30.05398,-1.95598]]]}},{"type":"Feature","properties":{"d":"Gasabo","s":"Kimihurura","c":"Kamukina"},"geometry":{"type":"Polygon","coordinates":[[[30.07367,-1.94355],[30.07335,-1.94337],[30.07209,-1.94244],[30.07216,-1.94254],[30.07239,-1.94288],[30.07321,-1.94367],[30.07425,-1.945],[30.07429,-1.94504],[30.0743,-1.94534],[30.0743,-1.94556],[30.07429,-1.94557],[30.07434,-1.94576],[30.07431,-1.94577],[30.07439,-1.94604],[30.07445,-1.94652],[30.07443,-1.94679],[30.07457,-1.94771],[30.07424,-1.94786],[30.07441,-1.94852],[30.07462,-1.94969],[30.0747,-1.94996],[30.07493,-1.94964],[30.07512,-1.94945],[30.07538,-1.94919],[30.07566,-1.94882],[30.07578,-1.94832],[30.07581,-1.9482],[30.07554,-1.94695],[30.07558,-1.94691],[30.07561,-1.94689],[30.0756,-1.94639],[30.07588,-1.94583],[30.07633,-1.94551],[30.077,-1.94537],[30.07755,-1.94545],[30.07763,-1.94548],[30.07963,-1.946],[30.08036,-1.94635],[30.08072,-1.94655],[30.08124,-1.94702],[30.08153,-1.94739],[30.08271,-1.94884],[30.08287,-1.94902],[30.08292,-1.94899],[30.08295,-1.94903],[30.08292,-1.94907],[30.08322,-1.94942],[30.08355,-1.94979],[30.08409,-1.95026],[30.0849,-1.95104],[30.08511,-1.95069],[30.08523,-1.95064],[30.08557,-1.9505],[30.08625,-1.95054],[30.08795,-1.95082],[30.08916,-1.95126],[30.09083,-1.95223],[30.0919,-1.95316],[30.09222,-1.95309],[30.092,-1.9532],[30.09194,-1.95327],[30.09185,-1.95347],[30.09182,-1.95359],[30.09184,-1.9538],[30.09191,-1.95393],[30.09201,-1.95403],[30.09218,-1.9541],[30.09213,-1.95432],[30.09219,-1.95434],[30.09227,-1.95431],[30.09251,-1.95431],[30.09268,-1.95423],[30.09282,-1.95414],[30.09302,-1.95399],[30.09306,-1.95397],[30.09322,-1.95397],[30.0938,-1.95411],[30.09422,-1.95417],[30.09499,-1.95421],[30.09577,-1.9541],[30.09571,-1.95396],[30.09611,-1.95387],[30.09857,-1.95333],[30.09993,-1.95307],[30.10086,-1.95306],[30.10197,-1.95339],[30.10209,-1.95307],[30.10181,-1.95303],[30.10143,-1.95295],[30.10147,-1.95275],[30.10153,-1.95257],[30.1016,-1.95252],[30.10161,-1.95244],[30.10164,-1.95242],[30.1017,-1.95243],[30.10177,-1.95213],[30.10149,-1.95198],[30.10159,-1.95112],[30.10156,-1.95111],[30.10155,-1.95104],[30.10145,-1.95095],[30.10133,-1.95053],[30.10137,-1.9501],[30.10159,-1.94961],[30.10164,-1.94916],[30.10156,-1.94895],[30.10108,-1.94839],[30.10027,-1.94729],[30.09991,-1.94682],[30.09959,-1.94546],[30.09909,-1.94429],[30.09887,-1.94396],[30.09826,-1.94354],[30.0982,-1.94383],[30.09806,-1.94405],[30.09752,-1.9448],[30.09722,-1.94528],[30.09712,-1.9455],[30.09707,-1.94572],[30.09702,-1.94625],[30.09694,-1.94639],[30.0969,-1.9466],[30.09685,-1.94673],[30.09643,-1.94746],[30.09599,-1.9484],[30.09591,-1.94852],[30.09554,-1.94895],[30.09548,-1.94905],[30.09534,-1.94919],[30.09523,-1.94928],[30.09511,-1.94933],[30.09502,-1.94935],[30.09479,-1.94933],[30.09435,-1.94934],[30.09429,-1.94936],[30.09426,-1.94934],[30.09425,-1.94934],[30.09425,-1.94937],[30.09422,-1.9493],[30.09419,-1.94928],[30.09369,-1.94931],[30.09369,-1.94934],[30.09365,-1.94935],[30.09347,-1.94935],[30.09347,-1.94926],[30.09351,-1.94902],[30.09332,-1.94903],[30.09282,-1.94902],[30.09282,-1.94929],[30.09276,-1.94984],[30.09275,-1.94997],[30.09271,-1.95003],[30.09271,-1.95006],[30.09265,-1.95008],[30.09246,-1.95019],[30.09236,-1.95015],[30.09231,-1.95006],[30.09231,-1.94989],[30.09248,-1.9496],[30.09247,-1.94923],[30.09208,-1.94919],[30.09184,-1.94913],[30.09181,-1.94916],[30.09162,-1.94913],[30.09167,-1.94883],[30.09164,-1.94857],[30.09159,-1.94827],[30.09147,-1.94803],[30.09082,-1.94859],[30.09079,-1.94852],[30.09077,-1.94857],[30.0907,-1.9486],[30.09052,-1.94867],[30.09042,-1.94867],[30.09034,-1.94871],[30.09029,-1.94884],[30.08975,-1.94874],[30.08957,-1.94874],[30.0894,-1.94876],[30.08938,-1.94876],[30.08754,-1.94807],[30.08595,-1.94727],[30.08566,-1.9471],[30.08566,-1.94709],[30.08445,-1.94635],[30.08405,-1.94601],[30.08315,-1.94555],[30.08294,-1.94546],[30.08272,-1.94529],[30.08206,-1.94492],[30.08169,-1.94473],[30.08124,-1.9445],[30.08092,-1.94435],[30.08046,-1.94409],[30.0803,-1.94401],[30.08003,-1.94392],[30.07966,-1.94376],[30.07964,-1.94374],[30.07958,-1.9437],[30.07949,-1.94385],[30.07945,-1.94387],[30.07919,-1.94375],[30.07898,-1.94368],[30.07856,-1.94359],[30.07821,-1.94354],[30.07774,-1.94348],[30.07704,-1.94344],[30.07683,-1.94341],[30.07587,-1.94342],[30.07474,-1.94346],[30.07394,-1.94345],[30.07391,-1.94347],[30.07378,-1.9436],[30.07371,-1.94359],[30.0737,-1.94361],[30.07367,-1.94355]]]}},{"type":"Feature","properties":{"d":"Gasabo","s":"Kacyiru","c":"Kamutwa"},"geometry":{"type":"Polygon","coordinates":[[[30.06388,-1.93051],[30.06444,-1.92996],[30.06456,-1.9297],[30.06457,-1.92963],[30.06313,-1.93036],[30.06241,-1.93115],[30.06089,-1.93243],[30.06069,-1.93271],[30.06042,-1.93291],[30.0598,-1.93328],[30.05909,-1.93356],[30.05913,-1.93365],[30.05948,-1.93409],[30.05958,-1.93409],[30.05968,-1.93429],[30.06006,-1.93432],[30.0601,-1.93436],[30.06065,-1.93466],[30.06076,-1.9347],[30.06158,-1.93497],[30.06242,-1.93541],[30.06315,-1.93568],[30.06315,-1.93571],[30.06323,-1.93569],[30.06322,-1.93572],[30.06334,-1.93578],[30.06349,-1.93579],[30.06378,-1.93585],[30.06398,-1.93599],[30.06408,-1.93613],[30.06422,-1.9362],[30.06434,-1.93629],[30.06474,-1.93645],[30.06478,-1.93654],[30.06486,-1.93659],[30.06488,-1.93662],[30.06588,-1.93717],[30.06667,-1.9378],[30.06692,-1.93779],[30.06703,-1.93789],[30.06701,-1.93791],[30.06705,-1.93798],[30.06715,-1.93808],[30.06724,-1.93815],[30.06744,-1.93826],[30.06761,-1.93846],[30.06799,-1.93875],[30.06819,-1.93899],[30.06837,-1.93918],[30.06849,-1.93934],[30.0688,-1.93959],[30.06919,-1.93997],[30.0695,-1.94009],[30.07001,-1.94041],[30.0705,-1.94083],[30.07047,-1.94087],[30.07061,-1.941],[30.07082,-1.94117],[30.07095,-1.94124],[30.0713,-1.94159],[30.07169,-1.94206],[30.07203,-1.94245],[30.07216,-1.94254],[30.07209,-1.94244],[30.07335,-1.94337],[30.07367,-1.94355],[30.0737,-1.94361],[30.07371,-1.94359],[30.07378,-1.9436],[30.07391,-1.94347],[30.07394,-1.94345],[30.07474,-1.94346],[30.07587,-1.94342],[30.07683,-1.94341],[30.07704,-1.94344],[30.07774,-1.94348],[30.07821,-1.94354],[30.07856,-1.94359],[30.07898,-1.94368],[30.07919,-1.94375],[30.07945,-1.94387],[30.07949,-1.94385],[30.07958,-1.9437],[30.07964,-1.94374],[30.07966,-1.94376],[30.07976,-1.94349],[30.07977,-1.94334],[30.07976,-1.94316],[30.0797,-1.94296],[30.07887,-1.9419],[30.07877,-1.94179],[30.07769,-1.94098],[30.07733,-1.94066],[30.07719,-1.94048],[30.07712,-1.94031],[30.07708,-1.94008],[30.07709,-1.93991],[30.07717,-1.93961],[30.07781,-1.93846],[30.07815,-1.93785],[30.07857,-1.93721],[30.07849,-1.93709],[30.07848,-1.93698],[30.07853,-1.93679],[30.07865,-1.93661],[30.07887,-1.93655],[30.07907,-1.93657],[30.07933,-1.93614],[30.07943,-1.93608],[30.07946,-1.93568],[30.07942,-1.93552],[30.07917,-1.93525],[30.07812,-1.93481],[30.07464,-1.93356],[30.07356,-1.93311],[30.07282,-1.9328],[30.07061,-1.93211],[30.07015,-1.93191],[30.06848,-1.93134],[30.0683,-1.93127],[30.06807,-1.93119],[30.0675,-1.93101],[30.06715,-1.93099],[30.06699,-1.93095],[30.06678,-1.93084],[30.06645,-1.93075],[30.06638,-1.9307],[30.06552,-1.93064],[30.06533,-1.93065],[30.06571,-1.93027],[30.06576,-1.93014],[30.06504,-1.93042],[30.06403,-1.93084],[30.06359,-1.93115],[30.06388,-1.93051]]]}},{"type":"Feature","properties":{"d":"Nyarugenge","s":"Mageregere","c":"Kankuba"},"geometry":{"type":"Polygon","coordinates":[[[30.03968,-2.01701],[30.0388,-2.01613],[30.03803,-2.01541],[30.03784,-2.01523],[30.03694,-2.01497],[30.03672,-2.01513],[30.03609,-2.01552],[30.03594,-2.01563],[30.03576,-2.01582],[30.03559,-2.01611],[30.03553,-2.01623],[30.03538,-2.01638],[30.03516,-2.01648],[30.03493,-2.01655],[30.03401,-2.01675],[30.03353,-2.01687],[30.03299,-2.01707],[30.0327,-2.01729],[30.03245,-2.01753],[30.03232,-2.01775],[30.03218,-2.0181],[30.03208,-2.0183],[30.03187,-2.01883],[30.03174,-2.01903],[30.0316,-2.01918],[30.03134,-2.01938],[30.03122,-2.01931],[30.02801,-2.01905],[30.02752,-2.01924],[30.02681,-2.01925],[30.02677,-2.01924],[30.02618,-2.01908],[30.02467,-2.01888],[30.0223,-2.0184],[30.01995,-2.01771],[30.01619,-2.01626],[30.01424,-2.0154],[30.01344,-2.01617],[30.01322,-2.0165],[30.0131,-2.01681],[30.01303,-2.01727],[30.0134,-2.01834],[30.01337,-2.01895],[30.01324,-2.01897],[30.01326,-2.0191],[30.01297,-2.01902],[30.01289,-2.01904],[30.01286,-2.019],[30.01269,-2.01896],[30.01166,-2.01745],[30.01122,-2.01719],[30.01074,-2.01737],[30.01059,-2.01782],[30.01099,-2.01807],[30.01096,-2.01809],[30.01104,-2.01835],[30.01121,-2.0186],[30.01252,-2.02166],[30.01425,-2.02436],[30.01667,-2.02701],[30.01669,-2.02706],[30.01676,-2.02711],[30.01691,-2.02727],[30.01683,-2.02739],[30.01733,-2.02791],[30.01738,-2.02811],[30.01735,-2.02814],[30.0177,-2.02835],[30.01771,-2.02838],[30.01725,-2.02881],[30.01773,-2.02923],[30.01784,-2.02956],[30.01779,-2.03012],[30.01776,-2.03012],[30.01785,-2.03027],[30.01795,-2.03055],[30.01833,-2.03119],[30.01949,-2.03253],[30.01967,-2.03269],[30.02056,-2.03347],[30.0209,-2.03406],[30.02146,-2.03471],[30.0216,-2.03484],[30.02162,-2.03484],[30.02182,-2.0349],[30.02338,-2.03507],[30.02347,-2.03505],[30.02347,-2.03508],[30.0262,-2.03537],[30.02599,-2.03548],[30.02634,-2.03585],[30.02619,-2.03658],[30.02682,-2.0374],[30.02737,-2.03782],[30.02764,-2.03829],[30.02802,-2.03838],[30.02815,-2.03859],[30.02948,-2.03943],[30.02953,-2.03945],[30.02953,-2.03947],[30.02959,-2.03949],[30.02964,-2.03949],[30.02972,-2.03952],[30.02967,-2.03956],[30.03006,-2.0398],[30.03017,-2.04001],[30.03019,-2.03999],[30.03023,-2.04013],[30.03035,-2.04027],[30.03033,-2.04029],[30.03037,-2.04038],[30.03058,-2.04096],[30.02959,-2.0434],[30.03046,-2.04406],[30.03104,-2.04452],[30.03137,-2.04427],[30.03143,-2.04423],[30.03175,-2.04412],[30.03197,-2.04409],[30.03208,-2.04406],[30.03219,-2.04398],[30.03233,-2.04372],[30.03252,-2.04351],[30.03296,-2.04319],[30.03312,-2.04305],[30.03332,-2.0429],[30.03344,-2.04277],[30.03352,-2.04273],[30.03365,-2.04261],[30.0339,-2.04219],[30.03397,-2.04201],[30.03401,-2.04179],[30.034,-2.04162],[30.03403,-2.04143],[30.03409,-2.04118],[30.03423,-2.04084],[30.03429,-2.04074],[30.0345,-2.04042],[30.0349,-2.03987],[30.0351,-2.03966],[30.03565,-2.03941],[30.03592,-2.03932],[30.03663,-2.03935],[30.03692,-2.03934],[30.03813,-2.0393],[30.03912,-2.03902],[30.03967,-2.03868],[30.03995,-2.03844],[30.0403,-2.03817],[30.04079,-2.03785],[30.04119,-2.03767],[30.04127,-2.03758],[30.04157,-2.03739],[30.04165,-2.03735],[30.04173,-2.03733],[30.04225,-2.03691],[30.04248,-2.03669],[30.04438,-2.0359],[30.0452,-2.03527],[30.04558,-2.03503],[30.04556,-2.03502],[30.04482,-2.03508],[30.04445,-2.03492],[30.04451,-2.03469],[30.04428,-2.0343],[30.0441,-2.03418],[30.0442,-2.03419],[30.04467,-2.03415],[30.04509,-2.03377],[30.04544,-2.03338],[30.04555,-2.03289],[30.04553,-2.03245],[30.04555,-2.03174],[30.04517,-2.03132],[30.04475,-2.03076],[30.04448,-2.0304],[30.04424,-2.02996],[30.0441,-2.02925],[30.04393,-2.02877],[30.04302,-2.02666],[30.04275,-2.02588],[30.04214,-2.0245],[30.04173,-2.02389],[30.04153,-2.0237],[30.04123,-2.02343],[30.04085,-2.02295],[30.04091,-2.0229],[30.04076,-2.02243],[30.04069,-2.02224],[30.04063,-2.02199],[30.04059,-2.02189],[30.04048,-2.02172],[30.04031,-2.02152],[30.04024,-2.02112],[30.04014,-2.02078],[30.04008,-2.02072],[30.04001,-2.02055],[30.03987,-2.02043],[30.03988,-2.02028],[30.03992,-2.02007],[30.03993,-2.01986],[30.03987,-2.01957],[30.03987,-2.01946],[30.0399,-2.01935],[30.0399,-2.01925],[30.03994,-2.01913],[30.03997,-2.01885],[30.03995,-2.01877],[30.03983,-2.01853],[30.03983,-2.01832],[30.03975,-2.01835],[30.04005,-2.01773],[30.04019,-2.0176],[30.04013,-2.01753],[30.04005,-2.01739],[30.04002,-2.01741],[30.03968,-2.01701]]]}},{"type":"Feature","properties":{"d":"Kicukiro","s":"Gikondo","c":"Kanserege"},"geometry":{"type":"Polygon","coordinates":[[[30.08483,-1.96935],[30.08438,-1.96916],[30.08406,-1.96896],[30.08391,-1.96884],[30.08348,-1.96881],[30.08308,-1.96864],[30.08254,-1.96832],[30.08206,-1.96793],[30.07928,-1.96929],[30.07905,-1.96951],[30.07858,-1.96982],[30.07815,-1.96992],[30.07751,-1.96988],[30.07742,-1.97025],[30.07739,-1.97035],[30.07698,-1.9711],[30.07663,-1.97185],[30.07663,-1.9719],[30.07662,-1.97205],[30.07664,-1.97271],[30.07669,-1.97297],[30.07681,-1.97376],[30.07684,-1.97421],[30.0767,-1.97505],[30.07667,-1.97519],[30.07655,-1.97564],[30.07697,-1.97592],[30.0773,-1.9761],[30.07786,-1.97649],[30.07855,-1.97718],[30.07885,-1.97757],[30.0792,-1.97796],[30.07947,-1.97854],[30.07972,-1.97907],[30.07976,-1.97906],[30.0803,-1.97929],[30.08038,-1.97921],[30.08039,-1.97909],[30.08045,-1.97909],[30.08055,-1.979],[30.08087,-1.97858],[30.08089,-1.9786],[30.08114,-1.9783],[30.08125,-1.97834],[30.08143,-1.97843],[30.08155,-1.97842],[30.0818,-1.97837],[30.082,-1.97843],[30.08234,-1.97842],[30.08234,-1.97848],[30.08232,-1.97857],[30.08266,-1.97811],[30.0831,-1.97688],[30.08344,-1.97618],[30.08348,-1.97621],[30.08356,-1.97622],[30.08349,-1.97614],[30.08347,-1.97605],[30.08351,-1.97578],[30.08356,-1.97564],[30.0837,-1.97535],[30.08389,-1.9749],[30.08429,-1.97394],[30.08471,-1.97301],[30.08496,-1.97235],[30.08532,-1.97145],[30.08615,-1.97057],[30.08609,-1.97047],[30.08606,-1.97028],[30.08604,-1.96997],[30.08604,-1.96941],[30.08528,-1.96943],[30.08483,-1.96935]]]}},{"type":"Feature","properties":{"d":"Kicukiro","s":"Kagarama","c":"Kanserege"},"geometry":{"type":"Polygon","coordinates":[[[30.10714,-1.98421],[30.1068,-1.98414],[30.10671,-1.98433],[30.10663,-1.98438],[30.10779,-1.98587],[30.10842,-1.98693],[30.10893,-1.98779],[30.10904,-1.98798],[30.10915,-1.98826],[30.1095,-1.98927],[30.10967,-1.98963],[30.11,-1.99012],[30.11011,-1.99018],[30.11031,-1.99037],[30.11062,-1.99056],[30.11089,-1.99071],[30.11124,-1.99083],[30.11169,-1.99105],[30.11178,-1.99113],[30.11213,-1.99134],[30.11237,-1.99152],[30.11271,-1.99184],[30.11352,-1.9927],[30.11364,-1.99295],[30.11379,-1.99311],[30.11382,-1.99325],[30.11399,-1.99348],[30.1142,-1.99386],[30.11463,-1.99453],[30.11498,-1.99518],[30.11507,-1.99544],[30.11516,-1.99574],[30.11525,-1.99633],[30.11519,-1.99639],[30.11519,-1.9964],[30.11593,-1.99619],[30.11617,-1.99619],[30.11699,-1.99614],[30.118,-1.99593],[30.11842,-1.99559],[30.11868,-1.99527],[30.11925,-1.99477],[30.11946,-1.99497],[30.11965,-1.99474],[30.11946,-1.99449],[30.11971,-1.99415],[30.11952,-1.994],[30.11956,-1.99396],[30.11948,-1.99387],[30.11956,-1.99375],[30.11962,-1.9938],[30.11977,-1.99366],[30.11981,-1.99366],[30.12042,-1.99293],[30.11964,-1.99227],[30.11927,-1.99203],[30.1196,-1.99151],[30.11985,-1.99117],[30.1203,-1.99033],[30.1204,-1.99023],[30.12061,-1.98996],[30.12077,-1.98965],[30.12072,-1.98961],[30.12113,-1.9888],[30.12027,-1.98866],[30.11991,-1.98881],[30.11909,-1.98839],[30.11897,-1.98854],[30.11747,-1.98774],[30.11735,-1.98767],[30.11712,-1.98745],[30.11675,-1.98704],[30.11634,-1.98661],[30.11628,-1.98654],[30.11626,-1.98645],[30.11494,-1.98587],[30.11405,-1.98548],[30.11362,-1.98525],[30.11366,-1.98523],[30.1137,-1.98516],[30.1136,-1.98505],[30.11354,-1.98501],[30.11302,-1.98509],[30.11288,-1.98507],[30.11284,-1.98508],[30.11283,-1.9851],[30.1123,-1.98496],[30.11194,-1.98484],[30.11175,-1.98474],[30.11132,-1.98463],[30.11088,-1.9843],[30.11076,-1.98418],[30.1106,-1.98439],[30.11047,-1.98462],[30.11041,-1.98478],[30.11026,-1.98473],[30.10946,-1.98466],[30.10941,-1.98464],[30.10923,-1.98462],[30.10878,-1.9845],[30.10861,-1.9845],[30.10826,-1.9844],[30.10772,-1.98435],[30.10757,-1.98436],[30.10714,-1.98421]]]}},{"type":"Feature","properties":{"d":"Kicukiro","s":"Kanombe","c":"Karama"},"geometry":{"type":"Polygon","coordinates":[[[30.15268,-1.97722],[30.15224,-1.97724],[30.1518,-1.97729],[30.15157,-1.97728],[30.15125,-1.97733],[30.15107,-1.97749],[30.1508,-1.97763],[30.15064,-1.97787],[30.15062,-1.978],[30.15056,-1.97811],[30.15047,-1.97832],[30.1503,-1.9788],[30.15023,-1.97901],[30.15008,-1.97938],[30.15003,-1.97952],[30.15001,-1.97969],[30.14993,-1.97995],[30.14977,-1.98035],[30.14972,-1.9806],[30.14972,-1.98064],[30.14965,-1.98073],[30.1496,-1.98099],[30.14946,-1.98123],[30.14944,-1.98144],[30.14935,-1.9817],[30.14928,-1.98185],[30.14897,-1.98285],[30.14886,-1.9831],[30.14876,-1.98341],[30.14874,-1.98354],[30.14868,-1.98372],[30.14865,-1.9838],[30.14865,-1.98404],[30.14858,-1.98415],[30.14852,-1.98447],[30.14821,-1.98642],[30.14815,-1.98696],[30.14808,-1.9874],[30.14804,-1.98761],[30.1479,-1.98817],[30.14781,-1.98871],[30.14757,-1.98986],[30.1476,-1.98994],[30.14756,-1.9902],[30.14753,-1.99037],[30.14739,-1.99087],[30.14732,-1.99139],[30.14726,-1.99166],[30.14726,-1.99173],[30.14727,-1.9919],[30.14722,-1.99213],[30.14717,-1.9923],[30.14705,-1.99297],[30.14699,-1.99315],[30.14693,-1.99345],[30.14684,-1.99372],[30.14676,-1.99424],[30.14669,-1.99455],[30.14665,-1.99498],[30.14653,-1.99567],[30.14647,-1.99599],[30.14626,-1.99653],[30.1462,-1.99694],[30.14612,-1.99704],[30.14568,-1.99864],[30.14527,-2.00033],[30.14571,-2.00047],[30.14596,-2.00074],[30.14625,-2.00112],[30.14625,-2.00184],[30.14665,-2.00255],[30.14679,-2.00266],[30.14682,-2.00266],[30.14687,-2.00261],[30.14695,-2.00266],[30.14774,-2.00345],[30.1483,-2.00398],[30.14853,-2.00417],[30.14834,-2.00445],[30.14867,-2.00471],[30.14881,-2.00488],[30.14886,-2.00497],[30.14914,-2.00556],[30.14922,-2.00584],[30.14923,-2.00596],[30.14931,-2.00615],[30.14936,-2.00635],[30.1494,-2.00645],[30.14942,-2.00647],[30.14951,-2.00628],[30.14957,-2.00619],[30.14969,-2.00634],[30.14989,-2.0062],[30.15,-2.00633],[30.14978,-2.00649],[30.14958,-2.0067],[30.14986,-2.00705],[30.14996,-2.0072],[30.15003,-2.00741],[30.15009,-2.00742],[30.15009,-2.00745],[30.1501,-2.00771],[30.15014,-2.00788],[30.15041,-2.00836],[30.15072,-2.00881],[30.15115,-2.0095],[30.15125,-2.00972],[30.15128,-2.00975],[30.15133,-2.00974],[30.15139,-2.01],[30.15142,-2.01025],[30.15123,-2.01033],[30.15125,-2.01056],[30.15126,-2.01082],[30.15127,-2.01095],[30.15131,-2.01102],[30.15148,-2.01115],[30.15154,-2.01124],[30.15156,-2.01131],[30.15163,-2.01142],[30.15172,-2.01164],[30.15222,-2.01301],[30.15232,-2.01324],[30.15239,-2.01346],[30.15242,-2.01352],[30.15245,-2.01352],[30.15238,-2.01362],[30.15329,-2.0149],[30.15743,-2.02349],[30.16107,-2.02868],[30.1611,-2.02878],[30.16114,-2.02877],[30.16136,-2.02869],[30.16143,-2.02865],[30.16144,-2.02862],[30.16143,-2.02858],[30.16137,-2.02856],[30.16128,-2.02803],[30.16128,-2.02688],[30.1614,-2.02556],[30.16162,-2.02376],[30.16186,-2.02101],[30.1619,-2.02068],[30.16205,-2.02011],[30.16208,-2.02006],[30.16203,-2.02003],[30.16199,-2.01965],[30.16246,-2.01714],[30.16361,-2.01366],[30.16392,-2.01201],[30.16401,-2.01126],[30.16461,-2.00873],[30.16527,-2.00707],[30.16566,-2.00627],[30.16609,-2.00559],[30.16763,-2.00342],[30.16828,-2.00262],[30.169,-2.00184],[30.16989,-2.00113],[30.16973,-2.0008],[30.16827,-1.99936],[30.16753,-1.99983],[30.16739,-1.99958],[30.16755,-1.99936],[30.16762,-1.99929],[30.16769,-1.99917],[30.1677,-1.99907],[30.16772,-1.99905],[30.1678,-1.99805],[30.16756,-1.99776],[30.16649,-1.9971],[30.1653,-1.99611],[30.16483,-1.99551],[30.16452,-1.99482],[30.16408,-1.99455],[30.16362,-1.9941],[30.16329,-1.99347],[30.16284,-1.99306],[30.16231,-1.99281],[30.16175,-1.99281],[30.16128,-1.9913],[30.16097,-1.99053],[30.16071,-1.98963],[30.16011,-1.98787],[30.15988,-1.9876],[30.15925,-1.98653],[30.15918,-1.98634],[30.15892,-1.98609],[30.15952,-1.98522],[30.15942,-1.98467],[30.15928,-1.98371],[30.15914,-1.98318],[30.15863,-1.98289],[30.15829,-1.98266],[30.15815,-1.9825],[30.15802,-1.98234],[30.15769,-1.98203],[30.15764,-1.98203],[30.15758,-1.98209],[30.15743,-1.98193],[30.15726,-1.98181],[30.15706,-1.98172],[30.15678,-1.98153],[30.15668,-1.98143],[30.15662,-1.98136],[30.15655,-1.98128],[30.15639,-1.98116],[30.15632,-1.98106],[30.15613,-1.9809],[30.15608,-1.98086],[30.15605,-1.98084],[30.15597,-1.9808],[30.15593,-1.98077],[30.15579,-1.98071],[30.15565,-1.98063],[30.15562,-1.98062],[30.15555,-1.98059],[30.1555,-1.98057],[30.15547,-1.98055],[30.15542,-1.98052],[30.15536,-1.98049],[30.15525,-1.98047],[30.15505,-1.9804],[30.1547,-1.98033],[30.15449,-1.98026],[30.15447,-1.98026],[30.15444,-1.9803],[30.1544,-1.98029],[30.1544,-1.98025],[30.15449,-1.98013],[30.1544,-1.98009],[30.15437,-1.98009],[30.15435,-1.98011],[30.1541,-1.98004],[30.15411,-1.97998],[30.15416,-1.97988],[30.15404,-1.97981],[30.15404,-1.97977],[30.15406,-1.97975],[30.15401,-1.97971],[30.15402,-1.97969],[30.15393,-1.97961],[30.15387,-1.9796],[30.1536,-1.97939],[30.15359,-1.97938],[30.1536,-1.97932],[30.15347,-1.97914],[30.15337,-1.97906],[30.15328,-1.97895],[30.15311,-1.97884],[30.15305,-1.97878],[30.15314,-1.97861],[30.15309,-1.97849],[30.15283,-1.97774],[30.15268,-1.97722]]]}},{"type":"Feature","properties":{"d":"Kicukiro","s":"Gatenga","c":"Karambo"},"geometry":{"type":"Polygon","coordinates":[[[30.08818,-1.97102],[30.08816,-1.97059],[30.08828,-1.9696],[30.08836,-1.96892],[30.08834,-1.96882],[30.08831,-1.96882],[30.08824,-1.96886],[30.08805,-1.96899],[30.08761,-1.96919],[30.08659,-1.96939],[30.08604,-1.96941],[30.08604,-1.96997],[30.08606,-1.97028],[30.08609,-1.97047],[30.08615,-1.97057],[30.08532,-1.97145],[30.08496,-1.97235],[30.08471,-1.97301],[30.08429,-1.97394],[30.08389,-1.9749],[30.0837,-1.97535],[30.08356,-1.97564],[30.08351,-1.97578],[30.08347,-1.97605],[30.08349,-1.97614],[30.08356,-1.97622],[30.08348,-1.97621],[30.08344,-1.97618],[30.0831,-1.97688],[30.08266,-1.97811],[30.08232,-1.97857],[30.08214,-1.97903],[30.08199,-1.97933],[30.08172,-1.97997],[30.08172,-1.98013],[30.08177,-1.98022],[30.08184,-1.98028],[30.08176,-1.98075],[30.08176,-1.98108],[30.08181,-1.98121],[30.08189,-1.9813],[30.08185,-1.98146],[30.08184,-1.98164],[30.08183,-1.98181],[30.08187,-1.98203],[30.08189,-1.98221],[30.08188,-1.98234],[30.08168,-1.98271],[30.08165,-1.98281],[30.08158,-1.98291],[30.08156,-1.9829],[30.0815,-1.98298],[30.08117,-1.98324],[30.08121,-1.98331],[30.08124,-1.98339],[30.08133,-1.98351],[30.08096,-1.98362],[30.08065,-1.98366],[30.08043,-1.98373],[30.08041,-1.98372],[30.08029,-1.9838],[30.08006,-1.98406],[30.07995,-1.98419],[30.07982,-1.98442],[30.07977,-1.98454],[30.07977,-1.9846],[30.07974,-1.98464],[30.07963,-1.98491],[30.07952,-1.98512],[30.07937,-1.98521],[30.07927,-1.98522],[30.07924,-1.98529],[30.07918,-1.98533],[30.07919,-1.98559],[30.07917,-1.98575],[30.07908,-1.98582],[30.07906,-1.98582],[30.07905,-1.98598],[30.07883,-1.98623],[30.07876,-1.98637],[30.07835,-1.98681],[30.07834,-1.98683],[30.07838,-1.98686],[30.07832,-1.98697],[30.07827,-1.98701],[30.07813,-1.98708],[30.07814,-1.98711],[30.07811,-1.98714],[30.07804,-1.98713],[30.07801,-1.9871],[30.07791,-1.98714],[30.07793,-1.98718],[30.07777,-1.98753],[30.07778,-1.9876],[30.07782,-1.98769],[30.07783,-1.98781],[30.07774,-1.98823],[30.07769,-1.98859],[30.07762,-1.9896],[30.07745,-1.99012],[30.07748,-1.99041],[30.0775,-1.99049],[30.07757,-1.99082],[30.07773,-1.9913],[30.07777,-1.99131],[30.07801,-1.99129],[30.07829,-1.99154],[30.07822,-1.99187],[30.07797,-1.99227],[30.07794,-1.993],[30.07842,-1.99314],[30.0781,-1.99368],[30.07758,-1.99423],[30.07755,-1.99429],[30.07754,-1.99433],[30.07859,-1.99457],[30.07873,-1.99468],[30.07877,-1.99467],[30.07939,-1.99436],[30.0797,-1.99423],[30.07967,-1.99417],[30.08025,-1.99383],[30.08042,-1.99404],[30.08106,-1.99467],[30.08214,-1.99569],[30.08234,-1.99592],[30.08253,-1.99619],[30.08273,-1.99594],[30.08275,-1.99593],[30.08277,-1.99594],[30.0828,-1.99591],[30.0828,-1.99589],[30.08273,-1.99581],[30.08277,-1.99575],[30.08295,-1.99564],[30.08311,-1.99551],[30.08344,-1.9952],[30.08354,-1.99515],[30.08376,-1.9951],[30.08357,-1.99535],[30.08357,-1.99537],[30.08393,-1.99534],[30.08441,-1.99533],[30.08441,-1.99538],[30.0846,-1.99537],[30.08473,-1.99505],[30.08481,-1.99497],[30.08502,-1.99483],[30.08522,-1.99473],[30.08541,-1.9946],[30.08541,-1.99436],[30.08545,-1.99431],[30.08548,-1.99425],[30.08547,-1.99421],[30.08536,-1.99404],[30.08536,-1.99394],[30.08519,-1.99378],[30.08517,-1.99374],[30.08518,-1.99364],[30.08514,-1.99354],[30.08515,-1.99347],[30.08525,-1.99342],[30.08525,-1.99339],[30.08523,-1.99333],[30.08524,-1.99315],[30.08522,-1.99302],[30.08516,-1.99294],[30.08512,-1.99291],[30.08514,-1.99277],[30.08514,-1.99268],[30.08512,-1.9926],[30.08515,-1.99246],[30.08514,-1.99239],[30.08516,-1.99227],[30.08524,-1.99218],[30.08528,-1.99207],[30.08526,-1.99188],[30.08527,-1.99183],[30.08534,-1.99168],[30.08524,-1.99152],[30.08513,-1.99144],[30.08508,-1.99127],[30.08512,-1.99119],[30.08521,-1.99112],[30.08538,-1.99132],[30.08549,-1.99122],[30.08556,-1.99113],[30.08567,-1.99106],[30.08575,-1.99099],[30.08581,-1.99085],[30.08577,-1.99083],[30.08578,-1.99081],[30.08582,-1.99073],[30.08585,-1.99071],[30.08588,-1.9906],[30.08586,-1.99058],[30.08588,-1.99052],[30.086,-1.99056],[30.08601,-1.99053],[30.08603,-1.99052],[30.08604,-1.9904],[30.08607,-1.99028],[30.08603,-1.99009],[30.08598,-1.99001],[30.08601,-1.98999],[30.08617,-1.98988],[30.08619,-1.98991],[30.08633,-1.98982],[30.08637,-1.98976],[30.08641,-1.98979],[30.08646,-1.98975],[30.08649,-1.98968],[30.08654,-1.98969],[30.08661,-1.98967],[30.08667,-1.98918],[30.0867,-1.98915],[30.0867,-1.98912],[30.08692,-1.98913],[30.08693,-1.98912],[30.08693,-1.98903],[30.08694,-1.98903],[30.08693,-1.9889],[30.08699,-1.9889],[30.08701,-1.98868],[30.08704,-1.98852],[30.08701,-1.98851],[30.08722,-1.98793],[30.08733,-1.98769],[30.0873,-1.98768],[30.08711,-1.98746],[30.08709,-1.98741],[30.08704,-1.98738],[30.08677,-1.98708],[30.0866,-1.98689],[30.08637,-1.98662],[30.08627,-1.98649],[30.0863,-1.98647],[30.08572,-1.98592],[30.08556,-1.98569],[30.0855,-1.98547],[30.08548,-1.98538],[30.08519,-1.9848],[30.08485,-1.98414],[30.08478,-1.98399],[30.08459,-1.98359],[30.08485,-1.98347],[30.08506,-1.98333],[30.08525,-1.98315],[30.08544,-1.98288],[30.08543,-1.98287],[30.08545,-1.98284],[30.08554,-1.98269],[30.08554,-1.98265],[30.08563,-1.98261],[30.08564,-1.98257],[30.08563,-1.98257],[30.08563,-1.98251],[30.08562,-1.98247],[30.08563,-1.98233],[30.08585,-1.98242],[30.08586,-1.98244],[30.08623,-1.98265],[30.08626,-1.98258],[30.08628,-1.98249],[30.08612,-1.98248],[30.08609,-1.98239],[30.08597,-1.98219],[30.08611,-1.98221],[30.08633,-1.98224],[30.08735,-1.98248],[30.08736,-1.98245],[30.08787,-1.98209],[30.08797,-1.9818],[30.08818,-1.98191],[30.08825,-1.98196],[30.08843,-1.98185],[30.08846,-1.98185],[30.08894,-1.98226],[30.08926,-1.98232],[30.08949,-1.98235],[30.08992,-1.98245],[30.08992,-1.98244],[30.09001,-1.98241],[30.0901,-1.98246],[30.09016,-1.98252],[30.09039,-1.98244],[30.09045,-1.98221],[30.09077,-1.98204],[30.09122,-1.98204],[30.09146,-1.98217],[30.09183,-1.98224],[30.09189,-1.98199],[30.09199,-1.98067],[30.092,-1.98053],[30.09196,-1.98023],[30.09188,-1.97998],[30.09174,-1.97977],[30.09156,-1.97961],[30.09147,-1.97946],[30.09141,-1.97921],[30.09138,-1.97875],[30.09137,-1.9781],[30.09141,-1.97785],[30.0915,-1.97748],[30.09151,-1.97706],[30.09164,-1.97656],[30.09173,-1.97634],[30.09072,-1.97659],[30.09026,-1.9767],[30.09006,-1.97675],[30.08912,-1.97682],[30.08838,-1.97684],[30.08821,-1.97679],[30.08806,-1.9764],[30.08801,-1.97636],[30.08791,-1.97641],[30.08779,-1.97626],[30.08775,-1.97622],[30.08748,-1.97526],[30.08726,-1.97432],[30.08727,-1.97423],[30.08741,-1.97374],[30.08768,-1.97366],[30.08766,-1.97353],[30.0876,-1.97353],[30.08761,-1.97285],[30.08769,-1.97235],[30.08768,-1.9723],[30.08783,-1.97185],[30.08798,-1.97185],[30.08818,-1.97102]]]}},{"type":"Feature","properties":{"d":"Kicukiro","s":"Gahanga","c":"Karembure"},"geometry":{"type":"Polygon","coordinates":[[[30.09292,-2.00473],[30.09233,-2.00391],[30.09199,-2.00338],[30.09186,-2.00298],[30.09179,-2.00234],[30.09115,-2.00534],[30.0904,-2.00554],[30.08994,-2.00561],[30.08908,-2.00512],[30.0888,-2.00491],[30.08853,-2.00484],[30.08804,-2.0048],[30.08793,-2.00585],[30.08832,-2.00581],[30.08832,-2.00596],[30.08833,-2.006],[30.08823,-2.00628],[30.0883,-2.00634],[30.08818,-2.00659],[30.08813,-2.00662],[30.088,-2.00682],[30.08799,-2.00696],[30.08776,-2.00743],[30.08763,-2.00744],[30.08754,-2.00766],[30.08723,-2.00797],[30.08688,-2.00825],[30.08674,-2.00834],[30.08668,-2.00841],[30.08662,-2.00848],[30.08665,-2.0085],[30.08656,-2.00859],[30.08648,-2.00862],[30.08639,-2.00863],[30.08608,-2.00884],[30.08585,-2.00909],[30.08569,-2.00923],[30.08543,-2.0095],[30.08547,-2.00958],[30.08536,-2.00972],[30.0852,-2.00985],[30.08467,-2.01009],[30.08426,-2.0103],[30.08426,-2.01033],[30.0844,-2.01048],[30.08446,-2.01051],[30.08451,-2.0105],[30.08474,-2.01067],[30.08474,-2.01076],[30.08468,-2.01083],[30.08475,-2.0109],[30.08475,-2.01109],[30.08476,-2.0111],[30.08475,-2.01112],[30.08475,-2.01118],[30.0849,-2.01133],[30.08495,-2.01131],[30.08498,-2.01133],[30.08504,-2.01147],[30.08493,-2.01149],[30.08476,-2.01155],[30.08475,-2.01175],[30.08438,-2.01247],[30.08438,-2.01251],[30.08431,-2.01254],[30.0843,-2.01261],[30.08432,-2.01272],[30.08358,-2.01313],[30.08352,-2.0133],[30.08328,-2.01339],[30.08327,-2.01343],[30.08329,-2.01395],[30.08328,-2.01402],[30.08325,-2.01422],[30.08323,-2.0143],[30.08275,-2.01455],[30.08265,-2.01466],[30.08257,-2.01497],[30.08258,-2.01509],[30.08253,-2.0151],[30.08251,-2.01513],[30.08255,-2.0153],[30.0825,-2.01538],[30.08248,-2.01557],[30.08244,-2.01566],[30.08245,-2.01573],[30.08231,-2.01603],[30.08219,-2.01634],[30.08213,-2.01657],[30.08193,-2.01717],[30.08162,-2.01788],[30.08158,-2.01802],[30.08157,-2.01817],[30.08155,-2.01824],[30.08137,-2.01846],[30.08131,-2.0186],[30.08121,-2.01891],[30.08115,-2.01905],[30.0811,-2.01925],[30.08105,-2.01961],[30.08108,-2.01976],[30.08108,-2.0201],[30.081,-2.02064],[30.08094,-2.02097],[30.08088,-2.02148],[30.08082,-2.02183],[30.08074,-2.02209],[30.08068,-2.02254],[30.08067,-2.02288],[30.08072,-2.02327],[30.08069,-2.02348],[30.08073,-2.02355],[30.08072,-2.02367],[30.0806,-2.02395],[30.08044,-2.02415],[30.08031,-2.02436],[30.08019,-2.02456],[30.0799,-2.02475],[30.07969,-2.02502],[30.07964,-2.0251],[30.07961,-2.02512],[30.07952,-2.02512],[30.07949,-2.02514],[30.07947,-2.02531],[30.07942,-2.02555],[30.07926,-2.02587],[30.07917,-2.02606],[30.07916,-2.02616],[30.0792,-2.02621],[30.0792,-2.02625],[30.07909,-2.02637],[30.07896,-2.02645],[30.07892,-2.02653],[30.0789,-2.02659],[30.07878,-2.02672],[30.07875,-2.0268],[30.07874,-2.02689],[30.07871,-2.02696],[30.07867,-2.02698],[30.07863,-2.02705],[30.07857,-2.02709],[30.07855,-2.02727],[30.07829,-2.0277],[30.07815,-2.02791],[30.07812,-2.02799],[30.07811,-2.02812],[30.07801,-2.02833],[30.07792,-2.02863],[30.07793,-2.02866],[30.07797,-2.02872],[30.07796,-2.0288],[30.07784,-2.02925],[30.07784,-2.0293],[30.07788,-2.0294],[30.078,-2.02983],[30.07826,-2.03022],[30.07827,-2.0305],[30.07839,-2.03167],[30.07838,-2.03166],[30.0783,-2.03173],[30.07835,-2.0318],[30.07829,-2.03285],[30.07833,-2.03332],[30.07841,-2.03418],[30.07833,-2.03544],[30.07845,-2.03582],[30.07898,-2.03709],[30.07907,-2.03763],[30.07915,-2.03795],[30.07931,-2.03807],[30.07935,-2.03806],[30.07937,-2.03808],[30.07938,-2.03812],[30.07993,-2.03852],[30.08042,-2.03903],[30.08054,-2.03914],[30.0811,-2.03989],[30.08111,-2.03996],[30.08134,-2.04053],[30.08137,-2.04054],[30.08142,-2.04053],[30.08146,-2.04049],[30.08145,-2.04016],[30.08147,-2.04008],[30.08152,-2.0401],[30.08154,-2.04013],[30.0817,-2.04014],[30.08183,-2.0399],[30.08186,-2.03982],[30.08189,-2.03948],[30.08192,-2.03931],[30.08184,-2.03798],[30.08183,-2.03718],[30.08188,-2.03705],[30.08257,-2.03633],[30.08275,-2.03614],[30.08447,-2.03326],[30.08509,-2.03244],[30.08537,-2.0321],[30.08554,-2.03179],[30.08601,-2.03114],[30.08693,-2.03005],[30.08761,-2.02933],[30.08848,-2.02854],[30.08852,-2.02851],[30.08882,-2.02788],[30.08921,-2.02754],[30.08967,-2.02723],[30.0897,-2.02725],[30.0898,-2.02714],[30.08995,-2.02704],[30.09033,-2.02686],[30.09036,-2.02688],[30.09056,-2.02675],[30.09116,-2.02647],[30.09191,-2.02589],[30.0928,-2.02505],[30.09332,-2.02446],[30.09358,-2.02416],[30.09405,-2.02388],[30.09508,-2.02317],[30.0961,-2.02263],[30.09657,-2.02224],[30.09679,-2.02186],[30.09664,-2.02156],[30.09671,-2.02061],[30.09674,-2.02044],[30.09673,-2.02024],[30.09675,-2.02008],[30.09677,-2.02002],[30.09679,-2.01986],[30.09697,-2.01904],[30.09706,-2.01886],[30.09724,-2.01858],[30.09755,-2.01817],[30.09765,-2.01799],[30.09807,-2.01733],[30.09879,-2.0164],[30.09892,-2.01626],[30.09898,-2.01616],[30.09904,-2.01612],[30.09911,-2.01598],[30.09912,-2.01585],[30.09911,-2.01564],[30.09906,-2.01549],[30.09891,-2.01526],[30.09858,-2.01466],[30.0985,-2.01442],[30.09862,-2.01441],[30.09862,-2.01388],[30.09854,-2.01386],[30.09858,-2.01379],[30.09865,-2.01376],[30.09869,-2.01368],[30.09866,-2.01366],[30.09849,-2.01253],[30.09845,-2.01254],[30.09843,-2.0122],[30.09832,-2.01188],[30.0983,-2.01178],[30.09833,-2.01139],[30.09833,-2.01067],[30.09837,-2.00971],[30.0984,-2.00941],[30.09841,-2.00874],[30.09845,-2.00861],[30.09719,-2.00828],[30.09661,-2.00798],[30.09639,-2.00787],[30.09552,-2.00732],[30.09479,-2.00679],[30.09374,-2.00581],[30.09292,-2.00473]]]}},{"type":"Feature","properties":{"d":"Kicukiro","s":"Kigarama","c":"Karugira"},"geometry":{"type":"Polygon","coordinates":[[[30.0755,-1.96975],[30.07507,-1.9691],[30.07489,-1.96883],[30.07477,-1.96864],[30.07463,-1.96829],[30.07459,-1.96807],[30.07453,-1.96794],[30.07427,-1.96773],[30.0739,-1.96814],[30.07376,-1.96831],[30.07329,-1.96873],[30.07307,-1.96889],[30.0728,-1.96905],[30.0726,-1.96914],[30.07217,-1.96926],[30.0716,-1.96943],[30.07142,-1.96951],[30.07091,-1.96979],[30.07079,-1.96984],[30.07064,-1.96995],[30.07039,-1.97008],[30.07015,-1.97024],[30.06973,-1.97044],[30.06933,-1.97075],[30.0692,-1.97086],[30.06891,-1.97121],[30.06865,-1.97158],[30.0685,-1.97183],[30.06838,-1.97195],[30.06868,-1.97235],[30.06881,-1.97247],[30.06903,-1.97278],[30.0692,-1.97289],[30.06926,-1.97301],[30.0694,-1.97312],[30.06947,-1.97328],[30.06949,-1.97338],[30.06951,-1.97362],[30.06955,-1.9737],[30.06938,-1.97375],[30.06937,-1.9738],[30.06938,-1.97387],[30.06939,-1.97403],[30.06958,-1.97463],[30.06958,-1.97464],[30.0696,-1.97464],[30.06977,-1.9746],[30.06982,-1.97463],[30.06984,-1.97473],[30.06992,-1.9749],[30.06996,-1.97514],[30.06996,-1.97591],[30.06996,-1.97614],[30.07,-1.97627],[30.06999,-1.97651],[30.0699,-1.97662],[30.06992,-1.97669],[30.06993,-1.97676],[30.06997,-1.97682],[30.06997,-1.97682],[30.06997,-1.97682],[30.07013,-1.97689],[30.07033,-1.97705],[30.07036,-1.97705],[30.07044,-1.97709],[30.07057,-1.97712],[30.0706,-1.97712],[30.07099,-1.97714],[30.07149,-1.97711],[30.0719,-1.97702],[30.0721,-1.97696],[30.07222,-1.97717],[30.07241,-1.97713],[30.07241,-1.97701],[30.0723,-1.9768],[30.0723,-1.97678],[30.07235,-1.97681],[30.07234,-1.97676],[30.07236,-1.97664],[30.07224,-1.97642],[30.07228,-1.97638],[30.07243,-1.97632],[30.07244,-1.9761],[30.0725,-1.9757],[30.07269,-1.97564],[30.07303,-1.9757],[30.07331,-1.97573],[30.07346,-1.97549],[30.07354,-1.97522],[30.07393,-1.9743],[30.074,-1.97436],[30.07475,-1.9747],[30.07516,-1.9749],[30.07578,-1.97525],[30.07655,-1.97564],[30.07667,-1.97519],[30.0767,-1.97505],[30.07684,-1.97421],[30.07681,-1.97376],[30.07669,-1.97297],[30.07664,-1.97271],[30.07662,-1.97205],[30.07663,-1.9719],[30.07663,-1.97185],[30.07698,-1.9711],[30.07739,-1.97035],[30.07742,-1.97025],[30.07751,-1.96988],[30.07698,-1.96987],[30.07621,-1.96989],[30.07562,-1.96997],[30.0755,-1.96975]]]}},{"type":"Feature","properties":{"d":"Gasabo","s":"Gatsata","c":"Karuruma"},"geometry":{"type":"Polygon","coordinates":[[[30.04996,-1.90446],[30.04993,-1.90428],[30.05012,-1.90402],[30.05016,-1.90392],[30.05017,-1.90382],[30.05013,-1.9037],[30.05002,-1.90358],[30.04971,-1.90335],[30.04946,-1.90312],[30.04937,-1.90305],[30.04928,-1.90303],[30.04921,-1.90309],[30.04918,-1.90319],[30.04917,-1.90342],[30.04911,-1.90386],[30.04905,-1.90393],[30.04895,-1.90433],[30.04886,-1.9045],[30.04876,-1.90481],[30.04865,-1.90506],[30.04839,-1.90551],[30.04796,-1.90609],[30.04751,-1.90659],[30.04724,-1.90688],[30.04692,-1.90716],[30.04637,-1.90754],[30.04624,-1.90758],[30.04622,-1.90756],[30.04616,-1.90748],[30.04627,-1.90712],[30.0463,-1.90692],[30.04631,-1.90665],[30.04626,-1.90634],[30.04618,-1.90605],[30.04599,-1.90545],[30.04574,-1.90495],[30.04569,-1.9049],[30.04565,-1.90485],[30.0456,-1.90476],[30.04542,-1.90463],[30.04448,-1.90418],[30.04375,-1.90386],[30.04363,-1.90383],[30.04347,-1.90381],[30.04333,-1.90383],[30.04329,-1.90395],[30.04333,-1.9041],[30.0433,-1.90435],[30.04308,-1.90478],[30.04274,-1.90538],[30.04242,-1.90567],[30.04229,-1.90572],[30.04207,-1.90581],[30.04173,-1.90606],[30.0413,-1.9063],[30.04057,-1.90688],[30.04044,-1.90672],[30.04037,-1.90661],[30.04033,-1.90648],[30.04025,-1.90637],[30.04008,-1.90618],[30.03987,-1.906],[30.03835,-1.90526],[30.03777,-1.90508],[30.03764,-1.90514],[30.03758,-1.90529],[30.03765,-1.90565],[30.03765,-1.90604],[30.0375,-1.90646],[30.03716,-1.90706],[30.03698,-1.90733],[30.03666,-1.90768],[30.0362,-1.90811],[30.03602,-1.90831],[30.03595,-1.90839],[30.03563,-1.9089],[30.03548,-1.90901],[30.03536,-1.90898],[30.03524,-1.90856],[30.03519,-1.90774],[30.03505,-1.90737],[30.03491,-1.90732],[30.03482,-1.90736],[30.03472,-1.9082],[30.03456,-1.90895],[30.03439,-1.90921],[30.03418,-1.90941],[30.03417,-1.90951],[30.03419,-1.90963],[30.0344,-1.91018],[30.03438,-1.9106],[30.03438,-1.91127],[30.03441,-1.91137],[30.03447,-1.91199],[30.03457,-1.91268],[30.03467,-1.91327],[30.03468,-1.91369],[30.03463,-1.9143],[30.03448,-1.91467],[30.03401,-1.9153],[30.03398,-1.91533],[30.03399,-1.91548],[30.03414,-1.91575],[30.03417,-1.9159],[30.03414,-1.91697],[30.0341,-1.91764],[30.03401,-1.91856],[30.03386,-1.9187],[30.03386,-1.91892],[30.03374,-1.91935],[30.03372,-1.91951],[30.03371,-1.91957],[30.03376,-1.9198],[30.0341,-1.92036],[30.03418,-1.92055],[30.03443,-1.92151],[30.03466,-1.92225],[30.03556,-1.92242],[30.03593,-1.92243],[30.03629,-1.92242],[30.03711,-1.92244],[30.0373,-1.92239],[30.03759,-1.92226],[30.03789,-1.92215],[30.03798,-1.92208],[30.0381,-1.92207],[30.0384,-1.92197],[30.03849,-1.92192],[30.03858,-1.92192],[30.03871,-1.92188],[30.03877,-1.92184],[30.03892,-1.92166],[30.03901,-1.92161],[30.03919,-1.92161],[30.03932,-1.92162],[30.03942,-1.9216],[30.03946,-1.92162],[30.03977,-1.92166],[30.03995,-1.92172],[30.04022,-1.92168],[30.0406,-1.92153],[30.04071,-1.92149],[30.04073,-1.92146],[30.04077,-1.92145],[30.04087,-1.92145],[30.04093,-1.92143],[30.04092,-1.92149],[30.04106,-1.92149],[30.04107,-1.92147],[30.04112,-1.92146],[30.04115,-1.92142],[30.0412,-1.92141],[30.04132,-1.92133],[30.04145,-1.92132],[30.04147,-1.92134],[30.04171,-1.92129],[30.04181,-1.92132],[30.04184,-1.92142],[30.0419,-1.92146],[30.04193,-1.92146],[30.04212,-1.9215],[30.04227,-1.92148],[30.04236,-1.92145],[30.04246,-1.92134],[30.04265,-1.92135],[30.04268,-1.92137],[30.04271,-1.92143],[30.04293,-1.9215],[30.04304,-1.92147],[30.04316,-1.92153],[30.0432,-1.92156],[30.04328,-1.92176],[30.04332,-1.92183],[30.04341,-1.92193],[30.04344,-1.92194],[30.04349,-1.92198],[30.04354,-1.92199],[30.04355,-1.92195],[30.0436,-1.92195],[30.04366,-1.92199],[30.04379,-1.92203],[30.0438,-1.92203],[30.04381,-1.92199],[30.04385,-1.922],[30.04388,-1.92205],[30.04399,-1.9221],[30.04408,-1.92209],[30.04419,-1.92207],[30.04421,-1.92203],[30.0443,-1.92207],[30.04442,-1.92206],[30.04443,-1.92202],[30.04454,-1.92207],[30.04466,-1.92204],[30.04472,-1.92207],[30.04477,-1.92219],[30.04498,-1.92224],[30.04502,-1.92229],[30.04506,-1.92237],[30.04517,-1.92237],[30.04527,-1.92239],[30.04546,-1.92246],[30.0455,-1.92249],[30.04552,-1.92253],[30.0456,-1.92257],[30.04567,-1.92265],[30.04573,-1.92269],[30.04584,-1.92282],[30.04592,-1.92278],[30.04602,-1.92278],[30.04636,-1.92284],[30.04647,-1.92287],[30.0467,-1.923],[30.04701,-1.92223],[30.04749,-1.92104],[30.04754,-1.92084],[30.0477,-1.92018],[30.04778,-1.91986],[30.04794,-1.91894],[30.048,-1.9184],[30.04797,-1.91801],[30.04787,-1.91765],[30.04768,-1.91738],[30.0474,-1.91661],[30.04733,-1.91653],[30.04729,-1.91616],[30.04726,-1.91577],[30.04727,-1.91536],[30.04737,-1.91498],[30.04765,-1.91442],[30.04784,-1.91395],[30.04797,-1.91399],[30.04809,-1.91406],[30.04835,-1.91413],[30.04948,-1.91437],[30.04973,-1.91445],[30.05005,-1.91452],[30.05015,-1.91468],[30.05021,-1.91463],[30.05023,-1.91453],[30.05021,-1.91437],[30.0501,-1.91403],[30.05009,-1.91388],[30.05012,-1.91369],[30.05018,-1.91356],[30.0502,-1.91336],[30.05023,-1.91333],[30.05029,-1.91332],[30.05032,-1.91328],[30.05028,-1.91303],[30.0503,-1.91284],[30.05024,-1.91271],[30.0502,-1.91256],[30.05017,-1.91251],[30.05012,-1.91243],[30.05004,-1.9124],[30.04994,-1.91231],[30.04973,-1.91218],[30.04967,-1.91205],[30.04968,-1.91201],[30.04975,-1.91192],[30.0498,-1.91182],[30.04988,-1.91161],[30.04989,-1.91152],[30.04986,-1.91147],[30.04973,-1.91135],[30.04965,-1.91127],[30.04946,-1.91099],[30.04943,-1.91094],[30.04943,-1.91084],[30.04953,-1.9108],[30.04955,-1.91077],[30.04948,-1.91051],[30.04947,-1.91032],[30.04951,-1.91014],[30.04962,-1.90999],[30.04978,-1.90985],[30.04993,-1.90961],[30.05007,-1.90946],[30.0501,-1.90934],[30.05015,-1.90928],[30.05018,-1.90921],[30.05024,-1.90912],[30.05049,-1.90899],[30.05057,-1.90889],[30.05074,-1.9086],[30.05075,-1.90855],[30.05107,-1.90803],[30.05136,-1.90762],[30.0516,-1.90717],[30.05168,-1.90696],[30.05176,-1.90681],[30.05181,-1.90675],[30.05185,-1.90677],[30.0519,-1.90673],[30.05204,-1.90651],[30.05217,-1.90641],[30.05232,-1.90633],[30.05241,-1.90622],[30.05225,-1.90614],[30.05225,-1.90608],[30.05218,-1.90611],[30.0522,-1.90604],[30.05226,-1.90574],[30.05226,-1.9057],[30.0522,-1.9056],[30.05211,-1.90533],[30.05205,-1.90528],[30.05188,-1.90518],[30.05181,-1.90511],[30.05176,-1.90502],[30.05172,-1.90488],[30.05172,-1.90482],[30.05174,-1.90466],[30.05183,-1.90444],[30.05182,-1.90435],[30.05169,-1.904],[30.05165,-1.90372],[30.05159,-1.90351],[30.0507,-1.90388],[30.05036,-1.9041],[30.0501,-1.90432],[30.04996,-1.9045],[30.04996,-1.90446]]]}},{"type":"Feature","properties":{"d":"Nyarugenge","s":"Kimisagara","c":"Katabaro"},"geometry":{"type":"Polygon","coordinates":[[[30.05338,-1.95486],[30.05358,-1.95475],[30.05378,-1.95466],[30.05371,-1.95453],[30.05394,-1.95443],[30.05392,-1.95422],[30.05371,-1.95397],[30.05343,-1.95355],[30.05312,-1.95292],[30.05297,-1.95261],[30.05285,-1.95228],[30.05282,-1.95221],[30.05244,-1.95171],[30.05244,-1.95154],[30.05241,-1.95143],[30.05237,-1.95128],[30.05234,-1.95068],[30.0522,-1.95046],[30.05195,-1.94972],[30.05177,-1.94913],[30.05173,-1.94888],[30.0515,-1.94818],[30.05132,-1.94828],[30.05139,-1.94839],[30.05108,-1.94862],[30.05086,-1.94876],[30.05067,-1.94883],[30.05044,-1.94906],[30.05042,-1.9491],[30.05035,-1.94917],[30.05037,-1.9492],[30.05001,-1.9495],[30.04994,-1.94965],[30.04979,-1.94983],[30.04954,-1.95017],[30.04939,-1.95042],[30.04931,-1.95056],[30.04913,-1.95083],[30.04824,-1.95174],[30.04813,-1.95188],[30.04785,-1.95221],[30.04764,-1.95234],[30.04751,-1.95241],[30.04723,-1.95265],[30.04703,-1.95283],[30.04697,-1.95292],[30.04671,-1.9533],[30.04663,-1.95352],[30.04661,-1.95365],[30.04649,-1.95392],[30.04632,-1.95415],[30.04627,-1.95418],[30.04627,-1.95423],[30.0462,-1.95435],[30.04604,-1.95453],[30.04586,-1.9547],[30.04562,-1.95487],[30.04555,-1.95485],[30.04552,-1.95484],[30.04537,-1.95493],[30.04535,-1.95496],[30.04531,-1.95496],[30.04527,-1.95499],[30.04517,-1.95511],[30.0451,-1.95513],[30.04504,-1.9552],[30.04501,-1.95529],[30.04502,-1.95536],[30.045,-1.95539],[30.04494,-1.95542],[30.04489,-1.95562],[30.04481,-1.95584],[30.04475,-1.95588],[30.04476,-1.95591],[30.0447,-1.956],[30.04462,-1.95602],[30.04453,-1.95605],[30.04417,-1.95645],[30.04375,-1.95663],[30.04336,-1.95674],[30.04311,-1.95703],[30.04298,-1.95713],[30.04241,-1.95749],[30.04212,-1.95755],[30.0418,-1.95777],[30.04155,-1.95801],[30.04143,-1.95808],[30.04119,-1.9584],[30.04089,-1.95875],[30.04095,-1.95874],[30.04038,-1.95952],[30.03952,-1.9598],[30.0396,-1.96021],[30.04036,-1.96058],[30.04068,-1.96083],[30.04068,-1.96082],[30.04081,-1.96085],[30.04196,-1.96091],[30.04235,-1.96091],[30.0427,-1.96082],[30.04301,-1.96077],[30.0433,-1.96065],[30.04337,-1.9606],[30.04353,-1.96054],[30.04354,-1.96052],[30.04362,-1.96052],[30.04399,-1.96039],[30.0441,-1.96029],[30.04444,-1.9602],[30.04476,-1.95994],[30.04503,-1.95964],[30.04538,-1.95932],[30.04561,-1.95918],[30.04564,-1.95926],[30.04573,-1.95921],[30.04574,-1.95917],[30.04591,-1.95898],[30.04604,-1.9587],[30.04612,-1.95833],[30.04615,-1.95818],[30.04628,-1.95805],[30.04661,-1.95762],[30.04696,-1.95725],[30.04728,-1.95701],[30.04759,-1.95694],[30.04811,-1.95691],[30.04843,-1.9569],[30.04901,-1.95676],[30.04933,-1.95669],[30.0495,-1.95666],[30.05001,-1.95664],[30.05021,-1.95661],[30.05026,-1.95645],[30.05085,-1.95634],[30.05104,-1.95633],[30.05106,-1.9563],[30.05116,-1.95631],[30.05124,-1.95628],[30.05135,-1.95628],[30.05142,-1.95612],[30.05156,-1.95607],[30.05169,-1.95609],[30.05189,-1.95606],[30.05198,-1.95601],[30.05207,-1.95592],[30.05218,-1.95585],[30.05222,-1.95581],[30.05241,-1.9558],[30.05244,-1.95577],[30.05253,-1.95574],[30.05256,-1.95572],[30.05252,-1.95555],[30.05254,-1.95547],[30.05263,-1.95534],[30.05272,-1.9553],[30.05289,-1.95524],[30.0533,-1.95499],[30.05338,-1.95486]]]}},{"type":"Feature","properties":{"d":"Nyarugenge","s":"Mageregere","c":"Kavumu"},"geometry":{"type":"Polygon","coordinates":[[[30.01121,-2.0186],[30.01104,-2.01835],[30.01096,-2.01809],[30.01099,-2.01807],[30.01059,-2.01782],[30.01029,-2.01873],[30.00991,-2.019],[30.00933,-2.01881],[30.00862,-2.01841],[30.00805,-2.01833],[30.00759,-2.01916],[30.00749,-2.02009],[30.00719,-2.02056],[30.00636,-2.02048],[30.0057,-2.02025],[30.0054,-2.02125],[30.0054,-2.02169],[30.00512,-2.02222],[30.00489,-2.023],[30.00493,-2.02327],[30.0051,-2.02377],[30.00531,-2.02406],[30.00559,-2.02433],[30.00623,-2.02474],[30.00656,-2.02486],[30.00734,-2.02505],[30.00752,-2.02507],[30.00795,-2.02523],[30.00845,-2.02579],[30.00855,-2.02665],[30.00869,-2.02721],[30.00887,-2.02772],[30.00887,-2.028],[30.00891,-2.02814],[30.00807,-2.02824],[30.00684,-2.02841],[30.00624,-2.02874],[30.00563,-2.02921],[30.0054,-2.02949],[30.00533,-2.02954],[30.00513,-2.02975],[30.00506,-2.02978],[30.00445,-2.03009],[30.00359,-2.03055],[30.00308,-2.03096],[30.00222,-2.03153],[30.00176,-2.03164],[30.00136,-2.03113],[30.00136,-2.03094],[30.00133,-2.03089],[30.00136,-2.03082],[30.00136,-2.03055],[30.00198,-2.02979],[30.00244,-2.02915],[30.00262,-2.0286],[30.00228,-2.02826],[30.00153,-2.02845],[30.00054,-2.02894],[29.99976,-2.02973],[29.99959,-2.02982],[29.99942,-2.03004],[29.99897,-2.03015],[29.99895,-2.03014],[29.9989,-2.03015],[29.99884,-2.03006],[29.99862,-2.02992],[29.99832,-2.02977],[29.99804,-2.02979],[29.99779,-2.0298],[29.99743,-2.03001],[29.99719,-2.03024],[29.99671,-2.03095],[29.99592,-2.03242],[29.99583,-2.03322],[29.99583,-2.03388],[29.99571,-2.03423],[29.99562,-2.03428],[29.99554,-2.03441],[29.99538,-2.03442],[29.99531,-2.03446],[29.9948,-2.03446],[29.99456,-2.03433],[29.99427,-2.03424],[29.99379,-2.03383],[29.99349,-2.0336],[29.99314,-2.03337],[29.99288,-2.03337],[29.99246,-2.03378],[29.99244,-2.0338],[29.99243,-2.03383],[29.99202,-2.03494],[29.99179,-2.03526],[29.99138,-2.0356],[29.99086,-2.03612],[29.99063,-2.03653],[29.99049,-2.037],[29.99042,-2.03741],[29.99046,-2.03779],[29.99045,-2.03786],[29.99048,-2.03793],[29.9904,-2.03842],[29.99022,-2.03874],[29.99012,-2.039],[29.98999,-2.03907],[29.9899,-2.0392],[29.98969,-2.03925],[29.98955,-2.03934],[29.98903,-2.03951],[29.98851,-2.03984],[29.98806,-2.04031],[29.98797,-2.04033],[29.98788,-2.04043],[29.98784,-2.04057],[29.98774,-2.04062],[29.9876,-2.04088],[29.98725,-2.04132],[29.98697,-2.04184],[29.98689,-2.04256],[29.9868,-2.0428],[29.98675,-2.04307],[29.98669,-2.04315],[29.98664,-2.04328],[29.98632,-2.04364],[29.98627,-2.04384],[29.98625,-2.04394],[29.98594,-2.04379],[29.98577,-2.04378],[29.98566,-2.04382],[29.98542,-2.04374],[29.98533,-2.04374],[29.98526,-2.0437],[29.98509,-2.04365],[29.98461,-2.04318],[29.98407,-2.0429],[29.98378,-2.04319],[29.98361,-2.04359],[29.98338,-2.04393],[29.98343,-2.04425],[29.98344,-2.04428],[29.98395,-2.04474],[29.98429,-2.04537],[29.98469,-2.04623],[29.98492,-2.04715],[29.98495,-2.04758],[29.98498,-2.04796],[29.98498,-2.04864],[29.98538,-2.04922],[29.98584,-2.04956],[29.98652,-2.04979],[29.98721,-2.04997],[29.98738,-2.05048],[29.98743,-2.05106],[29.98726,-2.05175],[29.98692,-2.05243],[29.98635,-2.05295],[29.98588,-2.05328],[29.9858,-2.05357],[29.98605,-2.05432],[29.98658,-2.05433],[29.98726,-2.05427],[29.98743,-2.05456],[29.98726,-2.05531],[29.98681,-2.05594],[29.98641,-2.05624],[29.98618,-2.05649],[29.9857,-2.05677],[29.98544,-2.05697],[29.98475,-2.05737],[29.98407,-2.0576],[29.98369,-2.05777],[29.98367,-2.05781],[29.98365,-2.05784],[29.98367,-2.05787],[29.98386,-2.05818],[29.98426,-2.05834],[29.98471,-2.05845],[29.9851,-2.05852],[29.98589,-2.0585],[29.98657,-2.05816],[29.98686,-2.05783],[29.98732,-2.05737],[29.98772,-2.05726],[29.98789,-2.05778],[29.98792,-2.05801],[29.98807,-2.05842],[29.98839,-2.06069],[29.98841,-2.0608],[29.98844,-2.06105],[29.98854,-2.06173],[29.98859,-2.06199],[29.98891,-2.06247],[29.98927,-2.0625],[29.98958,-2.06242],[29.98994,-2.06211],[29.99033,-2.06186],[29.99019,-2.06154],[29.99017,-2.06069],[29.99039,-2.06052],[29.991,-2.05912],[29.99115,-2.05837],[29.99121,-2.05828],[29.99126,-2.05807],[29.9918,-2.05685],[29.99183,-2.05671],[29.99208,-2.05646],[29.99199,-2.05639],[29.99191,-2.05635],[29.99201,-2.05591],[29.99199,-2.05505],[29.9921,-2.05451],[29.99246,-2.05355],[29.99303,-2.05247],[29.99364,-2.05081],[29.99395,-2.05034],[29.99403,-2.04995],[29.99443,-2.04908],[29.99444,-2.04907],[29.99571,-2.04902],[29.99666,-2.04912],[29.99729,-2.04933],[29.99893,-2.04968],[29.99965,-2.04882],[29.99979,-2.04893],[30.0,-2.04914],[30.00067,-2.0496],[30.00104,-2.04997],[30.00123,-2.05023],[30.00133,-2.05058],[30.00136,-2.0507],[30.00133,-2.05085],[30.00128,-2.05098],[30.00119,-2.05148],[30.00107,-2.05194],[30.00103,-2.05223],[30.00106,-2.05235],[30.0013,-2.05283],[30.00138,-2.05295],[30.00148,-2.05303],[30.00189,-2.05344],[30.00208,-2.05362],[30.00222,-2.05372],[30.00264,-2.05396],[30.00347,-2.05423],[30.00399,-2.05435],[30.00449,-2.05456],[30.00475,-2.05461],[30.0054,-2.05468],[30.00563,-2.05469],[30.00574,-2.05467],[30.00588,-2.05465],[30.00619,-2.05453],[30.00662,-2.05429],[30.00683,-2.05406],[30.0069,-2.05389],[30.00699,-2.05372],[30.00719,-2.05365],[30.00756,-2.05323],[30.00816,-2.05247],[30.0085,-2.05183],[30.00861,-2.05146],[30.00874,-2.0509],[30.00877,-2.05074],[30.00886,-2.05059],[30.00893,-2.05027],[30.00897,-2.05013],[30.00908,-2.04994],[30.00918,-2.04982],[30.0095,-2.04949],[30.00979,-2.04915],[30.00983,-2.04901],[30.00992,-2.04893],[30.00994,-2.04881],[30.01002,-2.04856],[30.01008,-2.04845],[30.01021,-2.04832],[30.01043,-2.048],[30.01077,-2.04763],[30.01116,-2.04714],[30.01144,-2.04696],[30.01153,-2.04686],[30.01163,-2.04671],[30.01177,-2.04644],[30.01204,-2.04603],[30.01214,-2.0459],[30.01238,-2.04569],[30.01266,-2.04556],[30.01294,-2.04547],[30.01335,-2.04537],[30.01365,-2.04531],[30.01382,-2.04531],[30.01405,-2.04528],[30.01449,-2.04513],[30.01478,-2.04509],[30.01492,-2.04507],[30.015,-2.04503],[30.01517,-2.04489],[30.01553,-2.04457],[30.01583,-2.04442],[30.01627,-2.04428],[30.01677,-2.044],[30.01692,-2.04396],[30.01705,-2.04394],[30.0173,-2.04401],[30.01751,-2.04404],[30.01806,-2.04421],[30.01816,-2.04422],[30.0184,-2.04417],[30.01876,-2.04405],[30.01883,-2.04402],[30.01916,-2.04401],[30.02013,-2.04401],[30.02034,-2.04406],[30.02075,-2.0442],[30.02097,-2.04429],[30.02139,-2.04442],[30.02263,-2.04471],[30.02292,-2.04488],[30.02311,-2.04504],[30.0234,-2.04522],[30.02373,-2.04539],[30.02451,-2.04578],[30.02484,-2.04586],[30.02494,-2.0457],[30.02504,-2.04559],[30.02548,-2.04556],[30.02568,-2.04542],[30.02592,-2.04528],[30.02603,-2.04524],[30.02611,-2.04523],[30.02624,-2.04517],[30.02657,-2.0449],[30.0268,-2.04477],[30.02687,-2.04483],[30.02708,-2.04497],[30.02736,-2.04507],[30.02762,-2.0451],[30.028,-2.04507],[30.0287,-2.04487],[30.02889,-2.0447],[30.02934,-2.04449],[30.03022,-2.0442],[30.03046,-2.04406],[30.02959,-2.0434],[30.03058,-2.04096],[30.03037,-2.04038],[30.03033,-2.04029],[30.03035,-2.04027],[30.03023,-2.04013],[30.03019,-2.03999],[30.03017,-2.04001],[30.03006,-2.0398],[30.02967,-2.03956],[30.02972,-2.03952],[30.02964,-2.03949],[30.02959,-2.03949],[30.02953,-2.03947],[30.02953,-2.03945],[30.02948,-2.03943],[30.02815,-2.03859],[30.02802,-2.03838],[30.02764,-2.03829],[30.02737,-2.03782],[30.02682,-2.0374],[30.02619,-2.03658],[30.02634,-2.03585],[30.02599,-2.03548],[30.0262,-2.03537],[30.02347,-2.03508],[30.02347,-2.03505],[30.02338,-2.03507],[30.02182,-2.0349],[30.02162,-2.03484],[30.0216,-2.03484],[30.02146,-2.03471],[30.0209,-2.03406],[30.02056,-2.03347],[30.01967,-2.03269],[30.01949,-2.03253],[30.01833,-2.03119],[30.01795,-2.03055],[30.01785,-2.03027],[30.01776,-2.03012],[30.01779,-2.03012],[30.01784,-2.02956],[30.01773,-2.02923],[30.01725,-2.02881],[30.01771,-2.02838],[30.0177,-2.02835],[30.01735,-2.02814],[30.01738,-2.02811],[30.01733,-2.02791],[30.01683,-2.02739],[30.01691,-2.02727],[30.01676,-2.02711],[30.01669,-2.02706],[30.01667,-2.02701],[30.01425,-2.02436],[30.01252,-2.02166],[30.01121,-2.0186]]]}},{"type":"Feature","properties":{"d":"Gasabo","s":"Kimironko","c":"Kibagabaga"},"geometry":{"type":"Polygon","coordinates":[[[30.1276,-1.92004],[30.12743,-1.91994],[30.12691,-1.91992],[30.1269,-1.92157],[30.12549,-1.92411],[30.12464,-1.92491],[30.12433,-1.92467],[30.12395,-1.92509],[30.12393,-1.92507],[30.1239,-1.92507],[30.1238,-1.92516],[30.12354,-1.92503],[30.12342,-1.925],[30.1232,-1.92498],[30.12309,-1.92499],[30.1226,-1.92617],[30.12244,-1.9266],[30.12239,-1.92681],[30.12235,-1.92693],[30.12112,-1.92719],[30.12124,-1.92654],[30.12006,-1.92608],[30.11483,-1.92406],[30.11402,-1.92378],[30.1124,-1.92338],[30.11063,-1.92277],[30.11002,-1.92302],[30.10979,-1.92304],[30.10955,-1.92302],[30.10816,-1.92269],[30.1072,-1.92259],[30.10674,-1.92264],[30.10626,-1.92283],[30.10532,-1.92345],[30.10527,-1.92348],[30.10473,-1.92375],[30.10474,-1.92377],[30.10479,-1.92377],[30.10481,-1.92381],[30.10484,-1.92406],[30.10477,-1.92458],[30.10471,-1.92494],[30.10465,-1.92568],[30.10461,-1.92584],[30.1046,-1.92603],[30.10457,-1.9261],[30.10449,-1.92707],[30.10439,-1.92769],[30.10435,-1.92802],[30.10434,-1.9283],[30.10435,-1.92837],[30.10438,-1.92843],[30.10442,-1.92849],[30.10447,-1.92875],[30.10447,-1.92886],[30.1045,-1.92903],[30.10453,-1.92923],[30.1046,-1.9294],[30.10469,-1.92941],[30.10483,-1.92953],[30.10504,-1.9298],[30.10514,-1.92998],[30.10519,-1.93002],[30.10529,-1.93006],[30.10532,-1.93018],[30.10543,-1.93066],[30.10536,-1.93141],[30.10542,-1.93191],[30.10551,-1.93214],[30.10556,-1.93243],[30.10569,-1.93288],[30.10573,-1.93297],[30.1058,-1.93321],[30.10601,-1.93368],[30.10612,-1.93407],[30.10607,-1.93412],[30.10607,-1.93415],[30.10643,-1.9351],[30.1065,-1.93527],[30.10666,-1.93583],[30.10692,-1.93624],[30.10722,-1.93669],[30.10744,-1.93701],[30.10755,-1.93725],[30.10789,-1.93775],[30.10844,-1.93727],[30.10858,-1.93745],[30.10869,-1.93754],[30.10874,-1.93748],[30.10883,-1.93755],[30.10943,-1.93799],[30.11041,-1.93836],[30.11047,-1.93843],[30.11154,-1.93883],[30.11226,-1.93911],[30.11222,-1.9392],[30.11302,-1.9397],[30.11348,-1.93999],[30.11364,-1.94011],[30.11365,-1.94011],[30.11385,-1.93963],[30.11427,-1.94005],[30.11473,-1.94037],[30.11485,-1.94055],[30.11515,-1.94098],[30.11576,-1.94098],[30.11577,-1.94114],[30.11584,-1.94126],[30.11592,-1.94141],[30.11603,-1.94156],[30.11625,-1.94179],[30.11631,-1.94202],[30.11637,-1.94198],[30.11648,-1.94196],[30.11664,-1.94195],[30.11693,-1.94198],[30.11698,-1.942],[30.1171,-1.94198],[30.1172,-1.94225],[30.11729,-1.94223],[30.11727,-1.94214],[30.11732,-1.94216],[30.11755,-1.94216],[30.1176,-1.94216],[30.11796,-1.94225],[30.11803,-1.94227],[30.11816,-1.9424],[30.11826,-1.94247],[30.11883,-1.94268],[30.11927,-1.94272],[30.11954,-1.94278],[30.11975,-1.94285],[30.1199,-1.94292],[30.12014,-1.94299],[30.12034,-1.94307],[30.12065,-1.94325],[30.12081,-1.94331],[30.12126,-1.94351],[30.12134,-1.94352],[30.12152,-1.94364],[30.12173,-1.9437],[30.12187,-1.94371],[30.12198,-1.94371],[30.12213,-1.94375],[30.12217,-1.94373],[30.12234,-1.94373],[30.12246,-1.94376],[30.12264,-1.94383],[30.12271,-1.94383],[30.12289,-1.94392],[30.12294,-1.94391],[30.12333,-1.94379],[30.12343,-1.9437],[30.12389,-1.94349],[30.12399,-1.94343],[30.124,-1.9433],[30.124,-1.94326],[30.12452,-1.94289],[30.12452,-1.94287],[30.12533,-1.94404],[30.12545,-1.94417],[30.12551,-1.94429],[30.12579,-1.94435],[30.12592,-1.9444],[30.12611,-1.94452],[30.12623,-1.94465],[30.12635,-1.94484],[30.12638,-1.94496],[30.12643,-1.94504],[30.12654,-1.94512],[30.12707,-1.9453],[30.12732,-1.94541],[30.12744,-1.94555],[30.12747,-1.94575],[30.12744,-1.94596],[30.12732,-1.94619],[30.12721,-1.94648],[30.12723,-1.94671],[30.12723,-1.94681],[30.12724,-1.9468],[30.12734,-1.94712],[30.12749,-1.94795],[30.12743,-1.94806],[30.12753,-1.94803],[30.12785,-1.94738],[30.13046,-1.94187],[30.13056,-1.9417],[30.13058,-1.94165],[30.13125,-1.94025],[30.13162,-1.93938],[30.13324,-1.93578],[30.13346,-1.9355],[30.13455,-1.93443],[30.13533,-1.93359],[30.13554,-1.93334],[30.13573,-1.93303],[30.13593,-1.93244],[30.13614,-1.93209],[30.1366,-1.93169],[30.1367,-1.93159],[30.13695,-1.93088],[30.13698,-1.92981],[30.13717,-1.9292],[30.13752,-1.92905],[30.13796,-1.92902],[30.13864,-1.92867],[30.13857,-1.92862],[30.13861,-1.92859],[30.13871,-1.9285],[30.13876,-1.92838],[30.13881,-1.92839],[30.13883,-1.92836],[30.13885,-1.92825],[30.13892,-1.92807],[30.13895,-1.92786],[30.13892,-1.92771],[30.13889,-1.92742],[30.1389,-1.92741],[30.13887,-1.92735],[30.13888,-1.92728],[30.13887,-1.92721],[30.13893,-1.92714],[30.13894,-1.92712],[30.13892,-1.92699],[30.13889,-1.92688],[30.13889,-1.92674],[30.13877,-1.92635],[30.13868,-1.92616],[30.13862,-1.92594],[30.13858,-1.92581],[30.13817,-1.92501],[30.13809,-1.9248],[30.1379,-1.92489],[30.13775,-1.92491],[30.13737,-1.92462],[30.13697,-1.92444],[30.13672,-1.92441],[30.13644,-1.92446],[30.13591,-1.92435],[30.13548,-1.92424],[30.13526,-1.92429],[30.13503,-1.92432],[30.13456,-1.92408],[30.13414,-1.92399],[30.13392,-1.92384],[30.13398,-1.92366],[30.13399,-1.92321],[30.13381,-1.9232],[30.13181,-1.92183],[30.13179,-1.92177],[30.13174,-1.92174],[30.13177,-1.9217],[30.13162,-1.9216],[30.13145,-1.9215],[30.13141,-1.92145],[30.13139,-1.92133],[30.13136,-1.92131],[30.13119,-1.9213],[30.13117,-1.92122],[30.13113,-1.92119],[30.13091,-1.9212],[30.13073,-1.92117],[30.13037,-1.92068],[30.13023,-1.92044],[30.13012,-1.92034],[30.13002,-1.9202],[30.12998,-1.92022],[30.12882,-1.92011],[30.12777,-1.92023],[30.1276,-1.92004]]]}},{"type":"Feature","properties":{"d":"Gasabo","s":"Gikomero","c":"Kibara"},"geometry":{"type":"Polygon","coordinates":[[[30.22624,-1.87596],[30.22591,-1.87594],[30.22563,-1.87591],[30.22554,-1.87586],[30.22506,-1.87576],[30.22499,-1.87567],[30.22485,-1.87599],[30.22475,-1.87628],[30.22466,-1.87645],[30.22459,-1.87669],[30.22452,-1.87685],[30.2245,-1.87704],[30.22456,-1.87721],[30.22486,-1.87713],[30.2255,-1.87714],[30.22571,-1.8771],[30.22575,-1.87715],[30.22592,-1.87723],[30.22594,-1.87722],[30.22612,-1.87745],[30.22615,-1.87776],[30.2264,-1.87817],[30.22663,-1.8784],[30.2269,-1.87842],[30.22696,-1.87841],[30.22711,-1.87844],[30.22723,-1.87842],[30.22736,-1.87845],[30.22744,-1.87848],[30.2276,-1.87849],[30.2278,-1.87845],[30.22796,-1.87836],[30.22809,-1.87826],[30.22818,-1.87821],[30.22868,-1.87799],[30.22869,-1.878],[30.22894,-1.87789],[30.22896,-1.87792],[30.22905,-1.87782],[30.22911,-1.87783],[30.22926,-1.87793],[30.22928,-1.87796],[30.22917,-1.87816],[30.22958,-1.87824],[30.22972,-1.87829],[30.22972,-1.87833],[30.22965,-1.87854],[30.22962,-1.87851],[30.22959,-1.87851],[30.22947,-1.87864],[30.22896,-1.87947],[30.22893,-1.87945],[30.22881,-1.87971],[30.22871,-1.87999],[30.22853,-1.8803],[30.22849,-1.88041],[30.22845,-1.88045],[30.22838,-1.88048],[30.22826,-1.88052],[30.22787,-1.88058],[30.22773,-1.88063],[30.22772,-1.88066],[30.22775,-1.88077],[30.22775,-1.88087],[30.22837,-1.88085],[30.22851,-1.88082],[30.22861,-1.88084],[30.22873,-1.88091],[30.22879,-1.88097],[30.22887,-1.88106],[30.22891,-1.88117],[30.22889,-1.88125],[30.22875,-1.88139],[30.22873,-1.88148],[30.22879,-1.88156],[30.22884,-1.88157],[30.22915,-1.88158],[30.22922,-1.88152],[30.22949,-1.88163],[30.22961,-1.88168],[30.22975,-1.88178],[30.22975,-1.88181],[30.23003,-1.88203],[30.23002,-1.88208],[30.23007,-1.88207],[30.23022,-1.88199],[30.23032,-1.88197],[30.23052,-1.88197],[30.23057,-1.88203],[30.23059,-1.88206],[30.23064,-1.88239],[30.23058,-1.88262],[30.23064,-1.88266],[30.23081,-1.88267],[30.23121,-1.88247],[30.23143,-1.88257],[30.23166,-1.88261],[30.23176,-1.88258],[30.23192,-1.88268],[30.23204,-1.88286],[30.23213,-1.88296],[30.23222,-1.88312],[30.23241,-1.88298],[30.23249,-1.88287],[30.23255,-1.88299],[30.23263,-1.88302],[30.23263,-1.88298],[30.2327,-1.88292],[30.23286,-1.88289],[30.23293,-1.88285],[30.23301,-1.88284],[30.23323,-1.88278],[30.23324,-1.88277],[30.23325,-1.88258],[30.23331,-1.88251],[30.23343,-1.88248],[30.23353,-1.88248],[30.23353,-1.88247],[30.23381,-1.88242],[30.2338,-1.88239],[30.23474,-1.88239],[30.2359,-1.88261],[30.23635,-1.88281],[30.23607,-1.88378],[30.23564,-1.88605],[30.23499,-1.88811],[30.23444,-1.88898],[30.23418,-1.89028],[30.23367,-1.89125],[30.23336,-1.892],[30.23322,-1.89239],[30.23365,-1.89309],[30.23403,-1.89377],[30.23412,-1.89374],[30.23431,-1.8935],[30.23541,-1.89295],[30.23576,-1.89253],[30.23601,-1.89206],[30.23713,-1.8911],[30.23748,-1.89071],[30.23773,-1.88958],[30.23772,-1.88942],[30.23782,-1.88897],[30.23789,-1.88878],[30.23816,-1.88838],[30.23818,-1.88832],[30.23838,-1.88785],[30.23862,-1.88735],[30.23868,-1.88703],[30.23875,-1.8869],[30.23877,-1.88678],[30.23882,-1.88622],[30.23886,-1.88597],[30.23887,-1.88548],[30.23939,-1.88556],[30.24023,-1.88551],[30.2408,-1.88537],[30.24106,-1.88522],[30.24158,-1.8858],[30.24169,-1.88579],[30.24193,-1.88586],[30.24215,-1.8859],[30.24236,-1.88591],[30.24238,-1.88578],[30.24241,-1.88577],[30.24246,-1.88588],[30.24263,-1.88579],[30.24268,-1.88575],[30.24267,-1.88573],[30.24271,-1.88569],[30.24293,-1.88557],[30.24302,-1.88554],[30.24338,-1.88525],[30.24389,-1.88508],[30.24501,-1.88428],[30.24509,-1.88416],[30.24525,-1.88385],[30.24538,-1.88369],[30.24544,-1.88358],[30.24555,-1.88331],[30.2458,-1.88256],[30.24585,-1.88246],[30.2459,-1.88239],[30.24615,-1.8823],[30.24633,-1.88222],[30.24664,-1.88218],[30.24721,-1.88218],[30.24737,-1.88216],[30.24751,-1.88209],[30.24773,-1.88194],[30.24803,-1.88189],[30.24814,-1.88177],[30.24814,-1.88179],[30.2482,-1.88177],[30.24825,-1.88171],[30.24827,-1.88172],[30.2483,-1.8817],[30.24845,-1.88167],[30.24861,-1.88144],[30.24871,-1.88124],[30.24877,-1.88118],[30.24883,-1.88116],[30.24885,-1.8811],[30.24893,-1.88099],[30.24896,-1.88084],[30.24901,-1.88074],[30.24901,-1.88062],[30.24898,-1.88058],[30.24895,-1.88055],[30.24894,-1.8805],[30.24918,-1.88021],[30.24911,-1.88017],[30.24912,-1.8801],[30.2492,-1.88004],[30.24928,-1.87994],[30.24937,-1.87988],[30.2495,-1.87982],[30.24963,-1.87979],[30.24971,-1.87974],[30.24975,-1.87968],[30.24977,-1.87961],[30.24976,-1.87946],[30.24969,-1.87924],[30.24973,-1.87913],[30.24976,-1.879],[30.24974,-1.87895],[30.24973,-1.87884],[30.24971,-1.8788],[30.24967,-1.87863],[30.24958,-1.87845],[30.24958,-1.87844],[30.24963,-1.8784],[30.24962,-1.87817],[30.2497,-1.87815],[30.24983,-1.87814],[30.24988,-1.87794],[30.24988,-1.87786],[30.24985,-1.87779],[30.2498,-1.87749],[30.2497,-1.87722],[30.24968,-1.87721],[30.24963,-1.87709],[30.24947,-1.87668],[30.24948,-1.87636],[30.24945,-1.87632],[30.24935,-1.8763],[30.24934,-1.87628],[30.24943,-1.87607],[30.2495,-1.876],[30.24952,-1.87596],[30.24942,-1.87579],[30.24943,-1.87572],[30.24968,-1.87554],[30.24969,-1.87551],[30.24968,-1.87549],[30.24973,-1.87543],[30.2498,-1.87522],[30.24997,-1.87526],[30.25003,-1.87525],[30.25008,-1.8751],[30.25008,-1.87503],[30.25,-1.87488],[30.24992,-1.87467],[30.24994,-1.87463],[30.24993,-1.8744],[30.2499,-1.87417],[30.24987,-1.87414],[30.24978,-1.87411],[30.24976,-1.87403],[30.24976,-1.87399],[30.24989,-1.87392],[30.24997,-1.87382],[30.25003,-1.87348],[30.25005,-1.87325],[30.24995,-1.87296],[30.24994,-1.87278],[30.24991,-1.87264],[30.24981,-1.8724],[30.24966,-1.87221],[30.24958,-1.87192],[30.24955,-1.87173],[30.24956,-1.87129],[30.24959,-1.87107],[30.24955,-1.87098],[30.24955,-1.87093],[30.24956,-1.87081],[30.24959,-1.8707],[30.24967,-1.8705],[30.24979,-1.87025],[30.2498,-1.8701],[30.24983,-1.87007],[30.24999,-1.87006],[30.25002,-1.87004],[30.25009,-1.86995],[30.25024,-1.8697],[30.25034,-1.8693],[30.25037,-1.86913],[30.25033,-1.86909],[30.25024,-1.86904],[30.25023,-1.86899],[30.25042,-1.86878],[30.25047,-1.86869],[30.25051,-1.86847],[30.25051,-1.86838],[30.25049,-1.86792],[30.25049,-1.86762],[30.25045,-1.86752],[30.25044,-1.86752],[30.2504,-1.86747],[30.25036,-1.86745],[30.25033,-1.86745],[30.25032,-1.86731],[30.25037,-1.86698],[30.25035,-1.86647],[30.2503,-1.86635],[30.2503,-1.86617],[30.25026,-1.86592],[30.25026,-1.8656],[30.25034,-1.8656],[30.25041,-1.86546],[30.25048,-1.86527],[30.25054,-1.86519],[30.25067,-1.86516],[30.25078,-1.86512],[30.25082,-1.86504],[30.25081,-1.86487],[30.25086,-1.86484],[30.25104,-1.86482],[30.25104,-1.86471],[30.251,-1.86464],[30.25104,-1.86461],[30.2511,-1.8646],[30.25114,-1.86453],[30.25112,-1.86438],[30.25115,-1.86439],[30.25119,-1.86426],[30.25126,-1.86414],[30.25128,-1.86407],[30.25097,-1.86407],[30.25094,-1.86404],[30.2509,-1.86402],[30.25085,-1.8638],[30.25077,-1.8638],[30.25065,-1.86376],[30.25061,-1.86379],[30.25048,-1.86381],[30.25041,-1.8638],[30.25036,-1.86355],[30.2501,-1.86265],[30.25003,-1.86246],[30.24904,-1.85905],[30.24778,-1.85762],[30.24776,-1.85757],[30.24774,-1.85759],[30.24768,-1.85753],[30.24756,-1.85744],[30.24744,-1.85729],[30.2474,-1.85714],[30.24739,-1.85703],[30.24746,-1.85688],[30.24761,-1.85666],[30.24786,-1.85642],[30.24813,-1.85605],[30.24847,-1.85552],[30.24865,-1.85511],[30.24875,-1.85483],[30.24881,-1.85446],[30.24893,-1.854],[30.24911,-1.85349],[30.24916,-1.85236],[30.24872,-1.85007],[30.24852,-1.84942],[30.24853,-1.84914],[30.2483,-1.84861],[30.24814,-1.84788],[30.24786,-1.84598],[30.24777,-1.84575],[30.24625,-1.84619],[30.24556,-1.84627],[30.24469,-1.84625],[30.2426,-1.84628],[30.24094,-1.84631],[30.23998,-1.84627],[30.23815,-1.84601],[30.23736,-1.84603],[30.23692,-1.84684],[30.23653,-1.84845],[30.23649,-1.84998],[30.2363,-1.85191],[30.23602,-1.85304],[30.2359,-1.85337],[30.23561,-1.85381],[30.23453,-1.85522],[30.23446,-1.85546],[30.23434,-1.85582],[30.2342,-1.85596],[30.23376,-1.85691],[30.23363,-1.85769],[30.23371,-1.85832],[30.23367,-1.8593],[30.23354,-1.85999],[30.23327,-1.86139],[30.23328,-1.86294],[30.23322,-1.8634],[30.23309,-1.86371],[30.23312,-1.86388],[30.23331,-1.86591],[30.2333,-1.86623],[30.23331,-1.86623],[30.23332,-1.86645],[30.23329,-1.86651],[30.23329,-1.86675],[30.23355,-1.8676],[30.23346,-1.86806],[30.23349,-1.86807],[30.23345,-1.86815],[30.23338,-1.86847],[30.23337,-1.86896],[30.23348,-1.86967],[30.23378,-1.87],[30.23378,-1.87059],[30.233,-1.8713],[30.23294,-1.87145],[30.23273,-1.87177],[30.23267,-1.87217],[30.23267,-1.87248],[30.23272,-1.87266],[30.23218,-1.87276],[30.23189,-1.87277],[30.23182,-1.87261],[30.23174,-1.87235],[30.23173,-1.87202],[30.23169,-1.87193],[30.23147,-1.87208],[30.2313,-1.87225],[30.23108,-1.87212],[30.23106,-1.87183],[30.23096,-1.87173],[30.23065,-1.87158],[30.23056,-1.8716],[30.23007,-1.87228],[30.2299,-1.87235],[30.22953,-1.87235],[30.22941,-1.87251],[30.2293,-1.87292],[30.22926,-1.87297],[30.22916,-1.87295],[30.22906,-1.87296],[30.22901,-1.87285],[30.22833,-1.87282],[30.22823,-1.87294],[30.22819,-1.87303],[30.22807,-1.87321],[30.22805,-1.87342],[30.22794,-1.87379],[30.22783,-1.87407],[30.22762,-1.87429],[30.2276,-1.87442],[30.22694,-1.87478],[30.22619,-1.87552],[30.22628,-1.87597],[30.22626,-1.87605],[30.22626,-1.87605],[30.22625,-1.87605],[30.22626,-1.87605],[30.22624,-1.87596]]]}},{"type":"Feature","properties":{"d":"Gasabo","s":"Kacyiru","c":"Kibaza"},"geometry":{"type":"Polygon","coordinates":[[[30.0744,-1.92698],[30.07375,-1.92641],[30.0733,-1.92654],[30.07263,-1.92688],[30.07221,-1.92698],[30.07174,-1.92699],[30.07058,-1.92663],[30.07018,-1.92652],[30.06985,-1.92651],[30.0692,-1.92663],[30.06877,-1.92668],[30.06798,-1.9269],[30.06705,-1.92754],[30.06639,-1.92783],[30.06495,-1.92939],[30.06457,-1.92963],[30.06456,-1.9297],[30.06444,-1.92996],[30.06388,-1.93051],[30.06359,-1.93115],[30.06403,-1.93084],[30.06504,-1.93042],[30.06576,-1.93014],[30.06571,-1.93027],[30.06533,-1.93065],[30.06552,-1.93064],[30.06638,-1.9307],[30.06645,-1.93075],[30.06678,-1.93084],[30.06699,-1.93095],[30.06715,-1.93099],[30.0675,-1.93101],[30.06807,-1.93119],[30.0683,-1.93127],[30.06848,-1.93134],[30.07015,-1.93191],[30.07061,-1.93211],[30.07282,-1.9328],[30.07356,-1.93311],[30.07464,-1.93356],[30.07812,-1.93481],[30.07917,-1.93525],[30.07942,-1.93552],[30.07946,-1.93568],[30.07943,-1.93608],[30.07933,-1.93614],[30.07907,-1.93657],[30.07916,-1.93664],[30.07922,-1.93675],[30.07923,-1.93692],[30.07918,-1.93709],[30.08004,-1.93764],[30.08184,-1.93854],[30.08314,-1.939],[30.08348,-1.93791],[30.08362,-1.93748],[30.08367,-1.9373],[30.08395,-1.93662],[30.084,-1.93653],[30.08406,-1.93645],[30.08475,-1.93616],[30.08544,-1.93584],[30.08583,-1.93594],[30.08598,-1.93602],[30.08617,-1.93576],[30.08643,-1.93527],[30.08535,-1.9349],[30.08573,-1.93461],[30.08593,-1.9345],[30.08599,-1.93444],[30.08599,-1.93412],[30.08592,-1.93391],[30.08585,-1.93383],[30.08577,-1.93372],[30.08571,-1.93357],[30.08564,-1.93334],[30.08562,-1.93321],[30.08565,-1.93305],[30.08581,-1.93255],[30.08589,-1.93223],[30.08416,-1.93177],[30.08384,-1.93168],[30.08318,-1.93145],[30.0825,-1.93122],[30.0823,-1.93151],[30.08038,-1.93064],[30.08024,-1.93056],[30.08034,-1.93038],[30.0803,-1.93028],[30.07954,-1.92941],[30.07888,-1.92903],[30.07868,-1.92891],[30.07858,-1.92902],[30.07804,-1.92863],[30.07769,-1.92835],[30.07763,-1.92824],[30.07764,-1.92819],[30.07594,-1.92798],[30.07549,-1.92793],[30.07522,-1.92792],[30.07459,-1.9279],[30.0746,-1.92785],[30.07462,-1.92767],[30.07464,-1.92738],[30.0746,-1.92735],[30.07462,-1.92724],[30.0744,-1.92698]]]}},{"type":"Feature","properties":{"d":"Gasabo","s":"Ndera","c":"Kibenga"},"geometry":{"type":"Polygon","coordinates":[[[30.20734,-1.90593],[30.20722,-1.90591],[30.20706,-1.90586],[30.20668,-1.90564],[30.2065,-1.90559],[30.20626,-1.90547],[30.2061,-1.90566],[30.20579,-1.90596],[30.20543,-1.90601],[30.20518,-1.906],[30.20513,-1.90611],[30.20508,-1.90633],[30.20505,-1.90665],[30.20507,-1.90684],[30.20511,-1.90702],[30.20527,-1.90749],[30.20535,-1.90793],[30.20548,-1.90834],[30.20556,-1.90869],[30.2056,-1.90884],[30.20565,-1.90907],[30.20572,-1.90964],[30.20563,-1.9097],[30.20507,-1.90994],[30.20467,-1.91021],[30.20463,-1.91023],[30.20455,-1.91024],[30.20454,-1.91039],[30.20458,-1.91056],[30.20474,-1.91076],[30.20498,-1.91116],[30.20485,-1.91138],[30.20442,-1.91174],[30.2039,-1.91279],[30.20387,-1.91321],[30.2037,-1.91348],[30.20348,-1.91374],[30.20347,-1.91372],[30.20217,-1.91436],[30.2017,-1.91438],[30.20173,-1.91446],[30.20179,-1.91457],[30.20187,-1.91485],[30.20181,-1.91509],[30.20173,-1.91519],[30.2016,-1.91528],[30.20134,-1.91536],[30.20125,-1.91545],[30.20123,-1.91559],[30.20128,-1.91576],[30.20151,-1.91602],[30.20161,-1.91627],[30.20163,-1.91644],[30.20161,-1.91675],[30.20149,-1.91707],[30.20137,-1.9173],[30.20093,-1.91715],[30.20071,-1.91712],[30.20061,-1.91711],[30.20053,-1.91755],[30.20018,-1.91751],[30.19958,-1.91747],[30.19916,-1.91758],[30.19884,-1.91763],[30.19824,-1.9177],[30.19732,-1.91768],[30.19705,-1.91762],[30.19678,-1.91775],[30.19651,-1.9178],[30.19632,-1.91788],[30.19592,-1.91802],[30.19579,-1.91809],[30.19555,-1.91818],[30.19542,-1.91824],[30.19532,-1.91826],[30.1943,-1.91851],[30.19378,-1.91877],[30.19209,-1.91888],[30.19142,-1.91912],[30.19125,-1.91913],[30.19106,-1.91918],[30.1906,-1.91925],[30.19058,-1.91924],[30.19051,-1.91926],[30.19039,-1.91928],[30.19034,-1.91929],[30.19033,-1.91932],[30.18969,-1.91932],[30.18932,-1.91928],[30.18926,-1.91926],[30.18908,-1.91922],[30.18886,-1.91924],[30.18874,-1.91921],[30.18847,-1.91919],[30.18824,-1.91924],[30.18813,-1.91929],[30.18794,-1.91941],[30.1877,-1.91951],[30.18748,-1.91956],[30.18732,-1.91962],[30.18651,-1.9196],[30.18595,-1.91944],[30.18561,-1.91932],[30.18518,-1.91931],[30.18501,-1.91922],[30.18459,-1.92023],[30.18435,-1.92109],[30.18435,-1.92233],[30.18423,-1.92328],[30.18407,-1.92372],[30.18331,-1.92505],[30.18312,-1.92533],[30.18285,-1.92574],[30.18263,-1.92608],[30.18081,-1.92834],[30.1808,-1.92834],[30.18076,-1.92834],[30.18066,-1.92836],[30.18052,-1.9284],[30.18028,-1.9285],[30.18022,-1.92853],[30.18001,-1.92864],[30.17995,-1.92868],[30.17955,-1.92893],[30.17922,-1.92916],[30.17917,-1.9292],[30.17902,-1.92933],[30.17868,-1.92964],[30.17856,-1.92972],[30.17836,-1.92989],[30.17783,-1.93033],[30.17769,-1.93047],[30.17752,-1.93064],[30.17734,-1.93086],[30.17698,-1.93114],[30.17691,-1.93122],[30.17652,-1.93149],[30.17628,-1.93173],[30.17602,-1.93206],[30.17572,-1.93248],[30.17536,-1.93303],[30.17525,-1.93332],[30.1751,-1.93358],[30.17496,-1.93388],[30.17477,-1.93415],[30.17459,-1.93432],[30.17451,-1.93438],[30.17435,-1.93443],[30.17418,-1.93441],[30.17414,-1.9345],[30.17413,-1.93449],[30.17397,-1.93442],[30.17396,-1.93438],[30.17391,-1.93433],[30.17383,-1.93427],[30.17373,-1.93423],[30.17359,-1.93408],[30.1733,-1.93367],[30.17302,-1.93323],[30.17286,-1.93293],[30.17267,-1.93269],[30.1725,-1.93251],[30.17247,-1.93249],[30.17235,-1.9325],[30.17235,-1.93265],[30.17233,-1.93279],[30.17219,-1.93335],[30.17208,-1.93372],[30.17181,-1.93428],[30.1717,-1.93444],[30.17138,-1.93502],[30.17137,-1.93504],[30.1714,-1.93506],[30.17109,-1.93555],[30.17066,-1.93641],[30.17016,-1.93742],[30.16992,-1.93776],[30.1697,-1.93834],[30.16891,-1.93957],[30.16872,-1.94029],[30.1687,-1.94111],[30.16899,-1.94107],[30.16909,-1.94102],[30.16915,-1.94104],[30.16916,-1.94107],[30.1691,-1.94158],[30.16906,-1.9416],[30.16887,-1.94157],[30.1688,-1.94155],[30.16888,-1.94209],[30.16897,-1.94252],[30.16897,-1.94263],[30.16895,-1.94278],[30.1689,-1.94292],[30.16863,-1.94337],[30.1684,-1.94367],[30.16839,-1.94371],[30.16839,-1.94373],[30.16841,-1.94377],[30.16857,-1.94376],[30.1686,-1.94377],[30.16861,-1.9438],[30.16862,-1.94418],[30.16853,-1.94495],[30.16847,-1.94535],[30.1683,-1.94604],[30.16823,-1.94617],[30.16815,-1.9463],[30.16778,-1.94669],[30.16772,-1.94674],[30.16769,-1.94675],[30.16755,-1.94665],[30.1675,-1.94666],[30.1673,-1.94693],[30.16715,-1.94707],[30.16706,-1.94721],[30.1667,-1.94758],[30.16651,-1.94774],[30.16651,-1.94778],[30.16658,-1.94784],[30.16659,-1.94787],[30.16659,-1.94792],[30.16653,-1.948],[30.16633,-1.9482],[30.16616,-1.94842],[30.16598,-1.94857],[30.16595,-1.94859],[30.16589,-1.9486],[30.16574,-1.94874],[30.16557,-1.9491],[30.16553,-1.94911],[30.16542,-1.94906],[30.16524,-1.94936],[30.1652,-1.94936],[30.16504,-1.94929],[30.165,-1.94928],[30.16487,-1.94936],[30.16452,-1.94943],[30.16447,-1.94945],[30.16446,-1.94953],[30.16442,-1.94964],[30.16446,-1.94974],[30.16448,-1.94978],[30.16445,-1.95002],[30.16428,-1.95052],[30.16422,-1.95095],[30.16426,-1.95104],[30.16424,-1.95121],[30.16419,-1.95139],[30.16401,-1.95184],[30.16391,-1.95218],[30.16381,-1.95266],[30.16379,-1.95297],[30.16367,-1.95322],[30.1636,-1.95353],[30.16339,-1.95422],[30.16329,-1.9545],[30.16325,-1.95465],[30.16323,-1.95481],[30.16322,-1.95514],[30.16318,-1.95555],[30.1632,-1.95618],[30.16319,-1.95635],[30.16318,-1.95653],[30.16306,-1.95709],[30.16297,-1.95745],[30.16283,-1.95768],[30.16277,-1.95799],[30.16277,-1.95817],[30.1627,-1.95833],[30.16267,-1.95854],[30.16258,-1.95884],[30.16245,-1.95916],[30.16215,-1.95979],[30.16208,-1.95995],[30.162,-1.96028],[30.162,-1.96089],[30.162,-1.9609],[30.16199,-1.96089],[30.16205,-1.9618],[30.16219,-1.96236],[30.16219,-1.96308],[30.16197,-1.96466],[30.16282,-1.96519],[30.16285,-1.96522],[30.16285,-1.96524],[30.16288,-1.96527],[30.16323,-1.96547],[30.16339,-1.96557],[30.16388,-1.96585],[30.16421,-1.966],[30.16468,-1.96625],[30.16658,-1.96706],[30.16711,-1.9672],[30.1674,-1.96732],[30.16762,-1.96739],[30.16825,-1.96764],[30.16846,-1.96775],[30.16875,-1.96785],[30.16915,-1.968],[30.16959,-1.9682],[30.17001,-1.96836],[30.17063,-1.96851],[30.17085,-1.96858],[30.17131,-1.96871],[30.17176,-1.96886],[30.17222,-1.96903],[30.17228,-1.96903],[30.17241,-1.96907],[30.17256,-1.96913],[30.1732,-1.96931],[30.1737,-1.96949],[30.17529,-1.96999],[30.17607,-1.97026],[30.17644,-1.97035],[30.17678,-1.97046],[30.17731,-1.97076],[30.17736,-1.97078],[30.17864,-1.97111],[30.17923,-1.97155],[30.18019,-1.9725],[30.18086,-1.97297],[30.1818,-1.96863],[30.18198,-1.96566],[30.18196,-1.96558],[30.18188,-1.9654],[30.18183,-1.96532],[30.18178,-1.96514],[30.18173,-1.96491],[30.18174,-1.96477],[30.18171,-1.96465],[30.18164,-1.96353],[30.18163,-1.96309],[30.18159,-1.96271],[30.18158,-1.96235],[30.18152,-1.96204],[30.18136,-1.96078],[30.18129,-1.96044],[30.18122,-1.95976],[30.18115,-1.95947],[30.18112,-1.95909],[30.18098,-1.95814],[30.18103,-1.95741],[30.18123,-1.95627],[30.1815,-1.95554],[30.18176,-1.9551],[30.18223,-1.95433],[30.1828,-1.95315],[30.18292,-1.95204],[30.18357,-1.94872],[30.18352,-1.947],[30.1835,-1.94697],[30.18334,-1.94656],[30.18253,-1.9453],[30.18354,-1.94514],[30.18432,-1.9446],[30.18442,-1.94442],[30.18439,-1.94441],[30.18447,-1.94431],[30.1845,-1.94421],[30.18458,-1.94378],[30.18457,-1.9436],[30.18455,-1.94342],[30.1846,-1.94304],[30.18455,-1.9429],[30.18434,-1.94263],[30.18428,-1.94237],[30.18442,-1.94188],[30.18467,-1.94131],[30.18472,-1.94112],[30.18468,-1.94098],[30.18451,-1.94087],[30.18458,-1.94083],[30.18457,-1.94083],[30.18502,-1.94063],[30.18525,-1.93997],[30.1855,-1.9393],[30.18575,-1.93897],[30.18563,-1.93897],[30.18571,-1.93884],[30.18578,-1.93865],[30.18582,-1.93846],[30.18583,-1.93788],[30.18582,-1.9366],[30.18585,-1.93621],[30.18592,-1.93583],[30.18605,-1.93544],[30.18618,-1.93483],[30.18633,-1.9344],[30.1865,-1.93404],[30.18663,-1.93388],[30.18677,-1.93377],[30.18698,-1.93361],[30.18739,-1.93339],[30.18797,-1.93319],[30.18819,-1.93308],[30.18863,-1.93267],[30.18882,-1.93257],[30.18939,-1.93234],[30.18982,-1.93213],[30.19022,-1.93192],[30.19039,-1.93186],[30.19082,-1.93167],[30.19101,-1.9316],[30.19146,-1.93148],[30.19206,-1.93134],[30.19262,-1.93119],[30.19328,-1.93102],[30.19369,-1.93096],[30.19411,-1.93093],[30.19448,-1.93092],[30.19458,-1.93097],[30.19463,-1.93096],[30.19496,-1.93081],[30.19517,-1.93062],[30.19523,-1.93061],[30.19536,-1.93055],[30.19561,-1.93039],[30.19562,-1.93045],[30.19615,-1.92998],[30.19625,-1.92991],[30.19658,-1.92976],[30.19662,-1.92972],[30.19672,-1.92968],[30.19698,-1.92949],[30.19724,-1.92931],[30.19738,-1.92932],[30.19788,-1.92912],[30.19842,-1.92883],[30.19857,-1.92879],[30.19877,-1.92869],[30.19902,-1.9286],[30.19924,-1.92868],[30.19931,-1.92868],[30.19955,-1.92875],[30.19967,-1.92882],[30.20025,-1.92908],[30.20054,-1.92917],[30.20079,-1.92921],[30.20095,-1.92922],[30.20136,-1.92921],[30.20196,-1.92912],[30.20299,-1.92904],[30.20354,-1.92906],[30.20354,-1.92908],[30.20388,-1.92906],[30.20398,-1.92904],[30.20398,-1.92908],[30.20394,-1.92919],[30.20396,-1.92921],[30.20416,-1.92919],[30.20428,-1.92906],[30.20429,-1.92907],[30.20437,-1.92894],[30.20474,-1.92893],[30.20515,-1.92899],[30.20554,-1.92911],[30.20582,-1.92924],[30.20594,-1.92928],[30.20633,-1.92909],[30.2064,-1.92909],[30.20647,-1.92906],[30.20665,-1.92893],[30.20751,-1.92851],[30.20796,-1.92813],[30.20927,-1.92775],[30.21033,-1.92692],[30.21038,-1.92686],[30.21039,-1.92687],[30.21046,-1.92682],[30.21235,-1.92534],[30.21208,-1.92513],[30.21193,-1.92504],[30.21172,-1.92483],[30.21138,-1.92432],[30.21125,-1.9241],[30.21099,-1.92379],[30.21086,-1.92365],[30.21066,-1.92334],[30.21012,-1.92276],[30.20998,-1.9225],[30.20992,-1.9222],[30.20991,-1.92208],[30.20987,-1.92195],[30.20987,-1.92164],[30.20979,-1.92111],[30.20965,-1.92054],[30.20953,-1.92029],[30.20954,-1.92025],[30.20959,-1.92017],[30.20956,-1.92009],[30.2095,-1.91984],[30.20951,-1.91977],[30.20947,-1.91967],[30.20938,-1.91911],[30.20932,-1.91899],[30.20925,-1.91876],[30.20908,-1.91846],[30.20883,-1.91818],[30.20856,-1.91796],[30.20838,-1.91776],[30.20838,-1.91772],[30.2084,-1.91765],[30.20855,-1.91745],[30.20858,-1.91736],[30.20851,-1.91715],[30.20846,-1.9169],[30.20842,-1.91682],[30.20828,-1.91662],[30.20825,-1.91642],[30.2082,-1.9163],[30.20814,-1.91619],[30.20809,-1.91602],[30.20807,-1.91587],[30.20806,-1.91561],[30.20787,-1.91527],[30.20783,-1.91508],[30.20782,-1.915],[30.20784,-1.91489],[30.20787,-1.91478],[30.20794,-1.91467],[30.20797,-1.91452],[30.20797,-1.9143],[30.20807,-1.914],[30.2081,-1.91385],[30.20813,-1.91348],[30.20808,-1.91327],[30.20809,-1.91288],[30.20805,-1.91255],[30.20808,-1.91226],[30.20815,-1.91211],[30.2082,-1.91205],[30.20821,-1.912],[30.20805,-1.91116],[30.2079,-1.91085],[30.20779,-1.91046],[30.20777,-1.91032],[30.20768,-1.91005],[30.20763,-1.90996],[30.20752,-1.90983],[30.2075,-1.90979],[30.20753,-1.90967],[30.20775,-1.90935],[30.20776,-1.90879],[30.20791,-1.90839],[30.20844,-1.90776],[30.20872,-1.90756],[30.20885,-1.90722],[30.20879,-1.90719],[30.20876,-1.90714],[30.20868,-1.90684],[30.20861,-1.9067],[30.20849,-1.90659],[30.20806,-1.90632],[30.20734,-1.90593]]]}},{"type":"Feature","properties":{"d":"Gasabo","s":"Rutunga","c":"Kibenga"},"geometry":{"type":"Polygon","coordinates":[[[30.18358,-1.80711],[30.18257,-1.80597],[30.18197,-1.8054],[30.17965,-1.80414],[30.17936,-1.80395],[30.17895,-1.80387],[30.17577,-1.80234],[30.17567,-1.80234],[30.17502,-1.80278],[30.17205,-1.80491],[30.17021,-1.80636],[30.1697,-1.80696],[30.1697,-1.807],[30.16964,-1.80714],[30.16939,-1.80737],[30.16932,-1.80751],[30.16929,-1.80751],[30.16916,-1.80756],[30.16902,-1.80766],[30.169,-1.80764],[30.16896,-1.80769],[30.16884,-1.80787],[30.1687,-1.808],[30.16861,-1.80806],[30.16868,-1.80815],[30.16852,-1.8083],[30.16829,-1.8086],[30.16819,-1.80878],[30.16814,-1.80889],[30.16797,-1.80956],[30.16776,-1.80993],[30.16752,-1.81023],[30.16742,-1.81033],[30.16727,-1.81044],[30.16709,-1.81059],[30.16681,-1.81089],[30.16658,-1.81104],[30.1663,-1.81117],[30.16598,-1.81119],[30.16603,-1.81125],[30.1658,-1.81125],[30.1658,-1.81121],[30.16572,-1.81121],[30.16564,-1.81125],[30.16536,-1.81123],[30.16515,-1.81136],[30.16496,-1.81144],[30.16487,-1.81149],[30.1648,-1.81153],[30.1645,-1.81179],[30.16416,-1.8122],[30.16397,-1.81237],[30.16363,-1.81271],[30.16354,-1.81283],[30.16342,-1.81296],[30.16333,-1.81308],[30.16318,-1.81324],[30.16291,-1.81347],[30.16304,-1.81367],[30.16274,-1.81394],[30.16244,-1.81409],[30.16244,-1.81411],[30.16216,-1.81434],[30.16168,-1.81469],[30.16166,-1.81469],[30.16163,-1.8147],[30.16096,-1.81562],[30.16048,-1.81595],[30.15968,-1.81669],[30.15857,-1.81748],[30.15828,-1.81789],[30.15823,-1.81801],[30.1582,-1.81811],[30.15814,-1.81846],[30.15805,-1.8187],[30.15782,-1.81903],[30.15763,-1.8192],[30.15754,-1.81926],[30.15733,-1.81934],[30.15676,-1.81974],[30.15642,-1.82024],[30.15622,-1.82068],[30.15607,-1.82098],[30.15468,-1.82279],[30.15463,-1.82337],[30.15457,-1.82342],[30.15455,-1.82353],[30.15455,-1.82395],[30.15452,-1.82404],[30.15442,-1.82418],[30.1544,-1.82425],[30.15456,-1.82428],[30.15455,-1.82442],[30.15442,-1.82499],[30.15444,-1.82499],[30.15443,-1.82503],[30.15441,-1.82503],[30.15428,-1.82562],[30.15546,-1.82606],[30.15667,-1.82729],[30.15845,-1.8293],[30.15926,-1.82904],[30.15926,-1.82903],[30.15931,-1.82902],[30.15932,-1.82898],[30.15942,-1.82899],[30.15997,-1.82896],[30.16036,-1.82905],[30.16116,-1.82905],[30.16223,-1.82876],[30.16309,-1.82862],[30.1631,-1.82864],[30.16314,-1.82862],[30.16398,-1.82848],[30.16567,-1.82848],[30.16566,-1.82845],[30.16583,-1.82842],[30.16584,-1.82829],[30.16611,-1.82817],[30.16629,-1.82796],[30.16638,-1.82791],[30.16646,-1.82775],[30.16674,-1.82753],[30.16736,-1.82677],[30.16774,-1.82639],[30.16803,-1.82616],[30.16847,-1.82585],[30.16855,-1.82583],[30.16879,-1.82561],[30.16896,-1.82547],[30.16942,-1.82502],[30.16979,-1.82479],[30.17016,-1.82453],[30.17034,-1.82445],[30.17057,-1.82426],[30.17073,-1.8241],[30.17076,-1.82413],[30.1708,-1.82421],[30.17091,-1.82409],[30.17097,-1.82394],[30.17099,-1.82393],[30.17111,-1.824],[30.1712,-1.82412],[30.17125,-1.82422],[30.1713,-1.82416],[30.17132,-1.82418],[30.17136,-1.82414],[30.17142,-1.82412],[30.17171,-1.82378],[30.17169,-1.82375],[30.17178,-1.82358],[30.17206,-1.82334],[30.17193,-1.82318],[30.1718,-1.82265],[30.17208,-1.8224],[30.1722,-1.82206],[30.1718,-1.8214],[30.17208,-1.82033],[30.1721,-1.82031],[30.17221,-1.82041],[30.17228,-1.8205],[30.17288,-1.8214],[30.17301,-1.82157],[30.17311,-1.82178],[30.17345,-1.82243],[30.17393,-1.8237],[30.17403,-1.8242],[30.17406,-1.82453],[30.17417,-1.82496],[30.17429,-1.82535],[30.17438,-1.8257],[30.17474,-1.82677],[30.17486,-1.82728],[30.17512,-1.82784],[30.17527,-1.82822],[30.17555,-1.82879],[30.17571,-1.82909],[30.17573,-1.82907],[30.17609,-1.82866],[30.17638,-1.82842],[30.17679,-1.82815],[30.17758,-1.82778],[30.17785,-1.82762],[30.17815,-1.82751],[30.17832,-1.82743],[30.17853,-1.82723],[30.17859,-1.82719],[30.17854,-1.82715],[30.17873,-1.82699],[30.17879,-1.82705],[30.17887,-1.82702],[30.17909,-1.8269],[30.17929,-1.82681],[30.17926,-1.8267],[30.17964,-1.82654],[30.17969,-1.82673],[30.18011,-1.82655],[30.18039,-1.82633],[30.18042,-1.82625],[30.18047,-1.82621],[30.18069,-1.82619],[30.18056,-1.82596],[30.18056,-1.82575],[30.1807,-1.82523],[30.18081,-1.82508],[30.18085,-1.82496],[30.18095,-1.82482],[30.18099,-1.82473],[30.18107,-1.82449],[30.18107,-1.82438],[30.18121,-1.82413],[30.1813,-1.82387],[30.18162,-1.82392],[30.18169,-1.82397],[30.18171,-1.82369],[30.18168,-1.8237],[30.18165,-1.82369],[30.18133,-1.82338],[30.18139,-1.82315],[30.18151,-1.823],[30.18155,-1.82297],[30.18171,-1.82273],[30.18186,-1.82258],[30.18196,-1.82261],[30.18207,-1.82247],[30.18224,-1.82221],[30.18234,-1.82209],[30.18248,-1.8219],[30.18261,-1.82169],[30.18267,-1.82163],[30.18267,-1.82158],[30.18265,-1.82155],[30.18279,-1.82137],[30.18288,-1.82122],[30.18289,-1.8206],[30.183,-1.82002],[30.18358,-1.81924],[30.184,-1.81841],[30.18532,-1.81739],[30.18654,-1.8162],[30.18709,-1.81582],[30.18798,-1.81557],[30.18855,-1.81547],[30.18917,-1.81518],[30.18969,-1.81472],[30.19034,-1.81386],[30.1899,-1.81334],[30.18938,-1.81294],[30.18842,-1.81258],[30.18787,-1.81227],[30.18506,-1.80921],[30.18399,-1.80783],[30.18382,-1.80762],[30.18358,-1.80711]]]}},{"type":"Feature","properties":{"d":"Kicukiro","s":"Kicukiro","c":"Kicukiro"},"geometry":{"type":"Polygon","coordinates":[[[30.10353,-1.97149],[30.10317,-1.97148],[30.10297,-1.97151],[30.10273,-1.97152],[30.10191,-1.97165],[30.10174,-1.97165],[30.10159,-1.9717],[30.10161,-1.97179],[30.10165,-1.97218],[30.10169,-1.97239],[30.10168,-1.97261],[30.10179,-1.97347],[30.10183,-1.97355],[30.10185,-1.97417],[30.10187,-1.9744],[30.10041,-1.97459],[30.09964,-1.97467],[30.09918,-1.97476],[30.09901,-1.97474],[30.09897,-1.97488],[30.09889,-1.97501],[30.09876,-1.97507],[30.09849,-1.97574],[30.09859,-1.97576],[30.09864,-1.97579],[30.09852,-1.97592],[30.09854,-1.97594],[30.09817,-1.97637],[30.09814,-1.97633],[30.09798,-1.97642],[30.09788,-1.9765],[30.09756,-1.97671],[30.09745,-1.97685],[30.09739,-1.97689],[30.09736,-1.97691],[30.09751,-1.97709],[30.09769,-1.97734],[30.09779,-1.97743],[30.09783,-1.97752],[30.09795,-1.97769],[30.09797,-1.9777],[30.09805,-1.97777],[30.09811,-1.97787],[30.09815,-1.97788],[30.0982,-1.97788],[30.09824,-1.97793],[30.09837,-1.97801],[30.09859,-1.9781],[30.09869,-1.97812],[30.09889,-1.97822],[30.09895,-1.97821],[30.09907,-1.97835],[30.09876,-1.97859],[30.09897,-1.97882],[30.09912,-1.97885],[30.0996,-1.97917],[30.09978,-1.97926],[30.0998,-1.97923],[30.09983,-1.97926],[30.09969,-1.97945],[30.09984,-1.9797],[30.10006,-1.97997],[30.10025,-1.98013],[30.10093,-1.98052],[30.10153,-1.98076],[30.10208,-1.98083],[30.10285,-1.98102],[30.10292,-1.98095],[30.10319,-1.98108],[30.10332,-1.98118],[30.10342,-1.98129],[30.10372,-1.98167],[30.10403,-1.98223],[30.10411,-1.98234],[30.10419,-1.9824],[30.10493,-1.98062],[30.10506,-1.98014],[30.10516,-1.97947],[30.10513,-1.97894],[30.1051,-1.97857],[30.1049,-1.97755],[30.1045,-1.97555],[30.10393,-1.9735],[30.10386,-1.97334],[30.10363,-1.97236],[30.10353,-1.97149]]]}},{"type":"Feature","properties":{"d":"Gasabo","s":"Jabana","c":"Kidashya"},"geometry":{"type":"Polygon","coordinates":[[[30.05487,-1.8446],[30.05486,-1.8446],[30.05414,-1.84457],[30.05305,-1.84425],[30.05244,-1.84433],[30.05223,-1.84439],[30.05221,-1.84492],[30.05154,-1.84493],[30.05143,-1.84497],[30.05089,-1.84529],[30.05089,-1.84534],[30.05095,-1.8454],[30.04984,-1.84675],[30.04978,-1.84687],[30.0495,-1.8473],[30.04912,-1.84794],[30.04901,-1.84839],[30.04896,-1.8485],[30.0489,-1.84878],[30.04876,-1.84922],[30.04867,-1.84961],[30.04853,-1.85047],[30.04847,-1.85072],[30.0482,-1.85109],[30.04808,-1.85122],[30.04777,-1.85148],[30.04765,-1.85161],[30.04722,-1.85198],[30.04701,-1.85214],[30.04647,-1.8526],[30.04661,-1.85274],[30.04661,-1.8529],[30.04655,-1.853],[30.04653,-1.85371],[30.0466,-1.85441],[30.04674,-1.8548],[30.04689,-1.85527],[30.04697,-1.85584],[30.04692,-1.85682],[30.04684,-1.85727],[30.04672,-1.8582],[30.04671,-1.85869],[30.04673,-1.85868],[30.04678,-1.85896],[30.04669,-1.85897],[30.04664,-1.85899],[30.04656,-1.85919],[30.04664,-1.85922],[30.04662,-1.85924],[30.04671,-1.8593],[30.04676,-1.85944],[30.04728,-1.86],[30.04802,-1.85975],[30.04901,-1.85975],[30.04904,-1.85976],[30.04926,-1.85975],[30.05012,-1.85961],[30.05074,-1.86008],[30.05103,-1.86018],[30.05121,-1.86034],[30.05142,-1.86047],[30.05154,-1.86052],[30.05151,-1.86054],[30.05176,-1.86068],[30.05182,-1.86067],[30.05184,-1.86069],[30.05187,-1.86074],[30.05198,-1.8608],[30.05234,-1.86087],[30.05237,-1.86086],[30.05245,-1.86088],[30.05261,-1.86092],[30.05355,-1.86111],[30.0544,-1.86154],[30.05484,-1.86176],[30.05491,-1.86178],[30.05495,-1.8618],[30.05549,-1.86187],[30.05586,-1.86201],[30.05619,-1.86191],[30.05625,-1.86186],[30.05635,-1.86183],[30.05647,-1.8618],[30.05657,-1.8618],[30.05668,-1.86178],[30.05672,-1.86175],[30.05686,-1.86171],[30.05729,-1.86179],[30.05843,-1.86287],[30.0588,-1.86331],[30.0589,-1.86329],[30.05912,-1.86341],[30.05929,-1.86359],[30.05932,-1.86359],[30.05938,-1.86354],[30.05942,-1.86353],[30.05953,-1.86362],[30.05968,-1.86364],[30.06018,-1.86399],[30.06056,-1.86484],[30.06066,-1.86509],[30.06073,-1.86523],[30.06075,-1.86528],[30.06076,-1.86529],[30.06074,-1.86525],[30.06089,-1.86351],[30.06106,-1.86271],[30.06151,-1.86219],[30.06241,-1.86133],[30.06254,-1.8611],[30.06257,-1.86093],[30.06253,-1.86058],[30.06239,-1.85929],[30.06225,-1.85885],[30.06239,-1.85823],[30.06216,-1.85772],[30.0623,-1.85735],[30.06201,-1.8573],[30.06214,-1.85731],[30.06306,-1.85753],[30.06373,-1.85785],[30.0639,-1.85799],[30.06422,-1.85831],[30.06493,-1.85949],[30.065,-1.85957],[30.06556,-1.86025],[30.06599,-1.86063],[30.06647,-1.86091],[30.06695,-1.86109],[30.0674,-1.86113],[30.06776,-1.86119],[30.068,-1.86135],[30.06832,-1.86152],[30.06888,-1.86193],[30.06981,-1.86251],[30.06987,-1.86243],[30.07039,-1.86185],[30.07047,-1.86174],[30.07043,-1.86172],[30.07062,-1.86156],[30.07068,-1.86148],[30.07085,-1.86137],[30.07095,-1.86147],[30.07098,-1.86146],[30.07112,-1.86137],[30.07123,-1.86127],[30.07142,-1.86097],[30.07153,-1.86084],[30.07154,-1.86078],[30.0716,-1.86074],[30.07181,-1.86047],[30.07182,-1.86036],[30.07185,-1.8603],[30.0717,-1.86014],[30.07172,-1.86012],[30.0721,-1.85983],[30.0723,-1.8596],[30.07245,-1.85948],[30.07256,-1.85948],[30.07263,-1.85945],[30.07304,-1.85899],[30.07322,-1.8589],[30.07329,-1.85884],[30.07331,-1.85886],[30.07351,-1.85881],[30.07355,-1.85875],[30.07361,-1.85879],[30.07381,-1.85876],[30.07388,-1.85872],[30.07397,-1.85864],[30.07422,-1.85858],[30.07433,-1.85854],[30.0744,-1.85849],[30.07611,-1.85783],[30.07739,-1.8563],[30.07784,-1.85636],[30.07806,-1.85615],[30.07809,-1.85623],[30.0781,-1.85619],[30.07808,-1.85614],[30.07799,-1.85602],[30.07794,-1.85598],[30.0778,-1.85591],[30.07746,-1.85585],[30.07735,-1.85577],[30.07727,-1.85566],[30.07706,-1.8555],[30.07694,-1.85537],[30.07669,-1.85536],[30.07661,-1.85534],[30.07636,-1.85518],[30.07625,-1.85514],[30.07614,-1.85512],[30.07608,-1.85499],[30.07602,-1.85496],[30.07599,-1.85484],[30.07594,-1.85477],[30.07596,-1.85461],[30.07595,-1.8546],[30.07587,-1.85459],[30.07579,-1.85463],[30.07572,-1.85462],[30.07545,-1.85444],[30.07537,-1.85433],[30.07532,-1.85429],[30.07506,-1.85419],[30.07502,-1.85419],[30.07484,-1.854],[30.07482,-1.85391],[30.07488,-1.85381],[30.07486,-1.85377],[30.0748,-1.85372],[30.07473,-1.85368],[30.07464,-1.85365],[30.0743,-1.85358],[30.0742,-1.8535],[30.07408,-1.85335],[30.07404,-1.85326],[30.07385,-1.85315],[30.07376,-1.85313],[30.07366,-1.85304],[30.07355,-1.85298],[30.07333,-1.85293],[30.07323,-1.85293],[30.07318,-1.85291],[30.0731,-1.8529],[30.073,-1.85292],[30.07292,-1.85302],[30.07281,-1.85301],[30.07273,-1.85297],[30.07267,-1.85286],[30.07255,-1.85275],[30.07247,-1.85266],[30.07245,-1.85265],[30.0724,-1.85265],[30.07235,-1.85268],[30.0723,-1.85284],[30.07222,-1.85292],[30.07207,-1.85296],[30.072,-1.85297],[30.07194,-1.85293],[30.07192,-1.85282],[30.07198,-1.85257],[30.07199,-1.85249],[30.07194,-1.85245],[30.07188,-1.85243],[30.07184,-1.85244],[30.07176,-1.85251],[30.07174,-1.8525],[30.07162,-1.85227],[30.07154,-1.85222],[30.07149,-1.85224],[30.07147,-1.85227],[30.07147,-1.85234],[30.0715,-1.85247],[30.07145,-1.85259],[30.07139,-1.85262],[30.07119,-1.85267],[30.07116,-1.85266],[30.07112,-1.8526],[30.0711,-1.85243],[30.07106,-1.85239],[30.07098,-1.85238],[30.07066,-1.85238],[30.07061,-1.85235],[30.07055,-1.85228],[30.07049,-1.85218],[30.07041,-1.85215],[30.07039,-1.85209],[30.07051,-1.85195],[30.07053,-1.85183],[30.07058,-1.85174],[30.07057,-1.85164],[30.07052,-1.85151],[30.07046,-1.85141],[30.07033,-1.8513],[30.07005,-1.85114],[30.07001,-1.85113],[30.06984,-1.85113],[30.06977,-1.85111],[30.06961,-1.85122],[30.06938,-1.8512],[30.06923,-1.85121],[30.06918,-1.85123],[30.06908,-1.85134],[30.06897,-1.85154],[30.06891,-1.85157],[30.06889,-1.85157],[30.06883,-1.85152],[30.06875,-1.85142],[30.0687,-1.8514],[30.06867,-1.85144],[30.06867,-1.85146],[30.06858,-1.85155],[30.06851,-1.85157],[30.0684,-1.8515],[30.06816,-1.8514],[30.06778,-1.85132],[30.06769,-1.85132],[30.06762,-1.85129],[30.06757,-1.85128],[30.06749,-1.85124],[30.06743,-1.85122],[30.06736,-1.85123],[30.06734,-1.85122],[30.0671,-1.85096],[30.067,-1.85091],[30.06698,-1.85089],[30.06693,-1.85092],[30.06688,-1.85089],[30.06679,-1.85075],[30.06666,-1.85069],[30.06647,-1.85066],[30.06637,-1.85073],[30.06634,-1.85073],[30.06609,-1.85053],[30.0659,-1.85044],[30.06585,-1.85046],[30.06582,-1.8505],[30.06569,-1.85056],[30.0656,-1.85055],[30.06557,-1.85053],[30.06557,-1.85051],[30.06564,-1.85046],[30.06563,-1.85041],[30.06542,-1.85024],[30.06538,-1.85021],[30.06538,-1.85021],[30.06531,-1.85016],[30.06508,-1.85013],[30.06486,-1.84994],[30.06458,-1.84946],[30.06433,-1.84938],[30.06396,-1.84943],[30.06393,-1.84945],[30.06393,-1.84943],[30.06385,-1.84944],[30.0638,-1.8494],[30.06376,-1.84891],[30.06342,-1.84853],[30.06337,-1.84844],[30.06333,-1.84843],[30.06321,-1.8483],[30.06314,-1.84817],[30.06307,-1.84811],[30.06291,-1.84789],[30.06276,-1.84772],[30.06269,-1.8476],[30.06264,-1.84757],[30.06236,-1.84752],[30.06221,-1.84739],[30.06219,-1.8473],[30.06223,-1.84711],[30.06221,-1.84705],[30.06216,-1.84698],[30.06196,-1.84682],[30.06191,-1.84682],[30.06157,-1.84694],[30.06093,-1.84702],[30.06067,-1.84679],[30.06049,-1.84649],[30.06047,-1.84626],[30.06053,-1.84591],[30.06051,-1.84586],[30.06045,-1.84589],[30.0604,-1.84583],[30.06016,-1.84585],[30.06011,-1.84578],[30.06007,-1.84577],[30.05998,-1.84555],[30.05995,-1.84539],[30.05999,-1.84529],[30.05997,-1.84511],[30.06004,-1.84483],[30.05999,-1.84472],[30.05981,-1.84457],[30.05977,-1.84456],[30.05964,-1.84459],[30.05839,-1.84427],[30.05762,-1.84433],[30.05703,-1.84427],[30.05686,-1.84437],[30.05654,-1.84441],[30.05646,-1.84466],[30.05605,-1.84486],[30.05543,-1.84468],[30.05493,-1.84471],[30.05487,-1.8446]]]}},{"type":"Feature","properties":{"d":"Gasabo","s":"Rutunga","c":"Kigabiro"},"geometry":{"type":"Polygon","coordinates":[[[30.20769,-1.83306],[30.20621,-1.83274],[30.20572,-1.83227],[30.20505,-1.83193],[30.20353,-1.83074],[30.20315,-1.83116],[30.20284,-1.83128],[30.20234,-1.83167],[30.20219,-1.83171],[30.20184,-1.83191],[30.20168,-1.83201],[30.20162,-1.83206],[30.20132,-1.83224],[30.20092,-1.83252],[30.20076,-1.83282],[30.2004,-1.83297],[30.2,-1.83331],[30.19987,-1.83337],[30.19974,-1.83338],[30.19969,-1.83335],[30.19965,-1.83336],[30.19919,-1.83367],[30.19886,-1.83399],[30.1987,-1.83418],[30.19838,-1.8344],[30.1982,-1.8345],[30.19798,-1.83473],[30.19791,-1.83486],[30.19792,-1.83491],[30.19786,-1.83495],[30.19736,-1.8355],[30.19648,-1.83625],[30.19686,-1.83701],[30.19722,-1.83704],[30.19742,-1.83703],[30.19767,-1.83708],[30.19789,-1.83704],[30.19789,-1.83747],[30.19793,-1.83777],[30.19808,-1.83828],[30.19807,-1.83844],[30.19817,-1.83858],[30.19818,-1.83869],[30.1982,-1.83873],[30.1982,-1.8389],[30.19816,-1.83909],[30.19816,-1.83931],[30.1982,-1.83965],[30.19818,-1.83975],[30.19825,-1.83987],[30.19827,-1.84038],[30.198,-1.84036],[30.1979,-1.84056],[30.19794,-1.84081],[30.19805,-1.84091],[30.19821,-1.84114],[30.19821,-1.8412],[30.19783,-1.84127],[30.19774,-1.84139],[30.19766,-1.84156],[30.19786,-1.84166],[30.19782,-1.84186],[30.19775,-1.84208],[30.19775,-1.84215],[30.19785,-1.84224],[30.19765,-1.84241],[30.19761,-1.84254],[30.19755,-1.84259],[30.19736,-1.84295],[30.19727,-1.84302],[30.19713,-1.84324],[30.19715,-1.84336],[30.19681,-1.84376],[30.19679,-1.84377],[30.1963,-1.84358],[30.19588,-1.84344],[30.19546,-1.84337],[30.19531,-1.84333],[30.19439,-1.84296],[30.19381,-1.84284],[30.19348,-1.8429],[30.19304,-1.84293],[30.19279,-1.84292],[30.19248,-1.84303],[30.19244,-1.84305],[30.19244,-1.84308],[30.1925,-1.84332],[30.19255,-1.84348],[30.19254,-1.84352],[30.19259,-1.84355],[30.19234,-1.84359],[30.19174,-1.84386],[30.19117,-1.84424],[30.1909,-1.84446],[30.1907,-1.84467],[30.19046,-1.84485],[30.19008,-1.84499],[30.19018,-1.84512],[30.19033,-1.84522],[30.1904,-1.84523],[30.1905,-1.84532],[30.19062,-1.84554],[30.19085,-1.84558],[30.19116,-1.84582],[30.19128,-1.84574],[30.19132,-1.84585],[30.19132,-1.8459],[30.19131,-1.84595],[30.19137,-1.84603],[30.19143,-1.84617],[30.19155,-1.8461],[30.19157,-1.8461],[30.19142,-1.84619],[30.1915,-1.84635],[30.19158,-1.84642],[30.19162,-1.84638],[30.19193,-1.84708],[30.19202,-1.84743],[30.19204,-1.84754],[30.19206,-1.84759],[30.19207,-1.84772],[30.19209,-1.84775],[30.19218,-1.84774],[30.19222,-1.84797],[30.19225,-1.84803],[30.19231,-1.84845],[30.1924,-1.84871],[30.1926,-1.84918],[30.19246,-1.84922],[30.19246,-1.84924],[30.19257,-1.84948],[30.1926,-1.84957],[30.19281,-1.84971],[30.19285,-1.85009],[30.19289,-1.85026],[30.19289,-1.85039],[30.19299,-1.85073],[30.19307,-1.85107],[30.19314,-1.85125],[30.19335,-1.85258],[30.19333,-1.85284],[30.19322,-1.85298],[30.19324,-1.85304],[30.19312,-1.85311],[30.19313,-1.85313],[30.19303,-1.85328],[30.19305,-1.85329],[30.19296,-1.85335],[30.19252,-1.85383],[30.19246,-1.85391],[30.19241,-1.85392],[30.19219,-1.85408],[30.19186,-1.85413],[30.19173,-1.85422],[30.19155,-1.85444],[30.19145,-1.85461],[30.19137,-1.85478],[30.1913,-1.85484],[30.19091,-1.85495],[30.19066,-1.85497],[30.19059,-1.85501],[30.1898,-1.8552],[30.18804,-1.85613],[30.18713,-1.85641],[30.18673,-1.85655],[30.18577,-1.85701],[30.18505,-1.85746],[30.18633,-1.85898],[30.18649,-1.8593],[30.18718,-1.86171],[30.18725,-1.86255],[30.18735,-1.86293],[30.18755,-1.86366],[30.18819,-1.86437],[30.18854,-1.86446],[30.18858,-1.8644],[30.18861,-1.86448],[30.18916,-1.86462],[30.1894,-1.86474],[30.1915,-1.86592],[30.19235,-1.86599],[30.19338,-1.86579],[30.19353,-1.86581],[30.19383,-1.86588],[30.19406,-1.86589],[30.19418,-1.86594],[30.19423,-1.86599],[30.19433,-1.86603],[30.19456,-1.86605],[30.19473,-1.86605],[30.19496,-1.86612],[30.19499,-1.86611],[30.195,-1.86609],[30.19551,-1.86625],[30.19696,-1.86647],[30.19835,-1.86703],[30.19859,-1.86718],[30.19876,-1.86726],[30.19903,-1.86734],[30.19911,-1.86733],[30.19955,-1.86751],[30.2001,-1.86765],[30.20011,-1.86756],[30.20027,-1.86757],[30.20052,-1.86726],[30.20062,-1.86719],[30.2007,-1.8672],[30.20079,-1.86723],[30.20097,-1.86721],[30.20104,-1.86725],[30.20112,-1.86722],[30.2014,-1.86705],[30.20144,-1.86708],[30.20148,-1.86725],[30.20151,-1.86726],[30.20157,-1.86723],[30.20162,-1.8672],[30.20166,-1.86717],[30.20177,-1.86712],[30.20195,-1.86698],[30.20207,-1.86691],[30.20228,-1.86673],[30.20239,-1.86667],[30.20249,-1.86663],[30.20338,-1.86642],[30.20345,-1.86644],[30.20349,-1.86657],[30.20352,-1.86661],[30.20355,-1.86661],[30.20362,-1.86649],[30.20366,-1.86635],[30.20369,-1.86631],[30.2039,-1.86629],[30.20419,-1.86618],[30.20436,-1.86607],[30.20458,-1.86595],[30.20471,-1.86592],[30.20476,-1.86594],[30.20478,-1.86593],[30.20524,-1.86569],[30.20563,-1.8657],[30.20565,-1.86571],[30.2057,-1.86581],[30.20577,-1.86581],[30.20583,-1.86584],[30.20586,-1.86581],[30.20596,-1.86561],[30.20607,-1.86549],[30.20625,-1.86543],[30.20628,-1.86536],[30.20629,-1.86522],[30.20631,-1.86519],[30.20662,-1.86503],[30.20683,-1.86489],[30.20691,-1.86478],[30.2072,-1.86466],[30.20732,-1.86455],[30.20753,-1.86446],[30.20762,-1.86445],[30.20785,-1.86435],[30.2081,-1.86419],[30.20832,-1.86401],[30.20833,-1.86397],[30.20831,-1.86392],[30.20833,-1.86388],[30.20874,-1.86351],[30.209,-1.86322],[30.20937,-1.86291],[30.20947,-1.86278],[30.20968,-1.86259],[30.20985,-1.86239],[30.20996,-1.86219],[30.20999,-1.86218],[30.21002,-1.8622],[30.21016,-1.86243],[30.21029,-1.86258],[30.21043,-1.86253],[30.2108,-1.86246],[30.21089,-1.86241],[30.21056,-1.86169],[30.21062,-1.86168],[30.21074,-1.86168],[30.21114,-1.86171],[30.21202,-1.86173],[30.21203,-1.86184],[30.21209,-1.862],[30.21227,-1.86222],[30.21239,-1.86232],[30.214,-1.86076],[30.21476,-1.85985],[30.21516,-1.85915],[30.21592,-1.85849],[30.21624,-1.85809],[30.21741,-1.85676],[30.21751,-1.8557],[30.21729,-1.85476],[30.21698,-1.85402],[30.21693,-1.85353],[30.217,-1.85243],[30.21699,-1.85231],[30.21687,-1.85198],[30.21687,-1.85166],[30.217,-1.85124],[30.21721,-1.85099],[30.21743,-1.85042],[30.21748,-1.85025],[30.21746,-1.84934],[30.21758,-1.84877],[30.21838,-1.84659],[30.21839,-1.84652],[30.21861,-1.84613],[30.21862,-1.84591],[30.21861,-1.84549],[30.21873,-1.84519],[30.21905,-1.84471],[30.21946,-1.84428],[30.22038,-1.84364],[30.22054,-1.84347],[30.22056,-1.8432],[30.22161,-1.8423],[30.2203,-1.84211],[30.21838,-1.84146],[30.21737,-1.84084],[30.21691,-1.84037],[30.21609,-1.83932],[30.21552,-1.83886],[30.21515,-1.83832],[30.21498,-1.83773],[30.2145,-1.83668],[30.21411,-1.83604],[30.21394,-1.8359],[30.21331,-1.83538],[30.2126,-1.83519],[30.21215,-1.83496],[30.21027,-1.83455],[30.20769,-1.83306]]]}},{"type":"Feature","properties":{"d":"Nyarugenge","s":"Kigali","c":"Kigali"},"geometry":{"type":"Polygon","coordinates":[[[30.03956,-1.94742],[30.03922,-1.94764],[30.03862,-1.94803],[30.03729,-1.94793],[30.03669,-1.94789],[30.03545,-1.948],[30.035,-1.94811],[30.03488,-1.94814],[30.03441,-1.94817],[30.03398,-1.9483],[30.03379,-1.94813],[30.0337,-1.94861],[30.03377,-1.94867],[30.03359,-1.9491],[30.03356,-1.94908],[30.03351,-1.94905],[30.03331,-1.94872],[30.03324,-1.94863],[30.03318,-1.94859],[30.03298,-1.9485],[30.03285,-1.94845],[30.03276,-1.94843],[30.03265,-1.94845],[30.03255,-1.94849],[30.03244,-1.9486],[30.03229,-1.94881],[30.03208,-1.949],[30.03199,-1.94906],[30.03193,-1.94904],[30.03182,-1.94895],[30.03181,-1.94893],[30.03174,-1.94889],[30.03168,-1.94888],[30.03158,-1.94888],[30.03157,-1.94893],[30.03152,-1.94896],[30.03137,-1.94905],[30.03128,-1.94919],[30.03126,-1.94926],[30.03124,-1.94936],[30.03127,-1.94946],[30.03138,-1.94972],[30.03138,-1.94978],[30.03134,-1.94972],[30.03135,-1.94976],[30.03112,-1.95],[30.03104,-1.95043],[30.03077,-1.95108],[30.03099,-1.95166],[30.03107,-1.95171],[30.03118,-1.95185],[30.03121,-1.95195],[30.0312,-1.95199],[30.03118,-1.952],[30.03119,-1.95202],[30.02963,-1.95306],[30.02962,-1.95307],[30.02929,-1.95373],[30.02896,-1.95413],[30.0287,-1.95431],[30.02865,-1.95434],[30.02845,-1.95437],[30.02842,-1.95443],[30.02817,-1.9547],[30.02805,-1.95487],[30.02807,-1.95488],[30.02794,-1.95505],[30.02783,-1.95528],[30.02775,-1.95533],[30.0276,-1.95548],[30.0276,-1.95555],[30.02755,-1.95562],[30.02727,-1.95584],[30.02702,-1.95608],[30.02696,-1.95621],[30.02679,-1.95641],[30.02658,-1.95674],[30.02657,-1.95676],[30.02628,-1.95731],[30.02611,-1.95771],[30.02606,-1.95789],[30.02595,-1.95789],[30.0259,-1.95803],[30.02593,-1.95824],[30.02591,-1.95829],[30.02604,-1.95902],[30.02601,-1.95923],[30.02598,-1.95953],[30.0255,-1.96069],[30.02523,-1.96123],[30.02505,-1.9615],[30.02493,-1.96173],[30.02488,-1.96175],[30.02479,-1.96185],[30.02444,-1.96218],[30.02407,-1.96263],[30.02383,-1.96299],[30.02371,-1.96324],[30.0234,-1.96331],[30.02339,-1.96333],[30.02339,-1.96349],[30.02342,-1.96349],[30.02342,-1.96376],[30.02327,-1.96376],[30.02327,-1.96388],[30.0232,-1.96397],[30.02318,-1.96414],[30.02325,-1.96416],[30.02325,-1.96427],[30.02324,-1.96431],[30.02315,-1.96437],[30.02314,-1.96447],[30.02319,-1.96453],[30.0232,-1.96453],[30.0232,-1.96455],[30.02325,-1.96461],[30.02332,-1.96501],[30.02328,-1.96636],[30.02339,-1.96707],[30.02344,-1.96736],[30.02324,-1.96787],[30.02279,-1.96863],[30.02237,-1.96902],[30.02203,-1.96891],[30.02179,-1.96926],[30.02183,-1.96964],[30.02234,-1.96986],[30.02255,-1.97],[30.02274,-1.97003],[30.0229,-1.97008],[30.02297,-1.97013],[30.02307,-1.97015],[30.02306,-1.97018],[30.02319,-1.97025],[30.02298,-1.97066],[30.02242,-1.97111],[30.02227,-1.97166],[30.02389,-1.97228],[30.02467,-1.97284],[30.02466,-1.97285],[30.02468,-1.97289],[30.02478,-1.97301],[30.02487,-1.97319],[30.02505,-1.9733],[30.02531,-1.97349],[30.02547,-1.97359],[30.02595,-1.97381],[30.02605,-1.97384],[30.02613,-1.97384],[30.02666,-1.97404],[30.0272,-1.97433],[30.02745,-1.97461],[30.02977,-1.97595],[30.02988,-1.976],[30.0299,-1.97597],[30.03003,-1.97584],[30.03059,-1.97565],[30.03105,-1.97557],[30.03128,-1.97547],[30.03148,-1.97538],[30.03176,-1.97538],[30.03174,-1.9753],[30.03193,-1.97533],[30.0323,-1.9753],[30.03251,-1.97529],[30.03273,-1.97526],[30.03302,-1.97532],[30.03328,-1.97541],[30.03357,-1.97563],[30.03376,-1.9758],[30.0341,-1.97586],[30.03424,-1.97589],[30.0346,-1.97627],[30.03482,-1.97687],[30.03507,-1.97692],[30.03516,-1.97694],[30.03518,-1.9767],[30.03513,-1.97632],[30.03529,-1.97631],[30.03554,-1.97622],[30.03569,-1.97595],[30.03574,-1.97567],[30.03575,-1.97541],[30.03571,-1.97511],[30.03573,-1.97462],[30.03582,-1.97434],[30.036,-1.97417],[30.03625,-1.97401],[30.03654,-1.9739],[30.03677,-1.97369],[30.03685,-1.97343],[30.03698,-1.97287],[30.03716,-1.97222],[30.03734,-1.97133],[30.0376,-1.97126],[30.03815,-1.97147],[30.03838,-1.97141],[30.03862,-1.96951],[30.03862,-1.96928],[30.03866,-1.96895],[30.03871,-1.96871],[30.03922,-1.96776],[30.03955,-1.96692],[30.03959,-1.96673],[30.03978,-1.96594],[30.04003,-1.96527],[30.04002,-1.96516],[30.03985,-1.96423],[30.03957,-1.96357],[30.03962,-1.96294],[30.0397,-1.9628],[30.03996,-1.96273],[30.04016,-1.96253],[30.0402,-1.96219],[30.04018,-1.9621],[30.04013,-1.96189],[30.0398,-1.96168],[30.03932,-1.96142],[30.03932,-1.9605],[30.03928,-1.9601],[30.03913,-1.95997],[30.03952,-1.9598],[30.04038,-1.95952],[30.04095,-1.95874],[30.04089,-1.95875],[30.04087,-1.95868],[30.04086,-1.95821],[30.04082,-1.95789],[30.0407,-1.95774],[30.04016,-1.95726],[30.03995,-1.95712],[30.03988,-1.95701],[30.0398,-1.95694],[30.03949,-1.95663],[30.0394,-1.95647],[30.03927,-1.95606],[30.03914,-1.95595],[30.03896,-1.95584],[30.03883,-1.95582],[30.03882,-1.95561],[30.03883,-1.95524],[30.03875,-1.95491],[30.03872,-1.9543],[30.03876,-1.9541],[30.03886,-1.95393],[30.03903,-1.95348],[30.03896,-1.95316],[30.03892,-1.95302],[30.0388,-1.95293],[30.03859,-1.95259],[30.03803,-1.95146],[30.03813,-1.95131],[30.03822,-1.95121],[30.03836,-1.9511],[30.03841,-1.95102],[30.03847,-1.95096],[30.03847,-1.95093],[30.03849,-1.95093],[30.03856,-1.95088],[30.0386,-1.95075],[30.03862,-1.95068],[30.03887,-1.95045],[30.03914,-1.95016],[30.03925,-1.95009],[30.03925,-1.95008],[30.03933,-1.95],[30.03936,-1.94995],[30.03937,-1.94992],[30.03939,-1.94991],[30.03945,-1.94984],[30.03951,-1.94974],[30.03956,-1.94972],[30.03954,-1.94968],[30.03961,-1.94959],[30.03961,-1.94953],[30.03964,-1.94945],[30.03983,-1.94921],[30.03993,-1.94914],[30.04018,-1.94885],[30.04021,-1.94883],[30.0402,-1.94888],[30.04031,-1.94883],[30.04044,-1.94871],[30.04074,-1.94849],[30.03956,-1.94742]]]}},{"type":"Feature","properties":{"d":"Nyarugenge","s":"Gitega","c":"Kigarama"},"geometry":{"type":"Polygon","coordinates":[[[30.05434,-1.95571],[30.05395,-1.9557],[30.05394,-1.95583],[30.05398,-1.95598],[30.05402,-1.95611],[30.05411,-1.95629],[30.05433,-1.95712],[30.05443,-1.95766],[30.05467,-1.95797],[30.05475,-1.95813],[30.05479,-1.95834],[30.05486,-1.95856],[30.05499,-1.9588],[30.05516,-1.95904],[30.05526,-1.95921],[30.05547,-1.95917],[30.0556,-1.95917],[30.05627,-1.95913],[30.05628,-1.95914],[30.05631,-1.95908],[30.05644,-1.95903],[30.05733,-1.95889],[30.05746,-1.9589],[30.05773,-1.95892],[30.05785,-1.9589],[30.0581,-1.9589],[30.05846,-1.95882],[30.05849,-1.95883],[30.05851,-1.95886],[30.05863,-1.95888],[30.05874,-1.95894],[30.05886,-1.95897],[30.05898,-1.95897],[30.05915,-1.95893],[30.05863,-1.95737],[30.05859,-1.95722],[30.05838,-1.95637],[30.05837,-1.95628],[30.05835,-1.95629],[30.05788,-1.95632],[30.05775,-1.95643],[30.05773,-1.95634],[30.05773,-1.95638],[30.05762,-1.95638],[30.05756,-1.95642],[30.05756,-1.95645],[30.05743,-1.95644],[30.05726,-1.9564],[30.0572,-1.95642],[30.05715,-1.95629],[30.05713,-1.95631],[30.05701,-1.95627],[30.05697,-1.95628],[30.05691,-1.95624],[30.05685,-1.95617],[30.05676,-1.95613],[30.05661,-1.95611],[30.05659,-1.9561],[30.05641,-1.95607],[30.05613,-1.95605],[30.05609,-1.95602],[30.05599,-1.95601],[30.0558,-1.95592],[30.05567,-1.95589],[30.05564,-1.95587],[30.05555,-1.95583],[30.05534,-1.95586],[30.05523,-1.95583],[30.0549,-1.95579],[30.05491,-1.95575],[30.05483,-1.9558],[30.05434,-1.95571]]]}},{"type":"Feature","properties":{"d":"Kicukiro","s":"Kigarama","c":"Kigarama"},"geometry":{"type":"Polygon","coordinates":[[[30.07655,-1.97564],[30.07578,-1.97525],[30.07516,-1.9749],[30.07475,-1.9747],[30.074,-1.97436],[30.07393,-1.9743],[30.07354,-1.97522],[30.07346,-1.97549],[30.07331,-1.97573],[30.07303,-1.9757],[30.07269,-1.97564],[30.0725,-1.9757],[30.07244,-1.9761],[30.07243,-1.97632],[30.07228,-1.97638],[30.07224,-1.97642],[30.07236,-1.97664],[30.07234,-1.97676],[30.07235,-1.97681],[30.0723,-1.97678],[30.0723,-1.9768],[30.07241,-1.97701],[30.07241,-1.97713],[30.07222,-1.97717],[30.0721,-1.97696],[30.0719,-1.97702],[30.07149,-1.97711],[30.07099,-1.97714],[30.0706,-1.97712],[30.07057,-1.97712],[30.07044,-1.97709],[30.07036,-1.97705],[30.07033,-1.97705],[30.07013,-1.97689],[30.06997,-1.97682],[30.06997,-1.97682],[30.06997,-1.97682],[30.06993,-1.97676],[30.06992,-1.97669],[30.0699,-1.97662],[30.06985,-1.9767],[30.07003,-1.97728],[30.07008,-1.97761],[30.07011,-1.97801],[30.06992,-1.97859],[30.07017,-1.97858],[30.07016,-1.97885],[30.07014,-1.97894],[30.06997,-1.97944],[30.06986,-1.97958],[30.06987,-1.97959],[30.06973,-1.97988],[30.06948,-1.98051],[30.06946,-1.98061],[30.06948,-1.98061],[30.06941,-1.98081],[30.06909,-1.98192],[30.06885,-1.98249],[30.0688,-1.98273],[30.06866,-1.98316],[30.06853,-1.98349],[30.06851,-1.98369],[30.06852,-1.98399],[30.06859,-1.9845],[30.06868,-1.98491],[30.06873,-1.98504],[30.06877,-1.98507],[30.06887,-1.98508],[30.0692,-1.98543],[30.06924,-1.9855],[30.06931,-1.98561],[30.06943,-1.98593],[30.06943,-1.98604],[30.06946,-1.98611],[30.06942,-1.98619],[30.06937,-1.98643],[30.06938,-1.98655],[30.06965,-1.98694],[30.06973,-1.98699],[30.06981,-1.98707],[30.06985,-1.9872],[30.06997,-1.98735],[30.07,-1.98756],[30.07016,-1.98802],[30.07031,-1.9887],[30.07034,-1.98869],[30.07051,-1.98849],[30.0708,-1.98818],[30.07288,-1.98742],[30.07311,-1.98729],[30.07335,-1.98715],[30.07375,-1.98688],[30.07442,-1.98653],[30.07482,-1.98628],[30.07496,-1.98619],[30.07511,-1.98598],[30.07537,-1.98551],[30.07544,-1.98531],[30.07551,-1.9851],[30.07615,-1.98325],[30.0767,-1.98162],[30.07689,-1.98113],[30.0769,-1.98104],[30.07698,-1.98081],[30.07701,-1.98044],[30.07652,-1.98048],[30.07651,-1.98039],[30.07629,-1.97934],[30.07621,-1.97889],[30.07608,-1.9785],[30.07601,-1.97793],[30.07602,-1.97757],[30.07606,-1.97723],[30.07638,-1.97623],[30.07655,-1.97564]]]}},{"type":"Feature","properties":{"d":"Gasabo","s":"Kimihurura","c":"Kimihurura"},"geometry":{"type":"Polygon","coordinates":[[[30.08271,-1.94884],[30.08153,-1.94739],[30.08124,-1.94702],[30.08072,-1.94655],[30.08036,-1.94635],[30.07963,-1.946],[30.07763,-1.94548],[30.07755,-1.94545],[30.077,-1.94537],[30.07633,-1.94551],[30.07588,-1.94583],[30.0756,-1.94639],[30.07561,-1.94689],[30.07558,-1.94691],[30.07554,-1.94695],[30.07581,-1.9482],[30.07578,-1.94832],[30.07566,-1.94882],[30.07538,-1.94919],[30.07512,-1.94945],[30.0756,-1.95043],[30.07584,-1.95054],[30.07597,-1.95095],[30.07619,-1.95154],[30.07625,-1.95168],[30.07629,-1.95182],[30.07634,-1.95219],[30.07647,-1.9525],[30.07652,-1.95272],[30.07662,-1.95325],[30.07666,-1.9537],[30.07671,-1.9539],[30.07674,-1.95395],[30.07679,-1.9542],[30.07689,-1.95478],[30.07722,-1.95674],[30.07724,-1.95678],[30.07722,-1.95682],[30.07768,-1.95765],[30.07811,-1.9584],[30.07815,-1.95842],[30.07819,-1.9584],[30.07822,-1.95847],[30.07841,-1.95873],[30.07923,-1.95985],[30.08024,-1.9612],[30.08057,-1.96145],[30.08094,-1.9617],[30.08271,-1.96293],[30.08279,-1.96296],[30.08282,-1.963],[30.08294,-1.96298],[30.08293,-1.96302],[30.08401,-1.96311],[30.0835,-1.96379],[30.08346,-1.96383],[30.08457,-1.9643],[30.08459,-1.96433],[30.08466,-1.96428],[30.08466,-1.96427],[30.08539,-1.96325],[30.0856,-1.963],[30.08587,-1.96339],[30.08601,-1.96371],[30.08622,-1.96403],[30.08629,-1.96397],[30.0863,-1.96394],[30.08636,-1.96389],[30.08639,-1.96387],[30.08642,-1.96387],[30.08657,-1.96391],[30.08657,-1.96393],[30.08695,-1.96407],[30.08728,-1.96417],[30.08736,-1.96422],[30.08847,-1.96444],[30.08846,-1.9639],[30.08847,-1.96343],[30.08842,-1.96324],[30.08842,-1.96309],[30.08843,-1.96291],[30.08831,-1.96292],[30.08832,-1.96266],[30.0883,-1.96262],[30.08831,-1.96245],[30.08823,-1.96231],[30.08821,-1.96229],[30.08818,-1.96229],[30.08797,-1.96207],[30.0879,-1.96199],[30.08788,-1.962],[30.08784,-1.96195],[30.08787,-1.96193],[30.08783,-1.96185],[30.08786,-1.96183],[30.08783,-1.9618],[30.08781,-1.9618],[30.08758,-1.96145],[30.08737,-1.96096],[30.08741,-1.96094],[30.08774,-1.96049],[30.08763,-1.96045],[30.0874,-1.96043],[30.08702,-1.96035],[30.08664,-1.96016],[30.08648,-1.96006],[30.08597,-1.9597],[30.08577,-1.9595],[30.08587,-1.95936],[30.08632,-1.95847],[30.08512,-1.95797],[30.08466,-1.95774],[30.08497,-1.95713],[30.08535,-1.9563],[30.08553,-1.9564],[30.08579,-1.95647],[30.086,-1.95649],[30.08624,-1.9565],[30.08656,-1.95642],[30.08681,-1.95628],[30.08705,-1.95608],[30.08718,-1.95595],[30.08727,-1.95579],[30.08735,-1.9556],[30.08743,-1.95521],[30.08741,-1.95496],[30.08737,-1.95475],[30.0873,-1.95456],[30.08721,-1.95441],[30.08707,-1.95424],[30.08694,-1.95411],[30.08681,-1.95401],[30.08657,-1.95388],[30.08649,-1.95383],[30.08639,-1.95361],[30.0863,-1.95345],[30.08619,-1.95312],[30.08622,-1.95286],[30.08619,-1.9525],[30.08605,-1.95217],[30.08583,-1.95192],[30.08518,-1.95132],[30.0849,-1.95104],[30.08409,-1.95026],[30.08355,-1.94979],[30.08322,-1.94942],[30.08292,-1.94907],[30.08295,-1.94903],[30.08292,-1.94899],[30.08287,-1.94902],[30.08271,-1.94884]]]}},{"type":"Feature","properties":{"d":"Nyarugenge","s":"Kimisagara","c":"Kimisagara"},"geometry":{"type":"Polygon","coordinates":[[[30.04486,-1.93911],[30.04388,-1.93932],[30.04322,-1.93952],[30.04302,-1.93935],[30.04292,-1.93938],[30.04261,-1.93996],[30.04255,-1.94011],[30.04219,-1.94101],[30.04218,-1.94113],[30.04215,-1.9413],[30.04183,-1.94183],[30.04167,-1.94222],[30.04154,-1.9423],[30.0415,-1.94236],[30.04143,-1.94238],[30.04131,-1.94247],[30.041,-1.94225],[30.04074,-1.94194],[30.04041,-1.94188],[30.04033,-1.94226],[30.04023,-1.94262],[30.04022,-1.94282],[30.04027,-1.94303],[30.04037,-1.94323],[30.04038,-1.9434],[30.04026,-1.94377],[30.04024,-1.94376],[30.0402,-1.94385],[30.04023,-1.94387],[30.04022,-1.9439],[30.04028,-1.94441],[30.04063,-1.94511],[30.04073,-1.94523],[30.04066,-1.9453],[30.04073,-1.94584],[30.04086,-1.94624],[30.04109,-1.94743],[30.04113,-1.94789],[30.041,-1.94783],[30.04107,-1.94795],[30.04111,-1.94807],[30.0411,-1.9482],[30.04107,-1.94828],[30.04095,-1.94837],[30.04074,-1.94849],[30.04044,-1.94871],[30.04031,-1.94883],[30.0402,-1.94888],[30.04021,-1.94883],[30.04018,-1.94885],[30.03993,-1.94914],[30.03983,-1.94921],[30.03964,-1.94945],[30.03961,-1.94953],[30.03961,-1.94959],[30.03954,-1.94968],[30.03956,-1.94972],[30.03951,-1.94974],[30.03945,-1.94984],[30.03939,-1.94991],[30.03937,-1.94992],[30.03936,-1.94995],[30.03933,-1.95],[30.03925,-1.95008],[30.03925,-1.95009],[30.03914,-1.95016],[30.03887,-1.95045],[30.03862,-1.95068],[30.0386,-1.95075],[30.03856,-1.95088],[30.03849,-1.95093],[30.03847,-1.95093],[30.03847,-1.95096],[30.03841,-1.95102],[30.03836,-1.9511],[30.03822,-1.95121],[30.03813,-1.95131],[30.03803,-1.95146],[30.03859,-1.95259],[30.0388,-1.95293],[30.03892,-1.95302],[30.03896,-1.95316],[30.03903,-1.95348],[30.03886,-1.95393],[30.03876,-1.9541],[30.03872,-1.9543],[30.03875,-1.95491],[30.03883,-1.95524],[30.03882,-1.95561],[30.03883,-1.95582],[30.03896,-1.95584],[30.03914,-1.95595],[30.03927,-1.95606],[30.0394,-1.95647],[30.03949,-1.95663],[30.0398,-1.95694],[30.03988,-1.95701],[30.03995,-1.95712],[30.04016,-1.95726],[30.0407,-1.95774],[30.04082,-1.95789],[30.04086,-1.95821],[30.04087,-1.95868],[30.04089,-1.95875],[30.04119,-1.9584],[30.04143,-1.95808],[30.04155,-1.95801],[30.0418,-1.95777],[30.04212,-1.95755],[30.04241,-1.95749],[30.04298,-1.95713],[30.04311,-1.95703],[30.04336,-1.95674],[30.04375,-1.95663],[30.04417,-1.95645],[30.04453,-1.95605],[30.04462,-1.95602],[30.0447,-1.956],[30.04476,-1.95591],[30.04475,-1.95588],[30.04481,-1.95584],[30.04489,-1.95562],[30.04494,-1.95542],[30.045,-1.95539],[30.04502,-1.95536],[30.04501,-1.95529],[30.04504,-1.9552],[30.0451,-1.95513],[30.04517,-1.95511],[30.04527,-1.95499],[30.04531,-1.95496],[30.04535,-1.95496],[30.04537,-1.95493],[30.04552,-1.95484],[30.04555,-1.95485],[30.04562,-1.95487],[30.04586,-1.9547],[30.04604,-1.95453],[30.0462,-1.95435],[30.04627,-1.95423],[30.04627,-1.95418],[30.04632,-1.95415],[30.04649,-1.95392],[30.04661,-1.95365],[30.04663,-1.95352],[30.04671,-1.9533],[30.04697,-1.95292],[30.04703,-1.95283],[30.04723,-1.95265],[30.04751,-1.95241],[30.04764,-1.95234],[30.04785,-1.95221],[30.04813,-1.95188],[30.04824,-1.95174],[30.04913,-1.95083],[30.04931,-1.95056],[30.04939,-1.95042],[30.04954,-1.95017],[30.04979,-1.94983],[30.04994,-1.94965],[30.05001,-1.9495],[30.05037,-1.9492],[30.05035,-1.94917],[30.05042,-1.9491],[30.05044,-1.94906],[30.05067,-1.94883],[30.05086,-1.94876],[30.05108,-1.94862],[30.05139,-1.94839],[30.05132,-1.94828],[30.0515,-1.94818],[30.05142,-1.94794],[30.05136,-1.9478],[30.05108,-1.94744],[30.05077,-1.94719],[30.05073,-1.94712],[30.0506,-1.94691],[30.05041,-1.94677],[30.0503,-1.94666],[30.05006,-1.94629],[30.04994,-1.94601],[30.04978,-1.94581],[30.04962,-1.94567],[30.0495,-1.9455],[30.04949,-1.94548],[30.0495,-1.94532],[30.04949,-1.94512],[30.04943,-1.94505],[30.04943,-1.94501],[30.04936,-1.9447],[30.04937,-1.94452],[30.04934,-1.94433],[30.04939,-1.9442],[30.04938,-1.94406],[30.04932,-1.94392],[30.04917,-1.94392],[30.04914,-1.9439],[30.04913,-1.94389],[30.04899,-1.94374],[30.04859,-1.94294],[30.04838,-1.94271],[30.04802,-1.94247],[30.04744,-1.94221],[30.04713,-1.94204],[30.04624,-1.9417],[30.04582,-1.94161],[30.04576,-1.94142],[30.04568,-1.94136],[30.04572,-1.94134],[30.04571,-1.94133],[30.04567,-1.9411],[30.04526,-1.94072],[30.04511,-1.94036],[30.04494,-1.93992],[30.04495,-1.93992],[30.04501,-1.93958],[30.045,-1.93936],[30.04494,-1.93913],[30.04489,-1.93917],[30.04486,-1.93911]]]}},{"type":"Feature","properties":{"d":"Kicukiro","s":"Gikondo","c":"Kinunga"},"geometry":{"type":"Polygon","coordinates":[[[30.07689,-1.95478],[30.07548,-1.95511],[30.07517,-1.9552],[30.07511,-1.95523],[30.07499,-1.95537],[30.07492,-1.95553],[30.07473,-1.95572],[30.07464,-1.95567],[30.07451,-1.95566],[30.07441,-1.95569],[30.07436,-1.95576],[30.07436,-1.95588],[30.07437,-1.95598],[30.07397,-1.9561],[30.07378,-1.95619],[30.07358,-1.95629],[30.07303,-1.95679],[30.07284,-1.95701],[30.07234,-1.95769],[30.07223,-1.95795],[30.07224,-1.95796],[30.07191,-1.95864],[30.07174,-1.95907],[30.07163,-1.95971],[30.07167,-1.96009],[30.07178,-1.96095],[30.07187,-1.96201],[30.07189,-1.96239],[30.07192,-1.96253],[30.07208,-1.96254],[30.07241,-1.96315],[30.07273,-1.96301],[30.07262,-1.96272],[30.07276,-1.96266],[30.07279,-1.96274],[30.07283,-1.96273],[30.07291,-1.96292],[30.07295,-1.96291],[30.07295,-1.96288],[30.07309,-1.96285],[30.0731,-1.96287],[30.07316,-1.96285],[30.07328,-1.96277],[30.07332,-1.96283],[30.07335,-1.9628],[30.07347,-1.96277],[30.07386,-1.96332],[30.07419,-1.96334],[30.07463,-1.96331],[30.07497,-1.96312],[30.07499,-1.96316],[30.07502,-1.96314],[30.07517,-1.9635],[30.0753,-1.96394],[30.07557,-1.96474],[30.07562,-1.96495],[30.07571,-1.96496],[30.07585,-1.96506],[30.07606,-1.96523],[30.07619,-1.9654],[30.07628,-1.96555],[30.07639,-1.96567],[30.07648,-1.96577],[30.07663,-1.96599],[30.07683,-1.96687],[30.07695,-1.96723],[30.07726,-1.96825],[30.0773,-1.96837],[30.07749,-1.96931],[30.07751,-1.96988],[30.07815,-1.96992],[30.07858,-1.96982],[30.07905,-1.96951],[30.07928,-1.96929],[30.08206,-1.96793],[30.08254,-1.96832],[30.08308,-1.96864],[30.08348,-1.96881],[30.08391,-1.96884],[30.08406,-1.96896],[30.08438,-1.96916],[30.08483,-1.96935],[30.08528,-1.96943],[30.08604,-1.96941],[30.08659,-1.96939],[30.08761,-1.96919],[30.08805,-1.96899],[30.08824,-1.96886],[30.0882,-1.9678],[30.0878,-1.96633],[30.08739,-1.96559],[30.0871,-1.96523],[30.08661,-1.9645],[30.08645,-1.96421],[30.08629,-1.96397],[30.08622,-1.96403],[30.08601,-1.96371],[30.08587,-1.96339],[30.0856,-1.963],[30.08539,-1.96325],[30.08466,-1.96427],[30.08466,-1.96428],[30.08459,-1.96433],[30.08457,-1.9643],[30.08346,-1.96383],[30.0835,-1.96379],[30.08401,-1.96311],[30.08293,-1.96302],[30.08294,-1.96298],[30.08282,-1.963],[30.08279,-1.96296],[30.08271,-1.96293],[30.08094,-1.9617],[30.08057,-1.96145],[30.08024,-1.9612],[30.07923,-1.95985],[30.07841,-1.95873],[30.07822,-1.95847],[30.07819,-1.9584],[30.07815,-1.95842],[30.07811,-1.9584],[30.07768,-1.95765],[30.07722,-1.95682],[30.07724,-1.95678],[30.07722,-1.95674],[30.07689,-1.95478]]]}},{"type":"Feature","properties":{"d":"Gasabo","s":"Bumbogo","c":"Kinyaga"},"geometry":{"type":"Polygon","coordinates":[[[30.15478,-1.91612],[30.15475,-1.91616],[30.15456,-1.91629],[30.15447,-1.91642],[30.15446,-1.91647],[30.15426,-1.91674],[30.15425,-1.91681],[30.15417,-1.91697],[30.1541,-1.91705],[30.15382,-1.91729],[30.15365,-1.91739],[30.15358,-1.91739],[30.1531,-1.91757],[30.152,-1.91756],[30.15166,-1.9176],[30.14961,-1.91759],[30.14957,-1.91762],[30.14942,-1.91763],[30.14925,-1.91759],[30.14914,-1.91758],[30.14786,-1.91758],[30.14767,-1.91756],[30.1475,-1.91758],[30.1465,-1.91791],[30.14625,-1.91809],[30.14593,-1.91827],[30.14557,-1.91847],[30.14501,-1.91884],[30.14487,-1.91902],[30.14416,-1.91962],[30.14402,-1.91972],[30.14374,-1.91985],[30.14358,-1.91991],[30.14343,-1.92001],[30.14301,-1.92028],[30.14203,-1.9208],[30.14187,-1.92093],[30.14152,-1.92134],[30.14147,-1.92138],[30.14134,-1.92122],[30.14086,-1.92156],[30.14053,-1.92172],[30.14028,-1.92185],[30.1402,-1.92188],[30.14018,-1.92186],[30.14015,-1.92188],[30.13997,-1.92197],[30.1398,-1.92208],[30.13927,-1.92229],[30.13918,-1.92231],[30.13893,-1.92231],[30.13859,-1.9224],[30.13852,-1.92239],[30.13823,-1.92246],[30.1381,-1.92269],[30.13772,-1.92342],[30.13791,-1.92352],[30.13807,-1.92357],[30.1381,-1.92363],[30.1381,-1.92374],[30.13814,-1.92392],[30.13811,-1.92402],[30.13806,-1.92416],[30.13805,-1.92437],[30.13809,-1.9248],[30.13817,-1.92501],[30.13858,-1.92581],[30.13862,-1.92594],[30.13868,-1.92616],[30.13877,-1.92635],[30.13889,-1.92674],[30.13889,-1.92688],[30.13892,-1.92699],[30.13894,-1.92712],[30.13893,-1.92714],[30.13887,-1.92721],[30.13888,-1.92728],[30.13887,-1.92735],[30.1389,-1.92741],[30.13889,-1.92742],[30.13892,-1.92771],[30.13895,-1.92786],[30.13892,-1.92807],[30.13885,-1.92825],[30.13883,-1.92836],[30.13881,-1.92839],[30.13876,-1.92838],[30.13871,-1.9285],[30.13861,-1.92859],[30.13857,-1.92862],[30.13864,-1.92867],[30.13879,-1.92872],[30.13985,-1.92904],[30.1402,-1.92917],[30.14037,-1.92927],[30.14051,-1.92945],[30.14057,-1.9298],[30.1407,-1.93036],[30.14078,-1.93062],[30.14087,-1.93086],[30.14122,-1.93146],[30.14134,-1.93167],[30.14162,-1.93195],[30.14216,-1.93219],[30.14255,-1.93222],[30.14277,-1.93209],[30.14302,-1.93205],[30.14335,-1.93197],[30.1434,-1.93197],[30.14354,-1.93198],[30.14367,-1.93202],[30.14381,-1.93207],[30.14393,-1.93214],[30.14462,-1.93262],[30.14475,-1.93275],[30.14487,-1.93291],[30.14495,-1.933],[30.14502,-1.93312],[30.14536,-1.93396],[30.14548,-1.93417],[30.14562,-1.93436],[30.14595,-1.93471],[30.147,-1.93568],[30.1475,-1.93619],[30.14774,-1.93642],[30.14792,-1.93638],[30.148,-1.93633],[30.14808,-1.93631],[30.14811,-1.93635],[30.14842,-1.93629],[30.14901,-1.9367],[30.14904,-1.93667],[30.1491,-1.93672],[30.14908,-1.93675],[30.14929,-1.93689],[30.14931,-1.9369],[30.14934,-1.93686],[30.14942,-1.9368],[30.14946,-1.9368],[30.14962,-1.93695],[30.1498,-1.9371],[30.14978,-1.93716],[30.15139,-1.93805],[30.15149,-1.93796],[30.1517,-1.9378],[30.15184,-1.93798],[30.15223,-1.93834],[30.1532,-1.93845],[30.15331,-1.93852],[30.15331,-1.93837],[30.15333,-1.93834],[30.15366,-1.93835],[30.15368,-1.93837],[30.15369,-1.93839],[30.15369,-1.93873],[30.15367,-1.93888],[30.15372,-1.93904],[30.15375,-1.93901],[30.15382,-1.939],[30.15434,-1.93891],[30.15465,-1.93878],[30.15471,-1.93879],[30.15474,-1.93886],[30.15475,-1.93895],[30.15473,-1.93918],[30.15468,-1.93945],[30.15467,-1.93974],[30.15469,-1.93983],[30.15472,-1.93989],[30.15483,-1.94001],[30.15508,-1.94017],[30.15546,-1.94046],[30.15558,-1.94052],[30.15568,-1.94061],[30.15612,-1.94093],[30.15702,-1.94156],[30.1572,-1.94167],[30.15764,-1.94189],[30.15859,-1.94259],[30.15878,-1.94271],[30.15883,-1.94276],[30.15943,-1.94317],[30.15947,-1.94323],[30.15988,-1.94376],[30.16038,-1.94426],[30.16137,-1.94491],[30.16153,-1.94506],[30.16167,-1.94517],[30.16244,-1.94588],[30.16248,-1.94589],[30.1625,-1.94588],[30.16286,-1.94625],[30.16335,-1.94696],[30.16417,-1.94786],[30.16437,-1.9484],[30.16427,-1.94883],[30.16423,-1.94965],[30.16446,-1.94953],[30.16447,-1.94945],[30.16452,-1.94943],[30.16487,-1.94936],[30.165,-1.94928],[30.16504,-1.94929],[30.1652,-1.94936],[30.16524,-1.94936],[30.16542,-1.94906],[30.16553,-1.94911],[30.16557,-1.9491],[30.16574,-1.94874],[30.16589,-1.9486],[30.16595,-1.94859],[30.16598,-1.94857],[30.16616,-1.94842],[30.16633,-1.9482],[30.16653,-1.948],[30.16659,-1.94792],[30.16659,-1.94787],[30.16658,-1.94784],[30.16651,-1.94778],[30.16651,-1.94774],[30.1667,-1.94758],[30.16706,-1.94721],[30.16715,-1.94707],[30.1673,-1.94693],[30.1675,-1.94666],[30.16755,-1.94665],[30.16769,-1.94675],[30.16772,-1.94674],[30.16778,-1.94669],[30.16815,-1.9463],[30.16823,-1.94617],[30.1683,-1.94604],[30.16847,-1.94535],[30.16853,-1.94495],[30.16862,-1.94418],[30.16861,-1.9438],[30.1686,-1.94377],[30.16857,-1.94376],[30.16841,-1.94377],[30.16839,-1.94373],[30.16839,-1.94371],[30.1684,-1.94367],[30.16863,-1.94337],[30.1689,-1.94292],[30.16895,-1.94278],[30.16897,-1.94263],[30.16888,-1.94266],[30.1689,-1.94255],[30.16854,-1.94225],[30.16791,-1.9421],[30.16698,-1.94172],[30.16608,-1.94148],[30.16579,-1.94146],[30.16528,-1.94144],[30.16392,-1.9405],[30.1633,-1.94008],[30.16213,-1.93939],[30.16187,-1.93918],[30.16141,-1.93883],[30.16086,-1.93818],[30.16067,-1.93764],[30.1606,-1.93667],[30.16066,-1.93626],[30.16065,-1.93592],[30.16065,-1.93582],[30.16058,-1.93532],[30.16052,-1.93427],[30.16042,-1.93375],[30.16032,-1.93348],[30.16016,-1.93314],[30.15987,-1.93272],[30.15962,-1.9324],[30.15901,-1.93197],[30.15886,-1.93179],[30.15879,-1.93165],[30.15847,-1.93083],[30.15812,-1.93],[30.15797,-1.92949],[30.15773,-1.92895],[30.15754,-1.92823],[30.15746,-1.92811],[30.15728,-1.92796],[30.15708,-1.92777],[30.15691,-1.92771],[30.15678,-1.92714],[30.15671,-1.92689],[30.15649,-1.92699],[30.15642,-1.92679],[30.15635,-1.92689],[30.15624,-1.92698],[30.15613,-1.92701],[30.15601,-1.92702],[30.1556,-1.92699],[30.15543,-1.92683],[30.1554,-1.92675],[30.15534,-1.92671],[30.15535,-1.92669],[30.15578,-1.92665],[30.15598,-1.92661],[30.15625,-1.9263],[30.15645,-1.92619],[30.15661,-1.9262],[30.15691,-1.92627],[30.15714,-1.92635],[30.15725,-1.92638],[30.1574,-1.92639],[30.15755,-1.92634],[30.15766,-1.92626],[30.15788,-1.92605],[30.15803,-1.92595],[30.15851,-1.92536],[30.15858,-1.92526],[30.15861,-1.92517],[30.15876,-1.92482],[30.15879,-1.92468],[30.15882,-1.92435],[30.15882,-1.92401],[30.15883,-1.92351],[30.15882,-1.9226],[30.15879,-1.92221],[30.15883,-1.92205],[30.15885,-1.92172],[30.15892,-1.91975],[30.15894,-1.91957],[30.15898,-1.91941],[30.15901,-1.91931],[30.15909,-1.91919],[30.15917,-1.9191],[30.15939,-1.91896],[30.1597,-1.91861],[30.16009,-1.91813],[30.1602,-1.91798],[30.16025,-1.9179],[30.16033,-1.91765],[30.15904,-1.91746],[30.159,-1.91749],[30.15894,-1.91745],[30.15873,-1.91739],[30.15867,-1.91743],[30.15865,-1.91737],[30.15862,-1.91736],[30.1586,-1.91723],[30.1583,-1.91742],[30.15811,-1.91751],[30.15793,-1.91721],[30.15769,-1.91735],[30.15766,-1.91734],[30.15734,-1.91709],[30.15729,-1.91705],[30.1573,-1.91704],[30.15716,-1.91687],[30.15699,-1.91689],[30.15603,-1.91661],[30.1558,-1.91651],[30.15569,-1.91641],[30.15565,-1.91642],[30.15554,-1.91641],[30.15535,-1.91639],[30.15535,-1.91632],[30.15533,-1.91628],[30.15506,-1.91624],[30.15491,-1.9162],[30.15489,-1.91622],[30.15478,-1.91612]]]}},{"type":"Feature","properties":{"d":"Gasabo","s":"Rusororo","c":"Kinyana"},"geometry":{"type":"Polygon","coordinates":[[[30.25848,-1.89452],[30.25811,-1.89441],[30.25797,-1.89543],[30.25794,-1.89583],[30.25772,-1.89634],[30.25767,-1.89651],[30.2576,-1.89662],[30.25734,-1.89682],[30.25702,-1.89703],[30.25687,-1.89712],[30.25671,-1.89718],[30.25653,-1.89722],[30.25625,-1.89726],[30.25589,-1.89728],[30.25536,-1.89735],[30.25523,-1.89742],[30.25503,-1.89746],[30.25445,-1.89745],[30.25372,-1.89735],[30.25335,-1.89729],[30.25288,-1.8972],[30.25226,-1.89712],[30.25147,-1.89696],[30.2508,-1.89697],[30.25009,-1.89692],[30.24977,-1.89698],[30.24961,-1.89703],[30.24945,-1.89712],[30.24916,-1.89736],[30.24889,-1.89763],[30.24874,-1.89774],[30.24858,-1.89783],[30.24842,-1.89789],[30.24784,-1.898],[30.2477,-1.89804],[30.24753,-1.89813],[30.24715,-1.89842],[30.24701,-1.89856],[30.24681,-1.89878],[30.24656,-1.899],[30.24642,-1.89908],[30.24626,-1.89914],[30.24587,-1.89924],[30.24586,-1.89925],[30.2455,-1.89939],[30.24494,-1.89951],[30.24466,-1.89956],[30.24452,-1.89964],[30.24443,-1.89965],[30.24429,-1.89963],[30.24406,-1.89971],[30.2439,-1.89973],[30.24366,-1.8997],[30.24288,-1.89956],[30.24226,-1.89942],[30.24121,-1.89925],[30.24029,-1.89901],[30.23996,-1.89897],[30.23979,-1.89898],[30.23961,-1.89901],[30.23944,-1.89907],[30.23891,-1.89929],[30.23854,-1.89941],[30.23782,-1.89948],[30.23729,-1.8995],[30.23678,-1.89949],[30.23638,-1.89946],[30.23613,-1.89943],[30.23564,-1.89933],[30.23398,-1.89893],[30.2334,-1.89876],[30.23271,-1.89863],[30.23181,-1.89842],[30.23128,-1.89824],[30.23058,-1.89812],[30.23011,-1.89802],[30.23008,-1.89844],[30.2303,-1.89861],[30.23089,-1.89903],[30.23124,-1.89954],[30.2315,-1.8998],[30.23186,-1.89994],[30.2322,-1.89994],[30.23284,-1.89999],[30.23397,-1.90053],[30.23413,-1.90113],[30.23403,-1.90171],[30.23406,-1.90251],[30.23419,-1.90244],[30.23525,-1.90269],[30.23611,-1.90315],[30.23715,-1.90334],[30.23756,-1.90361],[30.23833,-1.9041],[30.23934,-1.9044],[30.23937,-1.90448],[30.24011,-1.90483],[30.24042,-1.90558],[30.24077,-1.90597],[30.24146,-1.90635],[30.24305,-1.90834],[30.24337,-1.90904],[30.24494,-1.91077],[30.2453,-1.91111],[30.24623,-1.91165],[30.24648,-1.9119],[30.24625,-1.91215],[30.24603,-1.91219],[30.24588,-1.91215],[30.24555,-1.91213],[30.24564,-1.91222],[30.24593,-1.91237],[30.24619,-1.91257],[30.24671,-1.91278],[30.24718,-1.91287],[30.24719,-1.91297],[30.24717,-1.91308],[30.2472,-1.91323],[30.24743,-1.91345],[30.24777,-1.91366],[30.248,-1.91369],[30.24813,-1.91367],[30.24822,-1.91363],[30.24824,-1.91362],[30.24828,-1.91377],[30.24841,-1.91386],[30.24836,-1.91394],[30.24826,-1.91422],[30.24782,-1.9149],[30.24755,-1.91489],[30.24724,-1.91495],[30.24697,-1.91507],[30.24624,-1.91551],[30.24636,-1.91575],[30.24687,-1.91603],[30.24727,-1.91662],[30.24832,-1.91722],[30.24832,-1.91728],[30.2484,-1.91739],[30.24852,-1.91785],[30.24857,-1.91809],[30.24868,-1.91845],[30.24879,-1.91876],[30.24881,-1.91892],[30.24876,-1.919],[30.2486,-1.91923],[30.24848,-1.91953],[30.24848,-1.91974],[30.24809,-1.92],[30.24794,-1.92006],[30.24795,-1.92024],[30.24802,-1.9205],[30.24811,-1.92124],[30.24813,-1.92137],[30.24815,-1.92216],[30.24791,-1.92285],[30.24766,-1.92346],[30.24737,-1.92429],[30.24738,-1.92482],[30.24735,-1.92514],[30.24738,-1.92562],[30.24737,-1.92589],[30.24728,-1.92715],[30.24727,-1.92787],[30.24722,-1.92837],[30.24713,-1.92892],[30.24699,-1.9292],[30.24711,-1.92914],[30.24771,-1.92899],[30.24802,-1.92891],[30.24881,-1.92878],[30.25067,-1.92841],[30.25089,-1.92827],[30.25113,-1.92805],[30.25129,-1.92795],[30.2518,-1.9278],[30.25222,-1.92756],[30.2531,-1.92709],[30.25367,-1.92677],[30.25374,-1.92672],[30.25366,-1.92673],[30.25381,-1.92655],[30.25387,-1.92639],[30.25396,-1.92627],[30.25402,-1.92608],[30.25402,-1.92583],[30.25404,-1.92576],[30.25412,-1.92574],[30.25458,-1.92576],[30.25471,-1.92572],[30.25479,-1.92569],[30.25487,-1.92562],[30.25503,-1.92545],[30.25515,-1.92511],[30.25535,-1.92501],[30.25571,-1.92418],[30.25613,-1.92366],[30.25658,-1.92281],[30.25718,-1.92226],[30.25826,-1.92157],[30.25864,-1.92185],[30.2589,-1.92206],[30.25933,-1.92232],[30.25987,-1.92258],[30.25999,-1.92275],[30.26006,-1.9228],[30.25975,-1.92303],[30.25946,-1.92344],[30.25969,-1.92362],[30.25946,-1.92438],[30.2597,-1.92448],[30.25983,-1.92465],[30.26,-1.92495],[30.26031,-1.92519],[30.26048,-1.92546],[30.26061,-1.92581],[30.26085,-1.92612],[30.26096,-1.92658],[30.26113,-1.9272],[30.26146,-1.92764],[30.26167,-1.9281],[30.26191,-1.92851],[30.26209,-1.92867],[30.26221,-1.92901],[30.26231,-1.92917],[30.26247,-1.92919],[30.26264,-1.92952],[30.26294,-1.93004],[30.26318,-1.93039],[30.26348,-1.93068],[30.26352,-1.93086],[30.26381,-1.93103],[30.2642,-1.93139],[30.26406,-1.93186],[30.26397,-1.93239],[30.26392,-1.93288],[30.26387,-1.93326],[30.26345,-1.93318],[30.26266,-1.9334],[30.26237,-1.93354],[30.26246,-1.93365],[30.26259,-1.93374],[30.26283,-1.93395],[30.26275,-1.93427],[30.26265,-1.93455],[30.26264,-1.93474],[30.26315,-1.93488],[30.26322,-1.93511],[30.26317,-1.93512],[30.26315,-1.93515],[30.26324,-1.93511],[30.2634,-1.93509],[30.26379,-1.93509],[30.26395,-1.93514],[30.26448,-1.93541],[30.26476,-1.93548],[30.26538,-1.93555],[30.266,-1.93557],[30.26645,-1.93554],[30.26669,-1.93548],[30.26682,-1.93538],[30.26711,-1.93491],[30.26717,-1.93473],[30.26727,-1.93434],[30.26725,-1.93401],[30.26713,-1.93365],[30.26697,-1.93325],[30.2666,-1.93247],[30.26676,-1.93229],[30.26678,-1.93198],[30.26656,-1.93093],[30.2665,-1.93057],[30.26655,-1.93029],[30.26591,-1.93042],[30.26589,-1.92986],[30.2661,-1.92919],[30.26605,-1.92858],[30.2657,-1.92837],[30.26547,-1.928],[30.26498,-1.92773],[30.26464,-1.92757],[30.2643,-1.92729],[30.26401,-1.92718],[30.26387,-1.92686],[30.26349,-1.92648],[30.26304,-1.926],[30.26287,-1.92578],[30.263,-1.92577],[30.26328,-1.92548],[30.26349,-1.92471],[30.26346,-1.92455],[30.26334,-1.92431],[30.26318,-1.92417],[30.2631,-1.92396],[30.26305,-1.92377],[30.26294,-1.92366],[30.26279,-1.92318],[30.26285,-1.92307],[30.2628,-1.92248],[30.26285,-1.9222],[30.26279,-1.92197],[30.26277,-1.92157],[30.26285,-1.92144],[30.26289,-1.92114],[30.26291,-1.92089],[30.26288,-1.92069],[30.26274,-1.92011],[30.26288,-1.91973],[30.26291,-1.91946],[30.26345,-1.91927],[30.26442,-1.91902],[30.26445,-1.91873],[30.26431,-1.91839],[30.26489,-1.91829],[30.26506,-1.91807],[30.26511,-1.91791],[30.26458,-1.91619],[30.26452,-1.91619],[30.26301,-1.9144],[30.26306,-1.91433],[30.26308,-1.91423],[30.2632,-1.91393],[30.26328,-1.91382],[30.26335,-1.91366],[30.26348,-1.91344],[30.2636,-1.91334],[30.26368,-1.91323],[30.26379,-1.91318],[30.26379,-1.91307],[30.26336,-1.91318],[30.26309,-1.91311],[30.2624,-1.91343],[30.26191,-1.91305],[30.26119,-1.91273],[30.26095,-1.91243],[30.26137,-1.91166],[30.26132,-1.91124],[30.26173,-1.91089],[30.26188,-1.91061],[30.26196,-1.91054],[30.26097,-1.9098],[30.26002,-1.90946],[30.25895,-1.90927],[30.25874,-1.90874],[30.25846,-1.90761],[30.25805,-1.90725],[30.25787,-1.907],[30.25776,-1.90662],[30.25779,-1.90619],[30.25722,-1.9053],[30.25713,-1.90392],[30.25694,-1.90358],[30.25637,-1.90288],[30.25625,-1.90264],[30.25636,-1.90257],[30.25725,-1.9027],[30.25806,-1.90267],[30.25865,-1.90254],[30.25946,-1.90258],[30.25991,-1.90267],[30.26061,-1.90302],[30.26073,-1.90313],[30.26086,-1.9032],[30.26092,-1.90322],[30.26109,-1.90326],[30.26239,-1.9034],[30.26397,-1.90309],[30.26387,-1.90227],[30.26372,-1.90198],[30.26324,-1.90102],[30.26167,-1.89896],[30.26122,-1.89814],[30.26087,-1.89768],[30.26052,-1.89687],[30.26043,-1.89596],[30.26045,-1.89527],[30.25989,-1.89515],[30.25946,-1.89513],[30.25923,-1.89492],[30.2589,-1.89465],[30.25861,-1.89467],[30.25848,-1.89452]]]}},{"type":"Feature","properties":{"d":"Nyarugenge","s":"Gitega","c":"Kinyange"},"geometry":{"type":"Polygon","coordinates":[[[30.05863,-1.95888],[30.05851,-1.95886],[30.05849,-1.95883],[30.05846,-1.95882],[30.0581,-1.9589],[30.05785,-1.9589],[30.05773,-1.95892],[30.05746,-1.9589],[30.05733,-1.95889],[30.05644,-1.95903],[30.05631,-1.95908],[30.05628,-1.95914],[30.05627,-1.95913],[30.0556,-1.95917],[30.05547,-1.95917],[30.05526,-1.95921],[30.05576,-1.95993],[30.05582,-1.96016],[30.05587,-1.96051],[30.0559,-1.96102],[30.05602,-1.96122],[30.05658,-1.9613],[30.0572,-1.96123],[30.05735,-1.96118],[30.05759,-1.96114],[30.05801,-1.9611],[30.05804,-1.9611],[30.05801,-1.96119],[30.05798,-1.96142],[30.05786,-1.96169],[30.05804,-1.96175],[30.0582,-1.96177],[30.05862,-1.96212],[30.05862,-1.96216],[30.05874,-1.96222],[30.05884,-1.96225],[30.05883,-1.96231],[30.05884,-1.96233],[30.05887,-1.96234],[30.05885,-1.96239],[30.05889,-1.96242],[30.05885,-1.96251],[30.059,-1.96259],[30.059,-1.96261],[30.05907,-1.96268],[30.05907,-1.96272],[30.05909,-1.96274],[30.05943,-1.9628],[30.05947,-1.96281],[30.05957,-1.9629],[30.0596,-1.96296],[30.05983,-1.96303],[30.05986,-1.9629],[30.06011,-1.96273],[30.06014,-1.96245],[30.06003,-1.96214],[30.05999,-1.96193],[30.05995,-1.96112],[30.05994,-1.96103],[30.05961,-1.96016],[30.05944,-1.95969],[30.05915,-1.95893],[30.05898,-1.95897],[30.05886,-1.95897],[30.05874,-1.95894],[30.05863,-1.95888]]]}},{"type":"Feature","properties":{"d":"Nyarugenge","s":"Nyarugenge","c":"Kiyovu"},"geometry":{"type":"Polygon","coordinates":[[[30.06227,-1.94441],[30.06233,-1.94432],[30.06236,-1.94422],[30.06237,-1.94411],[30.06236,-1.944],[30.06232,-1.94389],[30.06226,-1.94379],[30.06218,-1.9437],[30.06209,-1.94364],[30.06196,-1.94358],[30.06182,-1.94358],[30.0617,-1.94323],[30.06157,-1.94295],[30.06127,-1.94251],[30.06075,-1.94186],[30.06026,-1.94151],[30.05995,-1.94143],[30.05961,-1.94132],[30.0593,-1.94125],[30.05891,-1.94122],[30.05863,-1.94126],[30.05834,-1.94134],[30.05789,-1.94149],[30.05766,-1.94157],[30.05692,-1.94195],[30.05651,-1.94219],[30.05615,-1.94241],[30.05573,-1.94299],[30.05515,-1.94423],[30.05475,-1.94499],[30.05464,-1.94516],[30.05455,-1.94558],[30.05457,-1.94567],[30.05465,-1.94631],[30.0547,-1.94644],[30.05475,-1.94659],[30.05497,-1.94701],[30.056,-1.94803],[30.0566,-1.9489],[30.0569,-1.94943],[30.05708,-1.94986],[30.05716,-1.95009],[30.05716,-1.9502],[30.05716,-1.95041],[30.05718,-1.9505],[30.05727,-1.95183],[30.05735,-1.95188],[30.05733,-1.95197],[30.05761,-1.95296],[30.05808,-1.95519],[30.05827,-1.95592],[30.05835,-1.95629],[30.05837,-1.95628],[30.05838,-1.95637],[30.05859,-1.95722],[30.05863,-1.95737],[30.05915,-1.95893],[30.05944,-1.95969],[30.05961,-1.96016],[30.05994,-1.96103],[30.05995,-1.96112],[30.05999,-1.96193],[30.06003,-1.96214],[30.06014,-1.96245],[30.06011,-1.96273],[30.06022,-1.9627],[30.06028,-1.96302],[30.06014,-1.96361],[30.06026,-1.96379],[30.06026,-1.96384],[30.06031,-1.96386],[30.06062,-1.96385],[30.06065,-1.96388],[30.06091,-1.96387],[30.06095,-1.96385],[30.06109,-1.96385],[30.06118,-1.96382],[30.06155,-1.9638],[30.06164,-1.96385],[30.06183,-1.96382],[30.06318,-1.96375],[30.06381,-1.96371],[30.06404,-1.96369],[30.06409,-1.96367],[30.06408,-1.96366],[30.06412,-1.96362],[30.06455,-1.96358],[30.06483,-1.96357],[30.06492,-1.96356],[30.06523,-1.96352],[30.06523,-1.96348],[30.06538,-1.96345],[30.0654,-1.96355],[30.06545,-1.96354],[30.06545,-1.96354],[30.06552,-1.96379],[30.06555,-1.96401],[30.06555,-1.96427],[30.06539,-1.96472],[30.06537,-1.96479],[30.06561,-1.96492],[30.06569,-1.96511],[30.06563,-1.96526],[30.06576,-1.96537],[30.06573,-1.96543],[30.06588,-1.96559],[30.06611,-1.96586],[30.06625,-1.96608],[30.06631,-1.96611],[30.06682,-1.9665],[30.06688,-1.96654],[30.06703,-1.96654],[30.06716,-1.96653],[30.06725,-1.96659],[30.06742,-1.96682],[30.0677,-1.96715],[30.06771,-1.96718],[30.06777,-1.96734],[30.06789,-1.96752],[30.06823,-1.96807],[30.06822,-1.96813],[30.06823,-1.96821],[30.06826,-1.96819],[30.06827,-1.96821],[30.06861,-1.9686],[30.06874,-1.96869],[30.06881,-1.96864],[30.06883,-1.96873],[30.06892,-1.96891],[30.06906,-1.96906],[30.06921,-1.96918],[30.06922,-1.96916],[30.06926,-1.96917],[30.06929,-1.96915],[30.06965,-1.96864],[30.07002,-1.96805],[30.07077,-1.96675],[30.071,-1.9663],[30.07128,-1.96582],[30.07139,-1.96553],[30.07139,-1.96507],[30.07144,-1.96422],[30.07141,-1.96397],[30.07143,-1.96304],[30.07141,-1.96299],[30.07133,-1.96289],[30.07124,-1.96257],[30.07132,-1.96182],[30.07144,-1.96146],[30.07144,-1.96108],[30.07147,-1.96098],[30.07149,-1.96071],[30.07149,-1.96056],[30.07152,-1.96043],[30.07151,-1.96039],[30.07147,-1.96035],[30.07145,-1.96027],[30.07148,-1.96014],[30.07142,-1.9599],[30.07142,-1.95978],[30.07148,-1.95962],[30.07149,-1.95951],[30.07157,-1.95928],[30.07157,-1.95907],[30.07164,-1.95882],[30.07191,-1.95832],[30.07214,-1.95795],[30.07214,-1.95793],[30.07213,-1.9579],[30.07216,-1.95793],[30.07223,-1.95795],[30.07234,-1.95769],[30.07284,-1.95701],[30.07303,-1.95679],[30.07358,-1.95629],[30.07378,-1.95619],[30.07397,-1.9561],[30.07437,-1.95598],[30.07436,-1.95588],[30.07436,-1.95576],[30.07441,-1.95569],[30.07429,-1.95558],[30.07385,-1.95491],[30.0737,-1.9544],[30.07367,-1.95428],[30.07365,-1.9536],[30.07353,-1.95253],[30.07339,-1.95201],[30.073,-1.95115],[30.07193,-1.94915],[30.07135,-1.94834],[30.07091,-1.94783],[30.07039,-1.94748],[30.07007,-1.94728],[30.06735,-1.94619],[30.06727,-1.94616],[30.06714,-1.94611],[30.06661,-1.94591],[30.06646,-1.94583],[30.06615,-1.94573],[30.06529,-1.94538],[30.0644,-1.94515],[30.0644,-1.94511],[30.06393,-1.94502],[30.06382,-1.94495],[30.06371,-1.94496],[30.06356,-1.94483],[30.06332,-1.94467],[30.06319,-1.94456],[30.06311,-1.94438],[30.06306,-1.94425],[30.06256,-1.94422],[30.06236,-1.9445],[30.06227,-1.94441]]]}},{"type":"Feature","properties":{"d":"Nyarugenge","s":"Gitega","c":"Kora"},"geometry":{"type":"Polygon","coordinates":[[[30.05233,-1.94927],[30.05207,-1.94915],[30.05201,-1.94906],[30.05197,-1.949],[30.05193,-1.94899],[30.05188,-1.9489],[30.05173,-1.94888],[30.05177,-1.94913],[30.05195,-1.94972],[30.0522,-1.95046],[30.05234,-1.95068],[30.05237,-1.95128],[30.05241,-1.95143],[30.05244,-1.95154],[30.05244,-1.95171],[30.05282,-1.95221],[30.05285,-1.95228],[30.05297,-1.95261],[30.05312,-1.95292],[30.0533,-1.95296],[30.05332,-1.95305],[30.05359,-1.95321],[30.05385,-1.95329],[30.05396,-1.95331],[30.05448,-1.95325],[30.0548,-1.95317],[30.05482,-1.9532],[30.05483,-1.9532],[30.05483,-1.95322],[30.05506,-1.9532],[30.05508,-1.95321],[30.05508,-1.95323],[30.05588,-1.95322],[30.05591,-1.95322],[30.05638,-1.95313],[30.05675,-1.95305],[30.05712,-1.95298],[30.05722,-1.95298],[30.05726,-1.953],[30.05744,-1.95299],[30.05751,-1.95297],[30.05761,-1.95296],[30.05733,-1.95197],[30.05735,-1.95188],[30.05727,-1.95183],[30.05718,-1.9505],[30.05716,-1.95041],[30.05716,-1.9502],[30.05716,-1.95009],[30.05708,-1.94986],[30.0569,-1.94943],[30.05687,-1.94946],[30.05683,-1.94945],[30.05657,-1.94954],[30.05654,-1.94956],[30.05628,-1.94963],[30.05613,-1.94949],[30.05573,-1.9493],[30.05567,-1.94926],[30.05557,-1.94922],[30.05531,-1.94916],[30.05517,-1.94917],[30.05515,-1.94924],[30.05399,-1.94916],[30.054,-1.94908],[30.0535,-1.94915],[30.05297,-1.94925],[30.05251,-1.9493],[30.05233,-1.94927]]]}},{"type":"Feature","properties":{"d":"Gasabo","s":"Ndera","c":"Masoro"},"geometry":{"type":"Polygon","coordinates":[[[30.14216,-1.93219],[30.14162,-1.93195],[30.14134,-1.93167],[30.14122,-1.93146],[30.14087,-1.93086],[30.14078,-1.93062],[30.1407,-1.93036],[30.14057,-1.9298],[30.14051,-1.92945],[30.14037,-1.92927],[30.1402,-1.92917],[30.13985,-1.92904],[30.13879,-1.92872],[30.13885,-1.92901],[30.13888,-1.92925],[30.13889,-1.9295],[30.13895,-1.92964],[30.13912,-1.92988],[30.13922,-1.93012],[30.13922,-1.93021],[30.13919,-1.93038],[30.13907,-1.93052],[30.13895,-1.93083],[30.13888,-1.93094],[30.13877,-1.93103],[30.13872,-1.9311],[30.13869,-1.93121],[30.13868,-1.93139],[30.13854,-1.9317],[30.13842,-1.93207],[30.13836,-1.93245],[30.13838,-1.93256],[30.13848,-1.93285],[30.13849,-1.93315],[30.13846,-1.93334],[30.13846,-1.93347],[30.13837,-1.93373],[30.13833,-1.93394],[30.13829,-1.93423],[30.1383,-1.93427],[30.13837,-1.93429],[30.13839,-1.93432],[30.1384,-1.93471],[30.13838,-1.93489],[30.13828,-1.93524],[30.13824,-1.93545],[30.13819,-1.93561],[30.138,-1.93606],[30.13792,-1.93633],[30.1379,-1.93652],[30.13783,-1.9366],[30.13775,-1.93701],[30.13779,-1.93703],[30.13779,-1.93704],[30.13774,-1.93733],[30.13783,-1.93791],[30.13784,-1.93813],[30.13781,-1.93842],[30.13812,-1.93897],[30.13832,-1.93922],[30.1385,-1.93977],[30.13861,-1.93977],[30.13864,-1.94],[30.13859,-1.94001],[30.13867,-1.94066],[30.13869,-1.94072],[30.13873,-1.94119],[30.13864,-1.94192],[30.1386,-1.94347],[30.13846,-1.94466],[30.13848,-1.94538],[30.13844,-1.94539],[30.13845,-1.94619],[30.13848,-1.94642],[30.13854,-1.94693],[30.13855,-1.94725],[30.13856,-1.94728],[30.13862,-1.94729],[30.13861,-1.94739],[30.13864,-1.94739],[30.13864,-1.94741],[30.13857,-1.9486],[30.13868,-1.94912],[30.13861,-1.94955],[30.13863,-1.95009],[30.13903,-1.95111],[30.13906,-1.95277],[30.1391,-1.95285],[30.1393,-1.95275],[30.13941,-1.95276],[30.14012,-1.95293],[30.1405,-1.95306],[30.14064,-1.95312],[30.14077,-1.9532],[30.1409,-1.95332],[30.14102,-1.95356],[30.14119,-1.95365],[30.14148,-1.95375],[30.14179,-1.95373],[30.14228,-1.95388],[30.14238,-1.95389],[30.14294,-1.95405],[30.14306,-1.95406],[30.14317,-1.95406],[30.14371,-1.95418],[30.14449,-1.95448],[30.14506,-1.95467],[30.14532,-1.95472],[30.14676,-1.95516],[30.14684,-1.95514],[30.14689,-1.95515],[30.14783,-1.95542],[30.14819,-1.95551],[30.14889,-1.95552],[30.14958,-1.95556],[30.14963,-1.95559],[30.14977,-1.95573],[30.15002,-1.95602],[30.15162,-1.95752],[30.15164,-1.9575],[30.15168,-1.9575],[30.15179,-1.9576],[30.15327,-1.95891],[30.15361,-1.95923],[30.1541,-1.95964],[30.15449,-1.96001],[30.15474,-1.96021],[30.15532,-1.96054],[30.15823,-1.96228],[30.15893,-1.96266],[30.15934,-1.96293],[30.16078,-1.96377],[30.16089,-1.96387],[30.16093,-1.96392],[30.16095,-1.96398],[30.16102,-1.96404],[30.16197,-1.96466],[30.16219,-1.96308],[30.16219,-1.96236],[30.16205,-1.9618],[30.16199,-1.96089],[30.162,-1.9609],[30.162,-1.96089],[30.162,-1.96028],[30.16208,-1.95995],[30.16215,-1.95979],[30.16245,-1.95916],[30.16258,-1.95884],[30.16267,-1.95854],[30.1627,-1.95833],[30.16277,-1.95817],[30.16277,-1.95799],[30.16283,-1.95768],[30.16297,-1.95745],[30.16306,-1.95709],[30.16318,-1.95653],[30.16319,-1.95635],[30.1632,-1.95618],[30.16318,-1.95555],[30.16322,-1.95514],[30.16323,-1.95481],[30.16325,-1.95465],[30.16329,-1.9545],[30.16339,-1.95422],[30.1636,-1.95353],[30.16367,-1.95322],[30.16379,-1.95297],[30.16381,-1.95266],[30.16391,-1.95218],[30.16401,-1.95184],[30.16419,-1.95139],[30.16424,-1.95121],[30.16426,-1.95104],[30.16422,-1.95095],[30.16428,-1.95052],[30.16445,-1.95002],[30.16448,-1.94978],[30.16446,-1.94974],[30.16442,-1.94964],[30.16446,-1.94953],[30.16423,-1.94965],[30.16427,-1.94883],[30.16437,-1.9484],[30.16417,-1.94786],[30.16335,-1.94696],[30.16286,-1.94625],[30.1625,-1.94588],[30.16248,-1.94589],[30.16244,-1.94588],[30.16167,-1.94517],[30.16153,-1.94506],[30.16137,-1.94491],[30.16038,-1.94426],[30.15988,-1.94376],[30.15947,-1.94323],[30.15943,-1.94317],[30.15883,-1.94276],[30.15878,-1.94271],[30.15859,-1.94259],[30.15764,-1.94189],[30.1572,-1.94167],[30.15702,-1.94156],[30.15612,-1.94093],[30.15568,-1.94061],[30.15558,-1.94052],[30.15546,-1.94046],[30.15508,-1.94017],[30.15483,-1.94001],[30.15472,-1.93989],[30.15469,-1.93983],[30.15467,-1.93974],[30.15468,-1.93945],[30.15473,-1.93918],[30.15475,-1.93895],[30.15474,-1.93886],[30.15471,-1.93879],[30.15465,-1.93878],[30.15434,-1.93891],[30.15382,-1.939],[30.15375,-1.93901],[30.15372,-1.93904],[30.15367,-1.93888],[30.15369,-1.93873],[30.15369,-1.93839],[30.15368,-1.93837],[30.15366,-1.93835],[30.15333,-1.93834],[30.15331,-1.93837],[30.15331,-1.93852],[30.1532,-1.93845],[30.15223,-1.93834],[30.15184,-1.93798],[30.1517,-1.9378],[30.15149,-1.93796],[30.15139,-1.93805],[30.14978,-1.93716],[30.1498,-1.9371],[30.14962,-1.93695],[30.14946,-1.9368],[30.14942,-1.9368],[30.14934,-1.93686],[30.14931,-1.9369],[30.14929,-1.93689],[30.14908,-1.93675],[30.1491,-1.93672],[30.14904,-1.93667],[30.14901,-1.9367],[30.14842,-1.93629],[30.14811,-1.93635],[30.14808,-1.93631],[30.148,-1.93633],[30.14792,-1.93638],[30.14774,-1.93642],[30.1475,-1.93619],[30.147,-1.93568],[30.14595,-1.93471],[30.14562,-1.93436],[30.14548,-1.93417],[30.14536,-1.93396],[30.14502,-1.93312],[30.14495,-1.933],[30.14487,-1.93291],[30.14475,-1.93275],[30.14462,-1.93262],[30.14393,-1.93214],[30.14381,-1.93207],[30.14367,-1.93202],[30.14354,-1.93198],[30.1434,-1.93197],[30.14335,-1.93197],[30.14302,-1.93205],[30.14277,-1.93209],[30.14255,-1.93222],[30.14216,-1.93219]]]}},{"type":"Feature","properties":{"d":"Nyarugenge","s":"Mageregere","c":"Mataba"},"geometry":{"type":"Polygon","coordinates":[[[30.06993,-2.01907],[30.06972,-2.01889],[30.06957,-2.01878],[30.06921,-2.0186],[30.069,-2.01845],[30.06893,-2.01845],[30.06888,-2.0185],[30.06886,-2.01871],[30.06899,-2.01907],[30.06897,-2.01915],[30.06891,-2.01909],[30.06858,-2.01916],[30.06768,-2.01941],[30.06695,-2.01954],[30.06676,-2.01955],[30.06658,-2.01943],[30.06629,-2.01929],[30.06606,-2.01908],[30.06603,-2.01907],[30.06597,-2.01911],[30.06595,-2.01948],[30.06593,-2.01983],[30.06579,-2.02068],[30.0658,-2.02069],[30.06578,-2.02074],[30.06573,-2.02105],[30.06529,-2.02114],[30.0647,-2.02117],[30.0641,-2.02144],[30.06347,-2.02199],[30.06277,-2.02304],[30.06235,-2.02338],[30.06221,-2.02349],[30.06214,-2.02354],[30.06146,-2.02386],[30.06125,-2.02398],[30.06058,-2.02437],[30.05979,-2.02489],[30.05904,-2.02553],[30.05859,-2.02596],[30.05837,-2.02614],[30.05789,-2.02633],[30.05739,-2.02664],[30.05645,-2.02736],[30.0563,-2.02747],[30.05507,-2.0282],[30.05489,-2.02836],[30.05465,-2.02866],[30.05444,-2.02894],[30.05423,-2.02915],[30.05397,-2.02924],[30.05384,-2.0293],[30.05352,-2.0297],[30.05345,-2.0299],[30.05343,-2.03016],[30.05346,-2.03041],[30.05347,-2.03043],[30.05364,-2.03068],[30.05375,-2.0308],[30.05379,-2.0309],[30.0538,-2.03111],[30.05389,-2.03164],[30.05394,-2.03182],[30.05393,-2.03183],[30.05396,-2.03195],[30.05398,-2.03195],[30.05402,-2.03217],[30.05401,-2.03238],[30.05405,-2.03287],[30.05407,-2.03289],[30.05391,-2.03307],[30.05365,-2.0334],[30.05343,-2.03374],[30.0537,-2.03398],[30.05397,-2.03411],[30.05418,-2.03424],[30.05418,-2.03421],[30.05528,-2.03441],[30.05545,-2.03539],[30.05549,-2.03546],[30.05573,-2.03575],[30.05596,-2.03594],[30.05635,-2.03613],[30.05649,-2.03616],[30.05667,-2.03617],[30.05768,-2.03598],[30.05782,-2.03602],[30.05804,-2.03627],[30.05903,-2.03686],[30.05956,-2.0375],[30.06138,-2.03882],[30.06265,-2.03972],[30.0634,-2.04044],[30.06528,-2.0425],[30.06574,-2.04316],[30.06665,-2.04422],[30.06685,-2.04453],[30.06744,-2.04546],[30.06773,-2.04606],[30.06775,-2.04606],[30.06775,-2.0461],[30.06781,-2.04627],[30.06782,-2.04616],[30.06815,-2.04622],[30.06833,-2.04677],[30.06853,-2.04716],[30.06857,-2.04715],[30.06851,-2.04781],[30.06856,-2.048],[30.06865,-2.04801],[30.0686,-2.04837],[30.06866,-2.04911],[30.06833,-2.05054],[30.06799,-2.05179],[30.06747,-2.05245],[30.06681,-2.05311],[30.06556,-2.05437],[30.06518,-2.05462],[30.06467,-2.05474],[30.06435,-2.05495],[30.06404,-2.05567],[30.06372,-2.05581],[30.06287,-2.05627],[30.06205,-2.05697],[30.06113,-2.05789],[30.06013,-2.05831],[30.05904,-2.05906],[30.05794,-2.05961],[30.05795,-2.05966],[30.05792,-2.05965],[30.05786,-2.06052],[30.05724,-2.0616],[30.05659,-2.06228],[30.05618,-2.06283],[30.05452,-2.06338],[30.05422,-2.06362],[30.05448,-2.06454],[30.05511,-2.06541],[30.05566,-2.06596],[30.05628,-2.06603],[30.06139,-2.0664],[30.06229,-2.0667],[30.06272,-2.06719],[30.06302,-2.06913],[30.06336,-2.07],[30.0637,-2.07052],[30.06456,-2.07098],[30.06454,-2.07107],[30.06465,-2.07108],[30.06504,-2.07124],[30.06618,-2.07142],[30.06623,-2.07139],[30.06656,-2.0712],[30.06746,-2.0703],[30.06806,-2.06874],[30.06846,-2.06837],[30.06856,-2.06831],[30.06881,-2.06828],[30.06911,-2.06829],[30.07046,-2.06874],[30.07142,-2.06851],[30.07186,-2.06811],[30.07231,-2.06755],[30.07261,-2.06703],[30.07227,-2.06506],[30.0724,-2.0644],[30.07307,-2.06421],[30.07336,-2.06423],[30.07483,-2.06456],[30.07563,-2.06461],[30.0758,-2.06472],[30.07556,-2.0658],[30.07551,-2.06692],[30.07553,-2.06698],[30.07555,-2.06716],[30.07577,-2.06814],[30.07635,-2.069],[30.07643,-2.06906],[30.07657,-2.06925],[30.07664,-2.06925],[30.07688,-2.06925],[30.07769,-2.06847],[30.07796,-2.0681],[30.07833,-2.06709],[30.07835,-2.06634],[30.0781,-2.06527],[30.07766,-2.06422],[30.0776,-2.06392],[30.07778,-2.06343],[30.07834,-2.0631],[30.0791,-2.0624],[30.07957,-2.06227],[30.07981,-2.06239],[30.08039,-2.06299],[30.08077,-2.06395],[30.08164,-2.06479],[30.08259,-2.06403],[30.08304,-2.0632],[30.08306,-2.06319],[30.08385,-2.06296],[30.0843,-2.06293],[30.08442,-2.0629],[30.08457,-2.06283],[30.08611,-2.06264],[30.08623,-2.06261],[30.08623,-2.06259],[30.08681,-2.06248],[30.08669,-2.06183],[30.08667,-2.06152],[30.08662,-2.06138],[30.08666,-2.06081],[30.08683,-2.0602],[30.08672,-2.06017],[30.08663,-2.06012],[30.0862,-2.06004],[30.08603,-2.05998],[30.0854,-2.05982],[30.08491,-2.05971],[30.08414,-2.05949],[30.08362,-2.0587],[30.08341,-2.05833],[30.08325,-2.05812],[30.08281,-2.05779],[30.08223,-2.05732],[30.08224,-2.05728],[30.0823,-2.05721],[30.08238,-2.05483],[30.08187,-2.05265],[30.08178,-2.05193],[30.08186,-2.05174],[30.08212,-2.05166],[30.08224,-2.05107],[30.08227,-2.05074],[30.08229,-2.05024],[30.08228,-2.05019],[30.08225,-2.05015],[30.08224,-2.05005],[30.0823,-2.04998],[30.08226,-2.04975],[30.08224,-2.04968],[30.08221,-2.04965],[30.0822,-2.04957],[30.08216,-2.04947],[30.08218,-2.04934],[30.08224,-2.04928],[30.08224,-2.049],[30.08215,-2.04898],[30.08212,-2.04894],[30.08214,-2.04894],[30.08206,-2.04819],[30.08213,-2.04733],[30.0819,-2.04666],[30.08185,-2.04664],[30.0818,-2.04656],[30.08176,-2.04634],[30.08171,-2.04628],[30.08173,-2.04613],[30.08159,-2.04537],[30.08157,-2.04534],[30.08157,-2.04525],[30.08153,-2.04501],[30.08148,-2.04494],[30.0814,-2.04487],[30.08139,-2.04484],[30.08139,-2.04479],[30.08141,-2.04475],[30.08143,-2.04472],[30.08147,-2.0447],[30.0814,-2.04435],[30.08139,-2.04355],[30.0814,-2.04343],[30.08138,-2.0431],[30.08139,-2.04304],[30.08139,-2.04282],[30.08143,-2.04262],[30.08137,-2.04252],[30.08141,-2.04239],[30.08143,-2.04215],[30.08146,-2.04197],[30.08147,-2.04139],[30.08153,-2.04088],[30.08157,-2.04064],[30.08168,-2.0403],[30.0817,-2.04014],[30.08154,-2.04013],[30.08152,-2.0401],[30.08147,-2.04008],[30.08145,-2.04016],[30.08146,-2.04049],[30.08142,-2.04053],[30.08137,-2.04054],[30.08134,-2.04053],[30.08111,-2.03996],[30.0811,-2.03989],[30.08054,-2.03914],[30.08042,-2.03903],[30.07993,-2.03852],[30.07938,-2.03812],[30.07937,-2.03808],[30.07935,-2.03806],[30.07931,-2.03807],[30.07915,-2.03795],[30.07907,-2.03763],[30.07898,-2.03709],[30.07845,-2.03582],[30.07833,-2.03544],[30.07841,-2.03418],[30.07833,-2.03332],[30.07829,-2.03285],[30.07835,-2.0318],[30.0783,-2.03173],[30.07786,-2.03114],[30.0775,-2.03096],[30.07716,-2.03062],[30.07694,-2.03065],[30.07691,-2.03065],[30.07683,-2.03052],[30.0765,-2.03036],[30.07656,-2.03006],[30.07638,-2.03002],[30.07637,-2.03013],[30.07526,-2.02944],[30.0749,-2.02909],[30.07429,-2.0283],[30.07398,-2.02767],[30.07411,-2.02755],[30.07399,-2.02757],[30.07401,-2.0271],[30.07385,-2.0271],[30.07401,-2.02665],[30.07406,-2.02612],[30.07419,-2.02611],[30.07377,-2.02475],[30.07374,-2.02447],[30.07369,-2.02398],[30.07365,-2.02382],[30.07346,-2.02356],[30.07332,-2.02319],[30.07325,-2.02275],[30.07305,-2.02196],[30.07296,-2.02147],[30.07286,-2.02121],[30.07264,-2.02097],[30.07248,-2.02093],[30.07228,-2.0208],[30.07216,-2.02062],[30.07188,-2.02033],[30.07167,-2.02019],[30.07142,-2.02011],[30.07103,-2.01983],[30.07062,-2.01958],[30.07042,-2.01942],[30.07036,-2.0194],[30.07008,-2.01917],[30.06993,-2.01907]]]}},{"type":"Feature","properties":{"d":"Kicukiro","s":"Masaka","c":"Mbabe"},"geometry":{"type":"Polygon","coordinates":[[[30.18738,-2.00947],[30.1871,-2.00933],[30.18687,-2.00974],[30.18613,-2.01033],[30.18518,-2.0101],[30.18321,-2.01118],[30.18069,-2.0119],[30.17673,-2.01388],[30.17425,-2.01496],[30.17386,-2.01514],[30.16756,-2.01837],[30.16469,-2.01855],[30.16293,-2.01926],[30.16212,-2.02007],[30.16208,-2.02006],[30.16205,-2.02011],[30.1619,-2.02068],[30.16186,-2.02101],[30.16162,-2.02376],[30.1614,-2.02556],[30.16128,-2.02688],[30.16128,-2.02803],[30.16137,-2.02856],[30.16143,-2.02858],[30.16144,-2.02862],[30.16176,-2.0285],[30.16178,-2.02859],[30.16233,-2.0295],[30.16243,-2.02947],[30.16275,-2.02978],[30.16302,-2.03023],[30.16322,-2.03085],[30.16318,-2.03157],[30.16341,-2.03243],[30.16387,-2.03315],[30.16458,-2.03369],[30.16559,-2.03388],[30.16615,-2.03374],[30.16654,-2.03331],[30.16661,-2.03284],[30.16647,-2.03035],[30.16667,-2.03005],[30.1673,-2.02993],[30.16824,-2.03011],[30.17002,-2.03065],[30.17117,-2.03114],[30.17195,-2.03131],[30.17213,-2.03123],[30.17214,-2.03103],[30.17163,-2.02978],[30.17175,-2.02911],[30.17215,-2.02843],[30.17258,-2.02823],[30.17302,-2.02826],[30.17349,-2.02858],[30.17483,-2.03062],[30.17503,-2.03129],[30.17518,-2.03189],[30.17522,-2.03255],[30.17511,-2.03464],[30.17537,-2.03519],[30.17665,-2.03565],[30.17825,-2.03596],[30.17876,-2.03574],[30.17891,-2.03549],[30.17894,-2.03519],[30.17868,-2.03349],[30.17902,-2.03302],[30.17923,-2.03292],[30.18099,-2.03362],[30.18119,-2.03391],[30.18139,-2.03535],[30.18166,-2.03586],[30.18225,-2.03596],[30.18246,-2.03602],[30.18308,-2.03524],[30.18384,-2.03355],[30.18403,-2.0327],[30.18448,-2.03165],[30.18489,-2.03092],[30.18587,-2.03019],[30.18717,-2.02867],[30.18743,-2.0283],[30.18784,-2.02729],[30.18769,-2.0267],[30.18839,-2.02602],[30.18886,-2.02576],[30.18882,-2.02524],[30.18875,-2.02501],[30.18872,-2.02454],[30.18873,-2.02453],[30.18871,-2.02449],[30.18817,-2.02459],[30.18808,-2.02404],[30.18802,-2.02372],[30.18801,-2.02372],[30.18795,-2.02317],[30.18788,-2.02287],[30.18771,-2.02182],[30.18771,-2.02179],[30.18788,-2.02177],[30.18869,-2.02169],[30.18924,-2.02161],[30.18968,-2.02157],[30.19059,-2.02144],[30.19049,-2.02089],[30.19044,-2.02043],[30.19034,-2.02005],[30.19036,-2.02005],[30.19034,-2.01991],[30.1902,-2.01921],[30.19009,-2.01847],[30.19044,-2.01839],[30.19113,-2.01829],[30.19149,-2.01827],[30.19164,-2.01822],[30.19196,-2.01815],[30.19251,-2.0181],[30.19294,-2.01815],[30.1932,-2.01825],[30.19329,-2.0183],[30.19349,-2.01839],[30.19369,-2.01852],[30.1939,-2.01867],[30.19432,-2.01905],[30.19434,-2.01906],[30.19433,-2.01903],[30.19444,-2.01914],[30.19464,-2.01936],[30.19512,-2.02011],[30.19519,-2.02023],[30.19551,-2.02019],[30.19625,-2.02023],[30.19621,-2.02048],[30.19624,-2.02062],[30.1963,-2.021],[30.19627,-2.02133],[30.19623,-2.02164],[30.19623,-2.02224],[30.19627,-2.02246],[30.19638,-2.02284],[30.19642,-2.02324],[30.19646,-2.02321],[30.19713,-2.0231],[30.19718,-2.02307],[30.19732,-2.02308],[30.19797,-2.02302],[30.19848,-2.02295],[30.19917,-2.02283],[30.19918,-2.02314],[30.19921,-2.02333],[30.1994,-2.02393],[30.19942,-2.02403],[30.19945,-2.02438],[30.19951,-2.0245],[30.19967,-2.02467],[30.1997,-2.02466],[30.20029,-2.02534],[30.20072,-2.0258],[30.20073,-2.0261],[30.2007,-2.02645],[30.2007,-2.02749],[30.20068,-2.02771],[30.20065,-2.02795],[30.20044,-2.02882],[30.2004,-2.02897],[30.20033,-2.02902],[30.20011,-2.02979],[30.20011,-2.02978],[30.20082,-2.02982],[30.20099,-2.02985],[30.20227,-2.02985],[30.20246,-2.02984],[30.20346,-2.02987],[30.20383,-2.02986],[30.20421,-2.02989],[30.20479,-2.02989],[30.20503,-2.02991],[30.2055,-2.0299],[30.20599,-2.0299],[30.2063,-2.02992],[30.2067,-2.02992],[30.20679,-2.02991],[30.2072,-2.02978],[30.20745,-2.02974],[30.20769,-2.02973],[30.20771,-2.02958],[30.20836,-2.02951],[30.20853,-2.02954],[30.20921,-2.02965],[30.20954,-2.02973],[30.20968,-2.02986],[30.21043,-2.03086],[30.21051,-2.03099],[30.21105,-2.03174],[30.21107,-2.03181],[30.21104,-2.03199],[30.2112,-2.03213],[30.21129,-2.03218],[30.21136,-2.03226],[30.21141,-2.03232],[30.21145,-2.03233],[30.21164,-2.03251],[30.21185,-2.03268],[30.21199,-2.03284],[30.2122,-2.03296],[30.2128,-2.03304],[30.21314,-2.03341],[30.21334,-2.03351],[30.21347,-2.03373],[30.21354,-2.0341],[30.21372,-2.03437],[30.21376,-2.03439],[30.21386,-2.03436],[30.21382,-2.0348],[30.21483,-2.03482],[30.21547,-2.03529],[30.2157,-2.03511],[30.21615,-2.03476],[30.21643,-2.03436],[30.21656,-2.03376],[30.21668,-2.03352],[30.21665,-2.03335],[30.21616,-2.03292],[30.21549,-2.03263],[30.21507,-2.03219],[30.21495,-2.03203],[30.21486,-2.03186],[30.21493,-2.03181],[30.21504,-2.03178],[30.21487,-2.03136],[30.21454,-2.03069],[30.21455,-2.03064],[30.21454,-2.03061],[30.21451,-2.03058],[30.21449,-2.03058],[30.21441,-2.03039],[30.2143,-2.03021],[30.21432,-2.0302],[30.21412,-2.02981],[30.21408,-2.02969],[30.21393,-2.02947],[30.21398,-2.02944],[30.21389,-2.02926],[30.21382,-2.02904],[30.21374,-2.02887],[30.2137,-2.02855],[30.21368,-2.02848],[30.21345,-2.02851],[30.21344,-2.02823],[30.21351,-2.02743],[30.21353,-2.02711],[30.21357,-2.02703],[30.21354,-2.02694],[30.21358,-2.02613],[30.2135,-2.02574],[30.21353,-2.02575],[30.21357,-2.0257],[30.21356,-2.02543],[30.21367,-2.025],[30.21362,-2.02377],[30.21369,-2.02363],[30.21383,-2.02363],[30.21385,-2.02347],[30.21388,-2.0234],[30.21381,-2.0229],[30.21367,-2.02161],[30.21351,-2.02058],[30.21339,-2.01921],[30.2133,-2.01834],[30.21324,-2.01802],[30.2131,-2.01641],[30.21306,-2.01617],[30.21307,-2.01612],[30.21284,-2.01432],[30.21266,-2.01312],[30.21263,-2.01263],[30.21263,-2.01257],[30.21267,-2.01254],[30.21268,-2.01249],[30.21263,-2.01214],[30.21259,-2.01193],[30.21249,-2.01076],[30.21231,-2.01077],[30.21231,-2.01063],[30.2123,-2.01059],[30.21227,-2.01059],[30.2122,-2.01008],[30.21216,-2.01009],[30.21188,-2.0104],[30.21128,-2.01055],[30.21091,-2.01055],[30.21011,-2.01042],[30.21007,-2.01036],[30.20973,-2.01065],[30.20969,-2.01067],[30.20957,-2.01068],[30.20967,-2.01086],[30.20976,-2.01095],[30.21003,-2.01117],[30.21011,-2.01122],[30.21002,-2.01146],[30.20998,-2.01162],[30.20992,-2.01165],[30.20978,-2.01166],[30.2097,-2.01171],[30.20968,-2.01172],[30.20953,-2.01173],[30.20938,-2.01171],[30.20919,-2.01173],[30.20911,-2.01175],[30.2089,-2.01185],[30.20863,-2.0119],[30.20836,-2.012],[30.2082,-2.01204],[30.20812,-2.01204],[30.20801,-2.01196],[30.20788,-2.01195],[30.20763,-2.01199],[30.20742,-2.01199],[30.20729,-2.01206],[30.20718,-2.01207],[30.20671,-2.0121],[30.20635,-2.01208],[30.206,-2.01212],[30.20584,-2.01211],[30.20579,-2.01211],[30.20557,-2.01201],[30.20544,-2.012],[30.20527,-2.01206],[30.20483,-2.01218],[30.20466,-2.01227],[30.20453,-2.01231],[30.20446,-2.01232],[30.20412,-2.01235],[30.2038,-2.01245],[30.20343,-2.01254],[30.20334,-2.01255],[30.20319,-2.01254],[30.2029,-2.01247],[30.20245,-2.01246],[30.20225,-2.01239],[30.20207,-2.01237],[30.20172,-2.01227],[30.20157,-2.01226],[30.2014,-2.01227],[30.20129,-2.01231],[30.20102,-2.01228],[30.19992,-2.01239],[30.19601,-2.01148],[30.19573,-2.01131],[30.19566,-2.01127],[30.19552,-2.01134],[30.19145,-2.00977],[30.19044,-2.00954],[30.18869,-2.0095],[30.18846,-2.00953],[30.18751,-2.00966],[30.18738,-2.00947]]]}},{"type":"Feature","properties":{"d":"Gasabo","s":"Rusororo","c":"Mbandazi"},"geometry":{"type":"Polygon","coordinates":[[[30.22402,-1.89733],[30.22379,-1.89729],[30.22345,-1.89719],[30.22252,-1.89686],[30.22225,-1.89679],[30.22203,-1.89674],[30.22164,-1.89659],[30.22126,-1.89651],[30.22057,-1.89647],[30.22002,-1.89645],[30.21941,-1.89638],[30.21922,-1.89638],[30.21888,-1.8964],[30.21858,-1.89661],[30.21851,-1.89674],[30.21839,-1.89686],[30.21806,-1.89728],[30.2177,-1.8978],[30.2175,-1.89803],[30.2174,-1.89817],[30.21726,-1.8983],[30.21712,-1.89842],[30.21704,-1.89847],[30.21691,-1.89851],[30.21674,-1.89851],[30.21636,-1.89831],[30.2162,-1.89825],[30.21599,-1.8982],[30.21577,-1.89819],[30.21548,-1.89822],[30.21528,-1.89827],[30.21514,-1.89833],[30.21511,-1.89838],[30.21514,-1.89952],[30.21516,-1.89956],[30.21538,-1.89966],[30.2154,-1.89969],[30.21513,-1.90016],[30.21484,-1.90052],[30.21458,-1.90082],[30.21444,-1.90102],[30.2141,-1.9014],[30.21406,-1.90143],[30.21406,-1.90142],[30.21389,-1.90158],[30.21343,-1.90187],[30.21315,-1.90201],[30.21303,-1.90211],[30.21243,-1.90251],[30.21215,-1.90275],[30.21204,-1.90289],[30.212,-1.90307],[30.21195,-1.90315],[30.21159,-1.90343],[30.21151,-1.90346],[30.2114,-1.90362],[30.21136,-1.9037],[30.21128,-1.90374],[30.21115,-1.90388],[30.21108,-1.90392],[30.21094,-1.90411],[30.21078,-1.90421],[30.21057,-1.90447],[30.21041,-1.90464],[30.2098,-1.90488],[30.20939,-1.90514],[30.20935,-1.90523],[30.20931,-1.90535],[30.20929,-1.90561],[30.20925,-1.9058],[30.20926,-1.90606],[30.20922,-1.90648],[30.20915,-1.90665],[30.20896,-1.90692],[30.20885,-1.90722],[30.20872,-1.90756],[30.20844,-1.90776],[30.20791,-1.90839],[30.20776,-1.90879],[30.20775,-1.90935],[30.20753,-1.90967],[30.2075,-1.90979],[30.20752,-1.90983],[30.20763,-1.90996],[30.20768,-1.91005],[30.20777,-1.91032],[30.20779,-1.91046],[30.2079,-1.91085],[30.20805,-1.91116],[30.20821,-1.912],[30.2082,-1.91205],[30.20815,-1.91211],[30.20808,-1.91226],[30.20805,-1.91255],[30.20809,-1.91288],[30.20808,-1.91327],[30.20813,-1.91348],[30.2081,-1.91385],[30.20807,-1.914],[30.20797,-1.9143],[30.20797,-1.91452],[30.20794,-1.91467],[30.20787,-1.91478],[30.20784,-1.91489],[30.20782,-1.915],[30.20783,-1.91508],[30.20787,-1.91527],[30.20806,-1.91561],[30.20807,-1.91587],[30.20809,-1.91602],[30.20814,-1.91619],[30.2082,-1.9163],[30.20825,-1.91642],[30.20828,-1.91662],[30.20842,-1.91682],[30.20846,-1.9169],[30.20851,-1.91715],[30.20858,-1.91736],[30.20855,-1.91745],[30.2084,-1.91765],[30.20838,-1.91772],[30.20838,-1.91776],[30.20856,-1.91796],[30.20883,-1.91818],[30.20908,-1.91846],[30.20925,-1.91876],[30.20932,-1.91899],[30.20938,-1.91911],[30.20947,-1.91967],[30.20951,-1.91977],[30.2095,-1.91984],[30.20956,-1.92009],[30.20959,-1.92017],[30.20954,-1.92025],[30.20953,-1.92029],[30.20965,-1.92054],[30.20979,-1.92111],[30.20987,-1.92164],[30.20987,-1.92195],[30.20991,-1.92208],[30.20992,-1.9222],[30.20998,-1.9225],[30.21012,-1.92276],[30.21066,-1.92334],[30.21086,-1.92365],[30.21099,-1.92379],[30.21125,-1.9241],[30.21138,-1.92432],[30.21172,-1.92483],[30.21193,-1.92504],[30.21208,-1.92513],[30.21235,-1.92534],[30.21236,-1.92533],[30.21351,-1.92613],[30.21438,-1.92674],[30.21504,-1.92704],[30.21539,-1.92733],[30.21601,-1.92832],[30.21608,-1.9284],[30.21637,-1.92875],[30.21689,-1.92906],[30.21766,-1.92926],[30.21806,-1.92929],[30.21826,-1.92933],[30.21928,-1.92965],[30.21966,-1.92999],[30.22005,-1.93033],[30.22039,-1.93119],[30.22067,-1.93278],[30.22121,-1.93603],[30.22191,-1.93701],[30.22403,-1.93959],[30.22633,-1.94329],[30.22662,-1.94519],[30.22668,-1.94635],[30.22722,-1.94796],[30.22834,-1.95018],[30.22901,-1.95151],[30.22944,-1.95217],[30.22959,-1.95234],[30.2297,-1.95254],[30.23018,-1.9532],[30.23035,-1.95347],[30.23054,-1.95376],[30.23074,-1.95412],[30.23102,-1.95448],[30.23139,-1.95503],[30.23158,-1.95528],[30.23192,-1.95582],[30.23241,-1.95653],[30.23256,-1.95678],[30.23264,-1.95688],[30.23268,-1.95696],[30.23312,-1.95759],[30.23387,-1.95877],[30.23525,-1.96039],[30.23664,-1.95927],[30.2368,-1.95916],[30.23746,-1.95869],[30.23928,-1.95727],[30.24058,-1.95645],[30.23965,-1.95458],[30.23963,-1.95418],[30.23986,-1.95303],[30.23987,-1.95057],[30.23987,-1.95044],[30.23913,-1.94752],[30.23775,-1.94207],[30.23807,-1.94078],[30.23808,-1.94063],[30.23798,-1.94037],[30.23731,-1.93908],[30.23704,-1.93858],[30.23626,-1.9375],[30.23418,-1.93613],[30.23267,-1.93403],[30.2325,-1.93386],[30.23179,-1.93314],[30.23116,-1.93229],[30.2307,-1.931],[30.23049,-1.92956],[30.23038,-1.929],[30.22994,-1.92682],[30.22963,-1.92603],[30.22956,-1.92559],[30.22909,-1.92415],[30.22928,-1.92344],[30.22964,-1.9225],[30.23012,-1.92109],[30.23044,-1.91986],[30.23046,-1.91974],[30.23049,-1.91849],[30.23053,-1.91768],[30.23055,-1.91752],[30.23073,-1.9171],[30.2308,-1.91692],[30.23093,-1.91671],[30.2311,-1.91637],[30.23128,-1.91609],[30.23143,-1.91578],[30.23188,-1.91512],[30.23206,-1.91489],[30.23252,-1.91419],[30.23253,-1.91419],[30.23214,-1.914],[30.232,-1.91397],[30.23179,-1.91396],[30.23174,-1.91385],[30.2317,-1.91379],[30.23172,-1.91369],[30.23176,-1.91358],[30.23178,-1.91337],[30.23187,-1.91316],[30.23187,-1.91313],[30.23186,-1.91308],[30.23181,-1.913],[30.23174,-1.91285],[30.23173,-1.9128],[30.23174,-1.91272],[30.23173,-1.91261],[30.23165,-1.91226],[30.23163,-1.91215],[30.23149,-1.91177],[30.23148,-1.91178],[30.23125,-1.91142],[30.23103,-1.9111],[30.23069,-1.91068],[30.23039,-1.91013],[30.23032,-1.91004],[30.23026,-1.90984],[30.23011,-1.90959],[30.23007,-1.90962],[30.23005,-1.90952],[30.23002,-1.90919],[30.23002,-1.90891],[30.23,-1.90872],[30.22997,-1.90861],[30.22988,-1.90848],[30.22986,-1.90836],[30.22988,-1.90825],[30.22987,-1.90805],[30.2299,-1.90795],[30.22989,-1.9077],[30.22992,-1.90752],[30.22982,-1.90739],[30.2297,-1.90704],[30.22958,-1.90678],[30.22949,-1.90639],[30.22934,-1.90613],[30.22929,-1.90573],[30.22929,-1.90556],[30.22927,-1.90552],[30.22922,-1.9055],[30.22911,-1.90538],[30.22901,-1.90512],[30.22903,-1.90501],[30.22925,-1.90443],[30.22928,-1.90417],[30.22928,-1.90409],[30.22924,-1.90401],[30.2293,-1.90396],[30.22939,-1.90397],[30.22932,-1.90352],[30.22918,-1.90306],[30.22915,-1.90291],[30.22914,-1.90271],[30.22918,-1.9026],[30.22899,-1.90252],[30.2286,-1.90248],[30.2285,-1.90218],[30.22845,-1.9021],[30.22847,-1.90205],[30.2285,-1.90144],[30.22821,-1.89999],[30.22826,-1.89975],[30.22884,-1.89873],[30.22973,-1.89793],[30.2292,-1.89779],[30.22788,-1.89736],[30.2278,-1.89732],[30.22716,-1.8972],[30.22681,-1.89717],[30.22493,-1.8973],[30.22424,-1.89733],[30.22402,-1.89733]]]}},{"type":"Feature","properties":{"d":"Gasabo","s":"Jali","c":"Muko"},"geometry":{"type":"Polygon","coordinates":[[[29.99507,-1.86188],[29.99399,-1.86115],[29.99356,-1.86096],[29.99333,-1.86065],[29.99312,-1.86049],[29.99277,-1.86032],[29.99249,-1.86029],[29.99135,-1.85988],[29.99134,-1.85989],[29.99132,-1.85992],[29.99123,-1.85992],[29.99115,-1.85996],[29.99109,-1.86006],[29.99106,-1.86029],[29.99103,-1.86039],[29.99098,-1.86071],[29.99093,-1.86087],[29.99089,-1.86091],[29.99078,-1.861],[29.99064,-1.86117],[29.99061,-1.86123],[29.99061,-1.86127],[29.9907,-1.86142],[29.99071,-1.86151],[29.99066,-1.86173],[29.99062,-1.86206],[29.9906,-1.86208],[29.99057,-1.86207],[29.99051,-1.86201],[29.99041,-1.86194],[29.99034,-1.86195],[29.99025,-1.86203],[29.99025,-1.86214],[29.99029,-1.86225],[29.99034,-1.86232],[29.99043,-1.86237],[29.99074,-1.86239],[29.99077,-1.8624],[29.99078,-1.86244],[29.99076,-1.86247],[29.99067,-1.86253],[29.99043,-1.86264],[29.99033,-1.86274],[29.99034,-1.86285],[29.99047,-1.86299],[29.99048,-1.86302],[29.99023,-1.86338],[29.99008,-1.86353],[29.99006,-1.86358],[29.99011,-1.86368],[29.99008,-1.86371],[29.99008,-1.86376],[29.99023,-1.86395],[29.99022,-1.86405],[29.99009,-1.86423],[29.98997,-1.86433],[29.98991,-1.86441],[29.98981,-1.8647],[29.98978,-1.86477],[29.98973,-1.86506],[29.98951,-1.86537],[29.98934,-1.86549],[29.98929,-1.86557],[29.98914,-1.86571],[29.98903,-1.86597],[29.98904,-1.86607],[29.98917,-1.86639],[29.98924,-1.86652],[29.98931,-1.86662],[29.98956,-1.86689],[29.98962,-1.86698],[29.98968,-1.86713],[29.9897,-1.86723],[29.98969,-1.86726],[29.98968,-1.86727],[29.98967,-1.86757],[29.98965,-1.86764],[29.98952,-1.86788],[29.98949,-1.86797],[29.98929,-1.86833],[29.98925,-1.86851],[29.98925,-1.86862],[29.98927,-1.86869],[29.98938,-1.86877],[29.98944,-1.86878],[29.98953,-1.86878],[29.98964,-1.86882],[29.98967,-1.86884],[29.9897,-1.8689],[29.98969,-1.86897],[29.98964,-1.86903],[29.98943,-1.86916],[29.98943,-1.86922],[29.98946,-1.86927],[29.98956,-1.86934],[29.98981,-1.86938],[29.98998,-1.86942],[29.99013,-1.86944],[29.9903,-1.86942],[29.99045,-1.86945],[29.99066,-1.86954],[29.99071,-1.8696],[29.99081,-1.86974],[29.99105,-1.8705],[29.99116,-1.8707],[29.99127,-1.87101],[29.99131,-1.87121],[29.99132,-1.87184],[29.99137,-1.87192],[29.99159,-1.87208],[29.99169,-1.872],[29.99183,-1.87205],[29.99184,-1.87212],[29.99183,-1.87226],[29.99184,-1.87232],[29.99216,-1.87257],[29.99237,-1.87263],[29.99253,-1.87244],[29.9926,-1.87248],[29.99271,-1.87261],[29.99273,-1.87271],[29.99274,-1.87297],[29.99277,-1.87306],[29.99284,-1.87316],[29.99287,-1.87335],[29.99291,-1.8735],[29.99295,-1.87353],[29.99321,-1.87355],[29.99323,-1.87357],[29.99339,-1.8739],[29.9934,-1.87398],[29.99322,-1.87426],[29.993,-1.87453],[29.993,-1.8746],[29.99304,-1.87464],[29.99311,-1.87466],[29.99314,-1.87469],[29.99342,-1.87466],[29.99347,-1.87473],[29.99338,-1.87489],[29.99324,-1.87496],[29.99323,-1.87503],[29.9932,-1.87505],[29.99318,-1.87526],[29.99323,-1.87533],[29.99339,-1.87545],[29.99356,-1.87568],[29.99358,-1.87593],[29.99362,-1.87613],[29.99356,-1.87628],[29.99353,-1.87631],[29.9935,-1.87636],[29.99352,-1.87651],[29.99361,-1.87685],[29.99376,-1.87722],[29.99387,-1.87733],[29.99399,-1.87751],[29.99412,-1.87778],[29.99412,-1.87782],[29.99402,-1.87786],[29.99401,-1.87789],[29.99402,-1.87793],[29.99413,-1.87818],[29.99414,-1.87828],[29.99414,-1.87835],[29.9941,-1.87842],[29.99401,-1.87851],[29.99392,-1.87856],[29.99378,-1.87861],[29.99352,-1.87864],[29.99345,-1.87869],[29.99342,-1.8787],[29.99331,-1.87892],[29.99331,-1.87903],[29.9934,-1.87926],[29.99354,-1.87943],[29.99377,-1.87977],[29.99376,-1.87981],[29.99371,-1.87983],[29.99359,-1.87981],[29.99355,-1.87979],[29.99344,-1.87976],[29.99342,-1.87977],[29.99339,-1.87983],[29.99342,-1.88],[29.9934,-1.88023],[29.99343,-1.88072],[29.99349,-1.88082],[29.99367,-1.88091],[29.99375,-1.88102],[29.99386,-1.88128],[29.99393,-1.88147],[29.99392,-1.88161],[29.99358,-1.88203],[29.99348,-1.88252],[29.99346,-1.88327],[29.99343,-1.88333],[29.99341,-1.88357],[29.99342,-1.88386],[29.99345,-1.88394],[29.99354,-1.88404],[29.99394,-1.88432],[29.99417,-1.88446],[29.99418,-1.8845],[29.99417,-1.88457],[29.99415,-1.8846],[29.99409,-1.88464],[29.99393,-1.88462],[29.99386,-1.88465],[29.99371,-1.88483],[29.9937,-1.88491],[29.9937,-1.88506],[29.99372,-1.88511],[29.99376,-1.88513],[29.99388,-1.88512],[29.99393,-1.88514],[29.9941,-1.88547],[29.99428,-1.88592],[29.99434,-1.8861],[29.99442,-1.88626],[29.9945,-1.88636],[29.99463,-1.88646],[29.99471,-1.88656],[29.99474,-1.88664],[29.99472,-1.8869],[29.99439,-1.88706],[29.99415,-1.88726],[29.99399,-1.88743],[29.99388,-1.88759],[29.99383,-1.8878],[29.99384,-1.88788],[29.99389,-1.88795],[29.99397,-1.88806],[29.9941,-1.88838],[29.9942,-1.88857],[29.9943,-1.88874],[29.99439,-1.88884],[29.99451,-1.88905],[29.99466,-1.8892],[29.99472,-1.88931],[29.99474,-1.88937],[29.99472,-1.88944],[29.99473,-1.88953],[29.9948,-1.88964],[29.99492,-1.88969],[29.99526,-1.88962],[29.9953,-1.88964],[29.99533,-1.88967],[29.99541,-1.89006],[29.99541,-1.89022],[29.99539,-1.89031],[29.99527,-1.89056],[29.99511,-1.8908],[29.99494,-1.891],[29.99493,-1.89108],[29.99499,-1.8912],[29.99494,-1.8912],[29.99496,-1.89125],[29.99497,-1.89133],[29.99493,-1.89176],[29.99498,-1.89196],[29.99504,-1.89204],[29.99512,-1.89209],[29.99525,-1.89212],[29.99534,-1.89215],[29.99538,-1.89223],[29.99538,-1.89237],[29.99532,-1.89254],[29.99529,-1.89262],[29.9953,-1.89269],[29.99534,-1.8928],[29.99547,-1.89295],[29.99552,-1.89306],[29.99553,-1.8931],[29.99546,-1.89332],[29.99537,-1.89348],[29.99537,-1.89357],[29.99538,-1.89361],[29.99547,-1.89374],[29.99565,-1.89408],[29.99578,-1.89419],[29.99599,-1.89428],[29.99605,-1.89437],[29.9962,-1.89454],[29.99647,-1.89468],[29.99656,-1.8947],[29.99668,-1.89475],[29.99675,-1.89475],[29.9969,-1.89479],[29.99711,-1.89494],[29.99723,-1.89499],[29.99734,-1.89509],[29.99738,-1.89524],[29.99738,-1.89532],[29.99733,-1.89553],[29.99732,-1.89565],[29.99768,-1.89597],[29.99784,-1.8965],[29.99786,-1.89663],[29.99808,-1.89696],[29.99808,-1.89701],[29.99815,-1.89701],[29.99823,-1.89706],[29.99831,-1.89706],[29.99838,-1.89705],[29.99847,-1.897],[29.99867,-1.89699],[29.99881,-1.89686],[29.999,-1.89663],[29.99929,-1.89617],[29.99922,-1.89604],[29.99921,-1.89599],[29.99926,-1.89578],[29.99929,-1.89572],[29.99938,-1.89558],[29.99952,-1.89541],[29.99975,-1.89519],[29.99993,-1.89498],[30.00005,-1.89486],[30.00008,-1.89487],[30.00013,-1.89482],[30.00044,-1.89464],[30.00096,-1.89443],[30.00135,-1.8944],[30.00159,-1.89434],[30.00177,-1.89433],[30.00203,-1.89429],[30.00236,-1.89415],[30.0025,-1.89398],[30.00277,-1.89376],[30.00296,-1.89367],[30.00311,-1.89358],[30.00318,-1.89352],[30.00331,-1.89345],[30.00338,-1.89322],[30.00347,-1.89311],[30.00358,-1.89302],[30.00366,-1.89305],[30.00378,-1.893],[30.00377,-1.89291],[30.00374,-1.89286],[30.00374,-1.89279],[30.00379,-1.89267],[30.00386,-1.89256],[30.00399,-1.89241],[30.00399,-1.89236],[30.00403,-1.89234],[30.00404,-1.89228],[30.00412,-1.89216],[30.00414,-1.89196],[30.00421,-1.89189],[30.00429,-1.89158],[30.00429,-1.8914],[30.00424,-1.89123],[30.00422,-1.89108],[30.00422,-1.89102],[30.00429,-1.89091],[30.00432,-1.89062],[30.00428,-1.89037],[30.00433,-1.89032],[30.00426,-1.89021],[30.0043,-1.89007],[30.00439,-1.89005],[30.0044,-1.89003],[30.00438,-1.88993],[30.0044,-1.88985],[30.00438,-1.88976],[30.00443,-1.88966],[30.00442,-1.88964],[30.00437,-1.8896],[30.00431,-1.88948],[30.00426,-1.88927],[30.00426,-1.88909],[30.00438,-1.88873],[30.00448,-1.88862],[30.00446,-1.88856],[30.00458,-1.8884],[30.00463,-1.88834],[30.00468,-1.88833],[30.00494,-1.88831],[30.00494,-1.88829],[30.00496,-1.88829],[30.00507,-1.88811],[30.00506,-1.8881],[30.00513,-1.88793],[30.00514,-1.88781],[30.00529,-1.88743],[30.00528,-1.88739],[30.00531,-1.88732],[30.00533,-1.8871],[30.00542,-1.88683],[30.00536,-1.88671],[30.00532,-1.8865],[30.00553,-1.88648],[30.00582,-1.88659],[30.00605,-1.88646],[30.00617,-1.88625],[30.00677,-1.88589],[30.00696,-1.88574],[30.00725,-1.88557],[30.00765,-1.88525],[30.00782,-1.88507],[30.00805,-1.88488],[30.00813,-1.88476],[30.00824,-1.88482],[30.00829,-1.88482],[30.00839,-1.88469],[30.00861,-1.88459],[30.00885,-1.88434],[30.00901,-1.88426],[30.00906,-1.8843],[30.00907,-1.88421],[30.00933,-1.884],[30.00961,-1.88382],[30.00967,-1.88376],[30.00979,-1.88369],[30.01015,-1.88341],[30.01036,-1.88328],[30.01052,-1.88322],[30.01063,-1.88309],[30.01097,-1.88286],[30.01121,-1.88277],[30.0118,-1.88265],[30.01193,-1.88251],[30.01214,-1.88248],[30.01218,-1.88271],[30.01252,-1.88242],[30.01261,-1.88238],[30.01306,-1.88226],[30.01341,-1.88218],[30.01408,-1.88206],[30.01444,-1.88204],[30.01445,-1.88205],[30.01467,-1.88198],[30.01561,-1.88159],[30.01614,-1.88131],[30.01679,-1.88104],[30.01679,-1.88102],[30.01683,-1.88099],[30.01605,-1.87878],[30.0157,-1.87804],[30.01547,-1.87767],[30.01495,-1.87677],[30.01435,-1.87555],[30.01407,-1.87467],[30.01385,-1.87413],[30.01367,-1.87362],[30.0135,-1.87278],[30.01354,-1.87321],[30.01352,-1.87316],[30.01359,-1.87439],[30.01283,-1.87463],[30.01264,-1.87468],[30.01172,-1.87517],[30.01153,-1.87487],[30.0115,-1.87491],[30.0114,-1.87465],[30.01105,-1.8741],[30.01057,-1.87347],[30.01084,-1.87349],[30.01119,-1.87361],[30.0113,-1.87364],[30.01143,-1.87353],[30.01149,-1.87344],[30.01138,-1.87332],[30.01116,-1.87296],[30.01102,-1.87277],[30.01089,-1.87263],[30.01074,-1.87253],[30.01061,-1.87242],[30.01044,-1.87232],[30.01025,-1.87224],[30.01009,-1.87215],[30.00993,-1.87209],[30.00976,-1.87206],[30.00933,-1.87166],[30.00916,-1.8716],[30.00874,-1.87154],[30.00852,-1.87149],[30.00836,-1.87144],[30.00825,-1.87134],[30.0081,-1.87125],[30.00796,-1.87113],[30.00782,-1.871],[30.00777,-1.87098],[30.00717,-1.87093],[30.00636,-1.87081],[30.00504,-1.87081],[30.00452,-1.87073],[30.0043,-1.87064],[30.00413,-1.87034],[30.00399,-1.87026],[30.00317,-1.87022],[30.00263,-1.86984],[30.00236,-1.86978],[30.00212,-1.86971],[30.00181,-1.86945],[30.00012,-1.86779],[29.99918,-1.86675],[29.99913,-1.86674],[29.999,-1.86656],[29.99865,-1.86617],[29.99824,-1.86554],[29.99756,-1.86492],[29.99749,-1.86471],[29.99753,-1.86418],[29.99746,-1.86402],[29.99753,-1.86386],[29.99709,-1.86317],[29.99665,-1.86279],[29.99562,-1.86232],[29.99507,-1.86188]]]}},{"type":"Feature","properties":{"d":"Gasabo","s":"Ndera","c":"Mukuyu"},"geometry":{"type":"Polygon","coordinates":[[[30.16948,-1.86976],[30.1694,-1.86973],[30.16927,-1.8697],[30.16915,-1.8697],[30.16897,-1.86973],[30.16884,-1.86976],[30.16855,-1.86987],[30.16838,-1.86991],[30.1676,-1.86987],[30.16692,-1.8698],[30.16667,-1.8698],[30.16635,-1.86987],[30.16589,-1.87005],[30.16565,-1.87011],[30.1656,-1.87014],[30.16524,-1.87087],[30.16525,-1.87088],[30.16507,-1.87114],[30.16496,-1.87135],[30.16531,-1.87145],[30.16574,-1.8715],[30.16615,-1.87159],[30.16649,-1.87161],[30.16674,-1.87169],[30.16702,-1.87186],[30.16717,-1.87212],[30.16724,-1.87216],[30.16739,-1.87266],[30.16751,-1.87282],[30.16758,-1.87285],[30.1676,-1.87287],[30.16751,-1.87311],[30.16746,-1.87332],[30.16744,-1.87371],[30.16747,-1.87386],[30.16745,-1.87396],[30.16745,-1.8741],[30.16748,-1.87416],[30.16753,-1.87423],[30.16754,-1.87432],[30.16759,-1.87437],[30.16762,-1.87444],[30.16785,-1.87466],[30.16793,-1.87482],[30.16804,-1.87514],[30.16804,-1.87521],[30.16807,-1.87532],[30.16805,-1.87542],[30.16798,-1.87561],[30.16792,-1.87587],[30.16792,-1.87603],[30.16812,-1.87631],[30.16827,-1.87663],[30.16825,-1.87667],[30.16817,-1.87673],[30.16814,-1.87681],[30.16813,-1.87686],[30.16833,-1.8771],[30.16838,-1.8771],[30.16841,-1.87708],[30.16844,-1.87708],[30.16867,-1.87783],[30.16865,-1.87839],[30.16844,-1.8791],[30.16799,-1.87988],[30.16791,-1.88092],[30.16812,-1.88137],[30.16809,-1.88135],[30.16847,-1.88188],[30.16859,-1.882],[30.1688,-1.88216],[30.16897,-1.88232],[30.16919,-1.88262],[30.16924,-1.88278],[30.16924,-1.88285],[30.16917,-1.88301],[30.16916,-1.88309],[30.16926,-1.88325],[30.16945,-1.88373],[30.16949,-1.88378],[30.16951,-1.88386],[30.16956,-1.88392],[30.16963,-1.88485],[30.16962,-1.88501],[30.16958,-1.88509],[30.16942,-1.88513],[30.1694,-1.88516],[30.16941,-1.8852],[30.16948,-1.88547],[30.1696,-1.88558],[30.16966,-1.88561],[30.16974,-1.88584],[30.16995,-1.88625],[30.17001,-1.88632],[30.17005,-1.88643],[30.16999,-1.8867],[30.16993,-1.88679],[30.16987,-1.88697],[30.16986,-1.88717],[30.16988,-1.88746],[30.16996,-1.88775],[30.17001,-1.88804],[30.17007,-1.88814],[30.17019,-1.88858],[30.17025,-1.88883],[30.17031,-1.88896],[30.17044,-1.88908],[30.17049,-1.8892],[30.17059,-1.8893],[30.17063,-1.88945],[30.17063,-1.88958],[30.17084,-1.89098],[30.17094,-1.89115],[30.17106,-1.89171],[30.17145,-1.89267],[30.17169,-1.89297],[30.17182,-1.89333],[30.17187,-1.89464],[30.1722,-1.895],[30.17248,-1.89517],[30.17259,-1.89537],[30.17293,-1.89736],[30.17328,-1.89833],[30.17347,-1.89933],[30.17353,-1.90173],[30.17369,-1.90266],[30.17368,-1.90267],[30.1737,-1.90268],[30.17421,-1.90369],[30.17439,-1.90403],[30.17451,-1.90447],[30.17481,-1.90555],[30.17483,-1.90594],[30.17494,-1.90609],[30.17665,-1.90852],[30.17718,-1.90902],[30.17761,-1.90938],[30.17811,-1.90984],[30.1784,-1.90991],[30.17918,-1.91014],[30.17921,-1.91015],[30.18248,-1.91118],[30.18292,-1.91489],[30.18341,-1.91556],[30.18376,-1.91622],[30.18383,-1.91667],[30.18416,-1.91764],[30.18486,-1.91865],[30.18501,-1.91922],[30.18518,-1.91931],[30.18561,-1.91932],[30.18595,-1.91944],[30.18651,-1.9196],[30.18732,-1.91962],[30.18748,-1.91956],[30.1877,-1.91951],[30.18794,-1.91941],[30.18813,-1.91929],[30.18824,-1.91924],[30.18847,-1.91919],[30.18874,-1.91921],[30.18886,-1.91924],[30.18908,-1.91922],[30.18926,-1.91926],[30.18932,-1.91928],[30.18969,-1.91932],[30.19033,-1.91932],[30.19034,-1.91929],[30.19039,-1.91928],[30.19051,-1.91926],[30.19058,-1.91924],[30.1906,-1.91925],[30.19106,-1.91918],[30.19125,-1.91913],[30.19142,-1.91912],[30.19209,-1.91888],[30.19378,-1.91877],[30.1943,-1.91851],[30.19532,-1.91826],[30.19542,-1.91824],[30.19555,-1.91818],[30.19579,-1.91809],[30.19592,-1.91802],[30.19632,-1.91788],[30.19651,-1.9178],[30.19678,-1.91775],[30.19705,-1.91762],[30.19732,-1.91768],[30.19824,-1.9177],[30.19884,-1.91763],[30.19916,-1.91758],[30.19958,-1.91747],[30.20018,-1.91751],[30.20053,-1.91755],[30.20061,-1.91711],[30.20071,-1.91712],[30.20093,-1.91715],[30.20137,-1.9173],[30.20149,-1.91707],[30.20161,-1.91675],[30.20163,-1.91644],[30.20161,-1.91627],[30.20151,-1.91602],[30.20128,-1.91576],[30.20123,-1.91559],[30.20125,-1.91545],[30.20134,-1.91536],[30.2016,-1.91528],[30.20173,-1.91519],[30.20181,-1.91509],[30.20187,-1.91485],[30.20179,-1.91457],[30.20173,-1.91446],[30.2017,-1.91438],[30.20217,-1.91436],[30.20347,-1.91372],[30.20348,-1.91374],[30.2037,-1.91348],[30.20387,-1.91321],[30.2039,-1.91279],[30.20442,-1.91174],[30.20485,-1.91138],[30.20498,-1.91116],[30.20474,-1.91076],[30.20458,-1.91056],[30.20454,-1.91039],[30.20455,-1.91024],[30.20463,-1.91023],[30.20467,-1.91021],[30.20507,-1.90994],[30.20563,-1.9097],[30.20572,-1.90964],[30.20565,-1.90907],[30.2056,-1.90884],[30.20556,-1.90869],[30.20548,-1.90834],[30.20535,-1.90793],[30.20527,-1.90749],[30.20511,-1.90702],[30.20507,-1.90684],[30.20505,-1.90665],[30.20508,-1.90633],[30.20513,-1.90611],[30.20518,-1.906],[30.20543,-1.90601],[30.20579,-1.90596],[30.2061,-1.90566],[30.20626,-1.90547],[30.2065,-1.90559],[30.20668,-1.90564],[30.20706,-1.90586],[30.20722,-1.90591],[30.20734,-1.90593],[30.20806,-1.90632],[30.20849,-1.90659],[30.20861,-1.9067],[30.20868,-1.90684],[30.20876,-1.90714],[30.20879,-1.90719],[30.20885,-1.90722],[30.20896,-1.90692],[30.20915,-1.90665],[30.20922,-1.90648],[30.20926,-1.90606],[30.20925,-1.9058],[30.20929,-1.90561],[30.20931,-1.90535],[30.20935,-1.90523],[30.20939,-1.90514],[30.2098,-1.90488],[30.21041,-1.90464],[30.21057,-1.90447],[30.21078,-1.90421],[30.21094,-1.90411],[30.21108,-1.90392],[30.21115,-1.90388],[30.21128,-1.90374],[30.21136,-1.9037],[30.2114,-1.90362],[30.21151,-1.90346],[30.21159,-1.90343],[30.21195,-1.90315],[30.212,-1.90307],[30.21204,-1.90289],[30.21215,-1.90275],[30.21243,-1.90251],[30.21303,-1.90211],[30.21315,-1.90201],[30.21343,-1.90187],[30.21389,-1.90158],[30.21406,-1.90142],[30.21406,-1.90143],[30.2141,-1.9014],[30.21444,-1.90102],[30.21458,-1.90082],[30.21484,-1.90052],[30.21513,-1.90016],[30.2154,-1.89969],[30.21538,-1.89966],[30.21516,-1.89956],[30.21514,-1.89952],[30.21511,-1.89838],[30.21514,-1.89833],[30.21499,-1.89841],[30.21481,-1.89855],[30.21455,-1.89879],[30.21437,-1.89892],[30.21418,-1.899],[30.21409,-1.89902],[30.21395,-1.899],[30.21277,-1.89852],[30.21208,-1.89809],[30.21195,-1.89805],[30.21181,-1.89804],[30.21167,-1.89807],[30.21148,-1.89818],[30.21019,-1.89883],[30.20914,-1.89946],[30.20861,-1.89981],[30.20802,-1.90017],[30.20724,-1.90073],[30.20677,-1.90109],[30.2061,-1.90156],[30.20605,-1.90163],[30.20563,-1.90192],[30.20533,-1.90208],[30.2046,-1.90232],[30.20436,-1.90224],[30.20387,-1.90196],[30.20365,-1.90186],[30.20321,-1.90171],[30.20295,-1.90157],[30.20286,-1.90149],[30.2028,-1.90138],[30.20273,-1.9012],[30.20263,-1.90103],[30.20249,-1.90088],[30.20138,-1.90014],[30.2008,-1.89979],[30.20034,-1.89949],[30.20025,-1.89946],[30.20016,-1.89944],[30.20004,-1.89946],[30.19993,-1.89952],[30.1996,-1.89983],[30.19945,-1.89992],[30.19934,-1.89996],[30.1992,-1.89996],[30.19909,-1.89991],[30.19844,-1.8994],[30.19779,-1.89894],[30.19729,-1.89843],[30.19709,-1.89824],[30.19666,-1.89794],[30.19627,-1.89774],[30.19627,-1.89774],[30.19625,-1.89772],[30.19617,-1.89765],[30.19599,-1.89741],[30.19586,-1.89725],[30.19556,-1.89692],[30.19538,-1.89676],[30.19498,-1.89638],[30.19442,-1.89576],[30.19415,-1.89546],[30.19406,-1.89533],[30.19392,-1.895],[30.19372,-1.89459],[30.19348,-1.89403],[30.19314,-1.89303],[30.19304,-1.89277],[30.19298,-1.89263],[30.19293,-1.89244],[30.1929,-1.89205],[30.19282,-1.89139],[30.19267,-1.89103],[30.19251,-1.89055],[30.1925,-1.89042],[30.19254,-1.89014],[30.19253,-1.89005],[30.19244,-1.88965],[30.19236,-1.88945],[30.19211,-1.88895],[30.19192,-1.88849],[30.19167,-1.88798],[30.19145,-1.88736],[30.19138,-1.8871],[30.19125,-1.88675],[30.19093,-1.88624],[30.19064,-1.88582],[30.19009,-1.88495],[30.18987,-1.88466],[30.18949,-1.8842],[30.18826,-1.88256],[30.18736,-1.88146],[30.18709,-1.88111],[30.18564,-1.87931],[30.18556,-1.8792],[30.18535,-1.87893],[30.18491,-1.87845],[30.18452,-1.8781],[30.18436,-1.87799],[30.18418,-1.87791],[30.18306,-1.8775],[30.18284,-1.87738],[30.18243,-1.87719],[30.18222,-1.87705],[30.1818,-1.87667],[30.18159,-1.87642],[30.18117,-1.876],[30.18081,-1.87571],[30.18031,-1.87528],[30.17982,-1.87482],[30.17954,-1.87463],[30.17954,-1.87454],[30.17946,-1.87451],[30.1793,-1.87426],[30.17888,-1.8737],[30.17874,-1.87353],[30.17858,-1.87338],[30.17801,-1.87301],[30.17784,-1.87293],[30.17722,-1.87278],[30.17678,-1.87274],[30.17633,-1.87268],[30.17616,-1.87269],[30.17576,-1.87275],[30.17558,-1.87276],[30.17545,-1.87272],[30.17514,-1.87258],[30.17498,-1.87252],[30.17487,-1.87251],[30.17476,-1.87253],[30.17451,-1.87262],[30.17411,-1.87265],[30.17399,-1.87269],[30.17387,-1.87277],[30.17359,-1.87302],[30.17344,-1.87311],[30.17327,-1.87318],[30.17309,-1.87319],[30.1729,-1.87314],[30.17281,-1.8731],[30.17267,-1.87299],[30.17239,-1.87272],[30.1723,-1.87266],[30.17202,-1.87254],[30.1719,-1.87248],[30.17178,-1.87239],[30.17168,-1.87229],[30.17164,-1.87221],[30.1716,-1.87193],[30.17156,-1.87181],[30.17127,-1.87134],[30.17123,-1.87125],[30.17113,-1.87095],[30.17106,-1.87081],[30.17097,-1.8707],[30.17081,-1.87057],[30.17059,-1.87043],[30.17043,-1.87031],[30.16996,-1.87007],[30.16948,-1.86976]]]}},{"type":"Feature","properties":{"d":"Nyarugenge","s":"Nyamirambo","c":"Mumena"},"geometry":{"type":"Polygon","coordinates":[[[30.05714,-1.97237],[30.05716,-1.9721],[30.05734,-1.97154],[30.05737,-1.97134],[30.05713,-1.97124],[30.05698,-1.97121],[30.05696,-1.97117],[30.05662,-1.97101],[30.05573,-1.97229],[30.05519,-1.97296],[30.05478,-1.97353],[30.05429,-1.97424],[30.05374,-1.97499],[30.05317,-1.97573],[30.05265,-1.9764],[30.05259,-1.97648],[30.05202,-1.97695],[30.05163,-1.97711],[30.05083,-1.97736],[30.05112,-1.97826],[30.05113,-1.97842],[30.05097,-1.97873],[30.05087,-1.97889],[30.05051,-1.9794],[30.05031,-1.97971],[30.05021,-1.97993],[30.05005,-1.98033],[30.04978,-1.98122],[30.04969,-1.98143],[30.04942,-1.98226],[30.04937,-1.98233],[30.04936,-1.98236],[30.04949,-1.98241],[30.04967,-1.98255],[30.04989,-1.98267],[30.0502,-1.9828],[30.05056,-1.98315],[30.05085,-1.9833],[30.05097,-1.98343],[30.05112,-1.98373],[30.05127,-1.98399],[30.05142,-1.98416],[30.05162,-1.98453],[30.05183,-1.98482],[30.05196,-1.985],[30.05227,-1.98525],[30.05252,-1.98541],[30.05272,-1.9854],[30.05284,-1.98546],[30.05312,-1.98567],[30.05333,-1.9858],[30.05349,-1.98592],[30.05365,-1.98613],[30.05373,-1.98613],[30.05393,-1.98611],[30.05404,-1.98608],[30.05408,-1.98605],[30.0542,-1.98613],[30.05426,-1.98623],[30.05424,-1.98628],[30.05453,-1.98645],[30.05458,-1.9864],[30.0547,-1.98633],[30.05477,-1.98621],[30.05497,-1.98613],[30.05525,-1.98597],[30.05536,-1.98592],[30.05546,-1.98588],[30.0556,-1.9858],[30.05579,-1.98561],[30.05594,-1.98534],[30.05598,-1.98533],[30.05604,-1.98537],[30.05611,-1.98538],[30.05616,-1.98535],[30.0562,-1.98531],[30.0564,-1.98487],[30.05648,-1.98455],[30.05651,-1.98451],[30.05656,-1.98449],[30.05659,-1.98444],[30.05664,-1.98427],[30.05667,-1.98414],[30.05678,-1.98403],[30.05696,-1.98391],[30.05699,-1.98392],[30.05703,-1.98395],[30.05707,-1.98394],[30.05733,-1.98365],[30.05757,-1.98354],[30.05768,-1.98349],[30.05787,-1.98337],[30.05792,-1.98331],[30.0585,-1.9828],[30.05876,-1.9825],[30.05905,-1.98208],[30.05906,-1.98189],[30.0591,-1.98179],[30.05916,-1.9817],[30.0593,-1.98156],[30.05939,-1.98139],[30.05941,-1.98132],[30.05972,-1.9809],[30.0598,-1.98083],[30.05995,-1.98073],[30.06005,-1.98061],[30.06013,-1.98055],[30.06019,-1.98044],[30.06031,-1.98036],[30.06039,-1.98025],[30.06066,-1.97994],[30.06082,-1.9798],[30.06096,-1.97958],[30.06103,-1.97943],[30.06107,-1.97933],[30.0611,-1.97916],[30.06112,-1.97912],[30.06118,-1.97904],[30.06125,-1.97891],[30.06128,-1.9788],[30.06131,-1.97863],[30.06139,-1.9785],[30.06144,-1.97839],[30.06146,-1.97821],[30.06143,-1.9782],[30.06144,-1.97817],[30.06165,-1.9781],[30.06165,-1.97803],[30.06154,-1.9778],[30.0616,-1.9777],[30.06188,-1.97701],[30.06173,-1.97688],[30.0618,-1.9762],[30.06189,-1.97532],[30.06197,-1.97495],[30.06198,-1.97468],[30.06192,-1.97465],[30.06188,-1.97458],[30.06185,-1.97454],[30.06183,-1.9745],[30.0617,-1.97441],[30.06164,-1.9743],[30.06162,-1.97424],[30.06159,-1.97422],[30.06145,-1.97431],[30.06127,-1.97407],[30.06141,-1.97398],[30.0611,-1.9736],[30.06092,-1.97306],[30.06083,-1.97299],[30.06101,-1.973],[30.06102,-1.97296],[30.06107,-1.97282],[30.06113,-1.97283],[30.06117,-1.97286],[30.06121,-1.97285],[30.06122,-1.97278],[30.06118,-1.97277],[30.06113,-1.9727],[30.0612,-1.97267],[30.06121,-1.97262],[30.06077,-1.97242],[30.0608,-1.97227],[30.06069,-1.97217],[30.06065,-1.97197],[30.06043,-1.97193],[30.06034,-1.97193],[30.06033,-1.97195],[30.06029,-1.97196],[30.06015,-1.97193],[30.05999,-1.97195],[30.05982,-1.97187],[30.05958,-1.97183],[30.05848,-1.97179],[30.05831,-1.9718],[30.05816,-1.97182],[30.05774,-1.97203],[30.05716,-1.97237],[30.05714,-1.97237]]]}},{"type":"Feature","properties":{"d":"Nyarugenge","s":"Nyakabanda","c":"Munanira I"},"geometry":{"type":"Polygon","coordinates":[[[30.05557,-1.96346],[30.05552,-1.96271],[30.05537,-1.96164],[30.05525,-1.96071],[30.05521,-1.96057],[30.05519,-1.96051],[30.05474,-1.96083],[30.05438,-1.96104],[30.05387,-1.96126],[30.05353,-1.96142],[30.05283,-1.96178],[30.05251,-1.96198],[30.05231,-1.96213],[30.05182,-1.96247],[30.05175,-1.96253],[30.05154,-1.96272],[30.05127,-1.96293],[30.05112,-1.96301],[30.05083,-1.96312],[30.05067,-1.9632],[30.05059,-1.96328],[30.05142,-1.96353],[30.0519,-1.96361],[30.05203,-1.96361],[30.05218,-1.96359],[30.05237,-1.96355],[30.05249,-1.96351],[30.05261,-1.96351],[30.0527,-1.96354],[30.0528,-1.96368],[30.05297,-1.96431],[30.053,-1.9644],[30.05284,-1.96443],[30.05275,-1.96452],[30.05248,-1.96455],[30.0522,-1.96462],[30.05118,-1.96492],[30.05049,-1.96524],[30.05032,-1.9653],[30.05025,-1.96535],[30.04995,-1.96564],[30.04984,-1.96584],[30.04968,-1.9664],[30.04946,-1.96681],[30.04947,-1.96695],[30.0495,-1.9671],[30.04958,-1.96726],[30.04971,-1.9674],[30.0503,-1.96782],[30.05034,-1.96784],[30.05045,-1.96797],[30.05045,-1.9681],[30.05024,-1.96838],[30.05,-1.96878],[30.04962,-1.96932],[30.04958,-1.96955],[30.04958,-1.96974],[30.04964,-1.96983],[30.04997,-1.96951],[30.05026,-1.96932],[30.05073,-1.96915],[30.0518,-1.96893],[30.05253,-1.9686],[30.05277,-1.96837],[30.05303,-1.9681],[30.05341,-1.96775],[30.05357,-1.96746],[30.05359,-1.9672],[30.05376,-1.96653],[30.05387,-1.96614],[30.05397,-1.96587],[30.05421,-1.96554],[30.05442,-1.96536],[30.05493,-1.96491],[30.0551,-1.96476],[30.05541,-1.96438],[30.05557,-1.96389],[30.05558,-1.96357],[30.05557,-1.96346]]]}},{"type":"Feature","properties":{"d":"Nyarugenge","s":"Nyakabanda","c":"Munanira Ii"},"geometry":{"type":"Polygon","coordinates":[[[30.04525,-1.96209],[30.04521,-1.96208],[30.04521,-1.96207],[30.04512,-1.96204],[30.04511,-1.96202],[30.04492,-1.962],[30.0444,-1.96198],[30.04417,-1.96194],[30.04379,-1.96193],[30.04358,-1.96195],[30.04304,-1.96206],[30.04279,-1.96209],[30.04239,-1.96209],[30.04218,-1.96211],[30.0413,-1.96207],[30.04018,-1.9621],[30.0402,-1.96219],[30.04016,-1.96253],[30.03996,-1.96273],[30.0397,-1.9628],[30.03962,-1.96294],[30.03957,-1.96357],[30.03985,-1.96423],[30.04002,-1.96516],[30.04003,-1.96527],[30.03978,-1.96594],[30.03959,-1.96673],[30.04004,-1.96676],[30.04028,-1.96673],[30.04065,-1.96674],[30.04137,-1.96683],[30.04158,-1.96683],[30.04167,-1.96685],[30.04223,-1.96703],[30.04269,-1.96724],[30.04274,-1.96727],[30.04286,-1.96741],[30.04309,-1.96754],[30.04356,-1.96767],[30.04387,-1.96771],[30.04401,-1.96775],[30.04417,-1.96786],[30.04422,-1.96792],[30.04426,-1.96795],[30.04435,-1.96801],[30.0445,-1.96816],[30.04462,-1.96825],[30.04468,-1.96825],[30.04484,-1.96838],[30.04521,-1.96846],[30.04535,-1.96855],[30.04538,-1.96855],[30.04547,-1.9686],[30.04576,-1.96875],[30.04581,-1.96879],[30.04587,-1.96887],[30.04593,-1.96892],[30.04595,-1.96898],[30.04604,-1.96907],[30.04606,-1.96915],[30.04613,-1.96939],[30.04629,-1.96935],[30.04651,-1.96935],[30.04759,-1.96943],[30.04773,-1.96994],[30.04783,-1.9704],[30.04788,-1.97079],[30.04791,-1.97089],[30.04941,-1.97004],[30.04947,-1.96998],[30.04964,-1.96983],[30.04958,-1.96974],[30.04958,-1.96955],[30.04962,-1.96932],[30.05,-1.96878],[30.05024,-1.96838],[30.05045,-1.9681],[30.05045,-1.96797],[30.05034,-1.96784],[30.0503,-1.96782],[30.04971,-1.9674],[30.04958,-1.96726],[30.0495,-1.9671],[30.04947,-1.96695],[30.04946,-1.96681],[30.04968,-1.9664],[30.04984,-1.96584],[30.04995,-1.96564],[30.05025,-1.96535],[30.05032,-1.9653],[30.05049,-1.96524],[30.05118,-1.96492],[30.0522,-1.96462],[30.05248,-1.96455],[30.05275,-1.96452],[30.05284,-1.96443],[30.053,-1.9644],[30.05297,-1.96431],[30.0528,-1.96368],[30.0527,-1.96354],[30.05261,-1.96351],[30.05249,-1.96351],[30.05237,-1.96355],[30.05218,-1.96359],[30.05203,-1.96361],[30.0519,-1.96361],[30.05142,-1.96353],[30.05059,-1.96328],[30.05056,-1.9632],[30.05052,-1.96317],[30.05054,-1.96315],[30.05049,-1.96304],[30.05042,-1.96244],[30.05006,-1.96249],[30.04975,-1.9625],[30.04951,-1.96253],[30.04926,-1.96251],[30.0492,-1.9625],[30.04916,-1.96251],[30.04902,-1.9625],[30.04867,-1.96242],[30.04865,-1.96245],[30.04861,-1.96255],[30.04862,-1.96264],[30.04849,-1.9627],[30.04844,-1.96275],[30.04826,-1.96274],[30.04815,-1.96272],[30.04735,-1.96273],[30.04722,-1.96279],[30.04711,-1.96284],[30.04697,-1.96287],[30.04663,-1.96271],[30.04641,-1.96251],[30.04631,-1.96249],[30.04604,-1.9625],[30.04598,-1.96249],[30.04588,-1.96242],[30.04586,-1.96242],[30.04557,-1.96219],[30.04528,-1.9621],[30.04526,-1.96211],[30.04525,-1.96209]]]}},{"type":"Feature","properties":{"d":"Gasabo","s":"Gikomero","c":"Munini"},"geometry":{"type":"MultiPolygon","coordinates":[[[[30.22626,-1.87605],[30.22628,-1.87597],[30.22619,-1.87552],[30.22694,-1.87478],[30.2276,-1.87442],[30.22762,-1.87429],[30.22783,-1.87407],[30.22794,-1.87379],[30.22805,-1.87342],[30.22807,-1.87321],[30.22819,-1.87303],[30.22823,-1.87294],[30.22833,-1.87282],[30.22901,-1.87285],[30.22906,-1.87296],[30.22916,-1.87295],[30.22926,-1.87297],[30.2293,-1.87292],[30.22941,-1.87251],[30.22953,-1.87235],[30.2299,-1.87235],[30.23007,-1.87228],[30.23056,-1.8716],[30.23065,-1.87158],[30.23096,-1.87173],[30.23106,-1.87183],[30.23108,-1.87212],[30.2313,-1.87225],[30.23147,-1.87208],[30.23169,-1.87193],[30.23173,-1.87202],[30.23174,-1.87235],[30.23182,-1.87261],[30.23189,-1.87277],[30.23218,-1.87276],[30.23272,-1.87266],[30.23267,-1.87248],[30.23267,-1.87217],[30.23273,-1.87177],[30.23294,-1.87145],[30.233,-1.8713],[30.23378,-1.87059],[30.23378,-1.87],[30.23348,-1.86967],[30.23337,-1.86896],[30.23338,-1.86847],[30.23345,-1.86815],[30.23349,-1.86807],[30.23346,-1.86806],[30.23355,-1.8676],[30.23329,-1.86675],[30.23329,-1.86651],[30.23332,-1.86645],[30.23331,-1.86623],[30.2333,-1.86623],[30.23331,-1.86591],[30.23312,-1.86388],[30.23309,-1.86371],[30.23288,-1.86383],[30.23212,-1.86393],[30.23207,-1.86397],[30.2316,-1.86412],[30.23072,-1.86401],[30.23041,-1.86402],[30.23029,-1.86396],[30.23008,-1.86394],[30.23002,-1.86407],[30.22988,-1.86414],[30.22983,-1.86415],[30.22975,-1.86421],[30.22966,-1.8643],[30.22928,-1.86441],[30.22915,-1.86447],[30.229,-1.86451],[30.22878,-1.86449],[30.22864,-1.86451],[30.22854,-1.86454],[30.22844,-1.8646],[30.22828,-1.86464],[30.22811,-1.86463],[30.22796,-1.86465],[30.22782,-1.86472],[30.22765,-1.86466],[30.2275,-1.86468],[30.22644,-1.86522],[30.2259,-1.86555],[30.22558,-1.86585],[30.22549,-1.86607],[30.22548,-1.86626],[30.22525,-1.86631],[30.22515,-1.86627],[30.2251,-1.8663],[30.22504,-1.86631],[30.225,-1.86628],[30.22495,-1.86619],[30.22472,-1.86621],[30.2247,-1.86623],[30.22469,-1.86629],[30.22458,-1.86643],[30.22449,-1.86651],[30.22449,-1.86678],[30.22448,-1.86694],[30.22435,-1.86748],[30.22436,-1.86767],[30.22423,-1.868],[30.2242,-1.86807],[30.22418,-1.86819],[30.22416,-1.86821],[30.22403,-1.86835],[30.22403,-1.86838],[30.224,-1.86843],[30.22385,-1.86859],[30.22376,-1.86865],[30.22363,-1.86883],[30.2235,-1.86894],[30.22332,-1.86921],[30.22293,-1.8695],[30.22286,-1.86954],[30.22253,-1.8698],[30.22249,-1.86986],[30.22199,-1.87027],[30.22171,-1.87057],[30.22146,-1.87091],[30.22133,-1.87113],[30.22136,-1.87112],[30.22139,-1.87115],[30.22129,-1.87137],[30.22128,-1.87143],[30.22115,-1.8716],[30.22105,-1.87181],[30.22095,-1.87194],[30.22081,-1.87229],[30.22073,-1.87242],[30.22065,-1.87271],[30.22058,-1.87284],[30.22055,-1.8729],[30.2206,-1.87292],[30.22056,-1.87307],[30.22044,-1.87305],[30.2201,-1.874],[30.21993,-1.87454],[30.21988,-1.87477],[30.21978,-1.87503],[30.21978,-1.87518],[30.21976,-1.87526],[30.21972,-1.87533],[30.21974,-1.87534],[30.21968,-1.87567],[30.21959,-1.87633],[30.21927,-1.87673],[30.21925,-1.87678],[30.21922,-1.87677],[30.21921,-1.87679],[30.21915,-1.87683],[30.21914,-1.87684],[30.21912,-1.87684],[30.21893,-1.87696],[30.2185,-1.8765],[30.21847,-1.87647],[30.21845,-1.87646],[30.21843,-1.87641],[30.21841,-1.8764],[30.2184,-1.87649],[30.21847,-1.87672],[30.21851,-1.87702],[30.21852,-1.87743],[30.21851,-1.87781],[30.21849,-1.878],[30.21848,-1.87844],[30.21854,-1.87902],[30.21847,-1.87905],[30.21839,-1.87904],[30.21838,-1.87913],[30.2183,-1.87912],[30.21823,-1.87916],[30.21816,-1.87915],[30.21816,-1.8792],[30.2176,-1.87967],[30.21758,-1.87968],[30.21756,-1.87966],[30.21752,-1.87969],[30.21746,-1.87971],[30.21745,-1.87977],[30.21715,-1.87995],[30.21656,-1.88011],[30.21546,-1.88074],[30.2144,-1.88109],[30.21256,-1.88128],[30.21173,-1.88137],[30.21161,-1.88153],[30.21165,-1.88183],[30.21224,-1.88352],[30.21229,-1.88404],[30.212,-1.88388],[30.21156,-1.8838],[30.21158,-1.8841],[30.21149,-1.88436],[30.2113,-1.88447],[30.21093,-1.88466],[30.21065,-1.88492],[30.21051,-1.88535],[30.21049,-1.88576],[30.2107,-1.886],[30.21053,-1.88633],[30.21046,-1.88639],[30.21027,-1.88652],[30.20998,-1.88669],[30.20973,-1.88677],[30.20932,-1.88686],[30.20913,-1.88697],[30.20894,-1.88713],[30.20884,-1.88719],[30.20885,-1.88721],[30.20884,-1.88722],[30.20865,-1.88741],[30.20865,-1.88782],[30.20883,-1.88812],[30.21001,-1.88891],[30.21008,-1.88898],[30.21006,-1.88904],[30.2101,-1.88908],[30.21004,-1.88914],[30.21013,-1.88924],[30.21036,-1.88938],[30.21042,-1.8894],[30.21049,-1.88943],[30.211,-1.8899],[30.21097,-1.88991],[30.21095,-1.89008],[30.21068,-1.89108],[30.21069,-1.89141],[30.21065,-1.89154],[30.21076,-1.89159],[30.21071,-1.89202],[30.21143,-1.89195],[30.21173,-1.89235],[30.21208,-1.89257],[30.21225,-1.89293],[30.21232,-1.89332],[30.21278,-1.89351],[30.21327,-1.89365],[30.21343,-1.8938],[30.21339,-1.89396],[30.21322,-1.89396],[30.21314,-1.89414],[30.21301,-1.89437],[30.2131,-1.89443],[30.21293,-1.89467],[30.21283,-1.89463],[30.21259,-1.89564],[30.21246,-1.89586],[30.21247,-1.89604],[30.21223,-1.8964],[30.21209,-1.89656],[30.21199,-1.89677],[30.21178,-1.89704],[30.21161,-1.89722],[30.21152,-1.89736],[30.21151,-1.89757],[30.21154,-1.89781],[30.21147,-1.89803],[30.21146,-1.89819],[30.21148,-1.89818],[30.21167,-1.89807],[30.21181,-1.89804],[30.21195,-1.89805],[30.21208,-1.89809],[30.21277,-1.89852],[30.21395,-1.899],[30.21409,-1.89902],[30.21418,-1.899],[30.21437,-1.89892],[30.21455,-1.89879],[30.21481,-1.89855],[30.21499,-1.89841],[30.21514,-1.89833],[30.21528,-1.89827],[30.21548,-1.89822],[30.21577,-1.89819],[30.21599,-1.8982],[30.2162,-1.89825],[30.21636,-1.89831],[30.21674,-1.89851],[30.21691,-1.89851],[30.21704,-1.89847],[30.21712,-1.89842],[30.21726,-1.8983],[30.2174,-1.89817],[30.2175,-1.89803],[30.2177,-1.8978],[30.21806,-1.89728],[30.21839,-1.89686],[30.21851,-1.89674],[30.21858,-1.89661],[30.21888,-1.8964],[30.21922,-1.89638],[30.21941,-1.89638],[30.22002,-1.89645],[30.22057,-1.89647],[30.22126,-1.89651],[30.22164,-1.89659],[30.22203,-1.89674],[30.22225,-1.89679],[30.22252,-1.89686],[30.22345,-1.89719],[30.22379,-1.89729],[30.22402,-1.89733],[30.22424,-1.89733],[30.22493,-1.8973],[30.22681,-1.89717],[30.22716,-1.8972],[30.2278,-1.89732],[30.22788,-1.89736],[30.2292,-1.89779],[30.22973,-1.89793],[30.22975,-1.89779],[30.22967,-1.89762],[30.22989,-1.89675],[30.22992,-1.89618],[30.23046,-1.89505],[30.23066,-1.89475],[30.23075,-1.89462],[30.23255,-1.89403],[30.23278,-1.89398],[30.23282,-1.89399],[30.23293,-1.89397],[30.23303,-1.89393],[30.2334,-1.89398],[30.23403,-1.89377],[30.23365,-1.89309],[30.23322,-1.89239],[30.23336,-1.892],[30.23367,-1.89125],[30.23418,-1.89028],[30.23444,-1.88898],[30.23499,-1.88811],[30.23564,-1.88605],[30.23607,-1.88378],[30.23635,-1.88281],[30.2359,-1.88261],[30.23474,-1.88239],[30.2338,-1.88239],[30.23381,-1.88242],[30.23353,-1.88247],[30.23353,-1.88248],[30.23343,-1.88248],[30.23331,-1.88251],[30.23325,-1.88258],[30.23324,-1.88277],[30.23323,-1.88278],[30.23301,-1.88284],[30.23293,-1.88285],[30.23286,-1.88289],[30.2327,-1.88292],[30.23263,-1.88298],[30.23263,-1.88302],[30.23255,-1.88299],[30.23249,-1.88287],[30.23241,-1.88298],[30.23222,-1.88312],[30.23213,-1.88296],[30.23204,-1.88286],[30.23192,-1.88268],[30.23176,-1.88258],[30.23166,-1.88261],[30.23143,-1.88257],[30.23121,-1.88247],[30.23081,-1.88267],[30.23064,-1.88266],[30.23058,-1.88262],[30.23064,-1.88239],[30.23059,-1.88206],[30.23057,-1.88203],[30.23052,-1.88197],[30.23032,-1.88197],[30.23022,-1.88199],[30.23007,-1.88207],[30.23002,-1.88208],[30.23003,-1.88203],[30.22975,-1.88181],[30.22975,-1.88178],[30.22961,-1.88168],[30.22949,-1.88163],[30.22922,-1.88152],[30.22915,-1.88158],[30.22884,-1.88157],[30.22879,-1.88156],[30.22873,-1.88148],[30.22875,-1.88139],[30.22889,-1.88125],[30.22891,-1.88117],[30.22887,-1.88106],[30.22879,-1.88097],[30.22873,-1.88091],[30.22861,-1.88084],[30.22851,-1.88082],[30.22837,-1.88085],[30.22775,-1.88087],[30.22775,-1.88077],[30.22772,-1.88066],[30.22773,-1.88063],[30.22787,-1.88058],[30.22826,-1.88052],[30.22838,-1.88048],[30.22845,-1.88045],[30.22849,-1.88041],[30.22853,-1.8803],[30.22871,-1.87999],[30.22881,-1.87971],[30.22893,-1.87945],[30.22896,-1.87947],[30.22947,-1.87864],[30.22959,-1.87851],[30.22962,-1.87851],[30.22965,-1.87854],[30.22972,-1.87833],[30.22972,-1.87829],[30.22958,-1.87824],[30.22917,-1.87816],[30.22928,-1.87796],[30.22926,-1.87793],[30.22911,-1.87783],[30.22905,-1.87782],[30.22896,-1.87792],[30.22894,-1.87789],[30.22869,-1.878],[30.22868,-1.87799],[30.22818,-1.87821],[30.22809,-1.87826],[30.22796,-1.87836],[30.2278,-1.87845],[30.2276,-1.87849],[30.22744,-1.87848],[30.22736,-1.87845],[30.22723,-1.87842],[30.22711,-1.87844],[30.22696,-1.87841],[30.2269,-1.87842],[30.22663,-1.8784],[30.2264,-1.87817],[30.22615,-1.87776],[30.22612,-1.87745],[30.22594,-1.87722],[30.22592,-1.87723],[30.22575,-1.87715],[30.22571,-1.8771],[30.2255,-1.87714],[30.22486,-1.87713],[30.22456,-1.87721],[30.2245,-1.87704],[30.22452,-1.87685],[30.22459,-1.87669],[30.22466,-1.87645],[30.22475,-1.87628],[30.22485,-1.87599],[30.22499,-1.87567],[30.22506,-1.87576],[30.22554,-1.87586],[30.22563,-1.87591],[30.22591,-1.87594],[30.22624,-1.87596],[30.22626,-1.87605]]],[[[30.22625,-1.87605],[30.22626,-1.87605],[30.22626,-1.87605],[30.22625,-1.87605]]]]}},{"type":"Feature","properties":{"d":"Gasabo","s":"Kinyinya","c":"Murama"},"geometry":{"type":"Polygon","coordinates":[[[30.09542,-1.89601],[30.09357,-1.89464],[30.09267,-1.89413],[30.09261,-1.89465],[30.09247,-1.89554],[30.09245,-1.8958],[30.09243,-1.89581],[30.09234,-1.8966],[30.09203,-1.89854],[30.09192,-1.89903],[30.09185,-1.89948],[30.0916,-1.90017],[30.09151,-1.90053],[30.09142,-1.90076],[30.09145,-1.9008],[30.09121,-1.90142],[30.08993,-1.90412],[30.08955,-1.90495],[30.08954,-1.9054],[30.08955,-1.90587],[30.08958,-1.90595],[30.09,-1.90666],[30.0911,-1.90861],[30.09147,-1.90927],[30.09191,-1.91003],[30.0922,-1.91039],[30.09297,-1.9109],[30.09509,-1.91203],[30.0966,-1.9128],[30.09727,-1.91313],[30.09767,-1.91332],[30.09908,-1.914],[30.09945,-1.91421],[30.09978,-1.91437],[30.09992,-1.91447],[30.10001,-1.91451],[30.10069,-1.91494],[30.10091,-1.91523],[30.10114,-1.91552],[30.10167,-1.91604],[30.10209,-1.91653],[30.10252,-1.91705],[30.10272,-1.91729],[30.10313,-1.91784],[30.10358,-1.91844],[30.10382,-1.91888],[30.10397,-1.91906],[30.10444,-1.91952],[30.10497,-1.92149],[30.105,-1.92238],[30.10499,-1.92273],[30.10502,-1.92303],[30.10513,-1.92326],[30.10527,-1.92348],[30.10532,-1.92345],[30.10626,-1.92283],[30.10674,-1.92264],[30.1072,-1.92259],[30.10816,-1.92269],[30.10955,-1.92302],[30.10979,-1.92304],[30.11002,-1.92302],[30.11063,-1.92277],[30.1124,-1.92338],[30.11402,-1.92378],[30.11483,-1.92406],[30.12006,-1.92608],[30.12124,-1.92654],[30.12112,-1.92719],[30.12235,-1.92693],[30.12239,-1.92681],[30.12244,-1.9266],[30.1226,-1.92617],[30.12309,-1.92499],[30.1232,-1.92498],[30.12342,-1.925],[30.12354,-1.92503],[30.1238,-1.92516],[30.1239,-1.92507],[30.12393,-1.92507],[30.12395,-1.92509],[30.12433,-1.92467],[30.12464,-1.92491],[30.12549,-1.92411],[30.1269,-1.92157],[30.12691,-1.91992],[30.12692,-1.91968],[30.12696,-1.91914],[30.12703,-1.91902],[30.12723,-1.91898],[30.12748,-1.91876],[30.12729,-1.91848],[30.12687,-1.91817],[30.12689,-1.91801],[30.12726,-1.91748],[30.12769,-1.91707],[30.12794,-1.91671],[30.12799,-1.91602],[30.12755,-1.91598],[30.12745,-1.916],[30.12737,-1.91598],[30.12737,-1.91597],[30.12717,-1.91595],[30.12735,-1.91488],[30.1275,-1.9149],[30.12753,-1.91416],[30.12759,-1.91345],[30.12752,-1.91344],[30.12753,-1.91329],[30.1276,-1.91328],[30.12766,-1.91256],[30.12779,-1.91189],[30.12794,-1.91148],[30.12797,-1.91138],[30.12857,-1.9106],[30.12874,-1.91018],[30.12882,-1.91],[30.12868,-1.90804],[30.12873,-1.90797],[30.12868,-1.90793],[30.12864,-1.90733],[30.12846,-1.90659],[30.12844,-1.90655],[30.12845,-1.90654],[30.12838,-1.90623],[30.12844,-1.90618],[30.12843,-1.90604],[30.12836,-1.906],[30.1281,-1.90623],[30.12754,-1.90667],[30.12722,-1.90697],[30.12637,-1.90803],[30.12592,-1.90859],[30.1254,-1.90908],[30.12509,-1.90931],[30.12459,-1.90963],[30.12441,-1.90978],[30.12385,-1.91036],[30.12276,-1.91131],[30.1225,-1.91149],[30.122,-1.91169],[30.12043,-1.91243],[30.11988,-1.91265],[30.11833,-1.91322],[30.11759,-1.91346],[30.11641,-1.9138],[30.11644,-1.91405],[30.11635,-1.91437],[30.11628,-1.91446],[30.11615,-1.91461],[30.11605,-1.91469],[30.11563,-1.91479],[30.11509,-1.91488],[30.11451,-1.91503],[30.11424,-1.91515],[30.11376,-1.91545],[30.11365,-1.91551],[30.11304,-1.91509],[30.11161,-1.91441],[30.1107,-1.91417],[30.11069,-1.91408],[30.11053,-1.91405],[30.11016,-1.91392],[30.10969,-1.91382],[30.10961,-1.9135],[30.10962,-1.91345],[30.10921,-1.91369],[30.10917,-1.91372],[30.10895,-1.91359],[30.10864,-1.91342],[30.10737,-1.9127],[30.10675,-1.91231],[30.10687,-1.91144],[30.10681,-1.9113],[30.10678,-1.91117],[30.10683,-1.91099],[30.1069,-1.91093],[30.10711,-1.91075],[30.10734,-1.91044],[30.10761,-1.91012],[30.10777,-1.90986],[30.10779,-1.90982],[30.10782,-1.90961],[30.10772,-1.90931],[30.10781,-1.90913],[30.10792,-1.90904],[30.10812,-1.90881],[30.10815,-1.90878],[30.10822,-1.90854],[30.10824,-1.90847],[30.10827,-1.90837],[30.10826,-1.90827],[30.10831,-1.90819],[30.10833,-1.90811],[30.10831,-1.90801],[30.10832,-1.90799],[30.10846,-1.90805],[30.1085,-1.90805],[30.10852,-1.90803],[30.10859,-1.9079],[30.10866,-1.90764],[30.10887,-1.90707],[30.1091,-1.90596],[30.10911,-1.90594],[30.10909,-1.90593],[30.10874,-1.90587],[30.10844,-1.90579],[30.10753,-1.90541],[30.10707,-1.90499],[30.10637,-1.90449],[30.10556,-1.90385],[30.10569,-1.90369],[30.10511,-1.90314],[30.10462,-1.90264],[30.1036,-1.90152],[30.1034,-1.90126],[30.10275,-1.90065],[30.10155,-1.89955],[30.10153,-1.89953],[30.10152,-1.89954],[30.10065,-1.89887],[30.10009,-1.89856],[30.09769,-1.89687],[30.09732,-1.89671],[30.09635,-1.8963],[30.09602,-1.8963],[30.09542,-1.89601]]]}},{"type":"Feature","properties":{"d":"Gasabo","s":"Gikomero","c":"Murambi"},"geometry":{"type":"Polygon","coordinates":[[[30.21016,-1.86243],[30.21002,-1.8622],[30.20999,-1.86218],[30.20996,-1.86219],[30.20985,-1.86239],[30.20968,-1.86259],[30.20947,-1.86278],[30.20937,-1.86291],[30.209,-1.86322],[30.20874,-1.86351],[30.20833,-1.86388],[30.20831,-1.86392],[30.20833,-1.86397],[30.20832,-1.86401],[30.2081,-1.86419],[30.20785,-1.86435],[30.20762,-1.86445],[30.20753,-1.86446],[30.20732,-1.86455],[30.2072,-1.86466],[30.20691,-1.86478],[30.20683,-1.86489],[30.20662,-1.86503],[30.20631,-1.86519],[30.20629,-1.86522],[30.20628,-1.86536],[30.20625,-1.86543],[30.20607,-1.86549],[30.20596,-1.86561],[30.20586,-1.86581],[30.20583,-1.86584],[30.20577,-1.86581],[30.2057,-1.86581],[30.20565,-1.86571],[30.20563,-1.8657],[30.20524,-1.86569],[30.20478,-1.86593],[30.20476,-1.86594],[30.20471,-1.86592],[30.20458,-1.86595],[30.20436,-1.86607],[30.20419,-1.86618],[30.2039,-1.86629],[30.20369,-1.86631],[30.20366,-1.86635],[30.20362,-1.86649],[30.20355,-1.86661],[30.20352,-1.86661],[30.20349,-1.86657],[30.20345,-1.86644],[30.20338,-1.86642],[30.20249,-1.86663],[30.20239,-1.86667],[30.20228,-1.86673],[30.20207,-1.86691],[30.20195,-1.86698],[30.20177,-1.86712],[30.20166,-1.86717],[30.20162,-1.8672],[30.20157,-1.86723],[30.20151,-1.86726],[30.20148,-1.86725],[30.20144,-1.86708],[30.2014,-1.86705],[30.20112,-1.86722],[30.20104,-1.86725],[30.20097,-1.86721],[30.20079,-1.86723],[30.2007,-1.8672],[30.20062,-1.86719],[30.20052,-1.86726],[30.20027,-1.86757],[30.20011,-1.86756],[30.2001,-1.86765],[30.19955,-1.86751],[30.19911,-1.86733],[30.19903,-1.86734],[30.19876,-1.86726],[30.19859,-1.86718],[30.19835,-1.86703],[30.19696,-1.86647],[30.19551,-1.86625],[30.195,-1.86609],[30.19499,-1.86611],[30.19496,-1.86612],[30.19473,-1.86605],[30.19456,-1.86605],[30.19433,-1.86603],[30.19423,-1.86599],[30.19418,-1.86594],[30.19406,-1.86589],[30.19383,-1.86588],[30.19353,-1.86581],[30.19338,-1.86579],[30.19235,-1.86599],[30.1915,-1.86592],[30.1894,-1.86474],[30.18916,-1.86462],[30.18861,-1.86448],[30.18858,-1.8644],[30.18854,-1.86446],[30.18819,-1.86437],[30.18755,-1.86366],[30.18764,-1.86418],[30.18793,-1.86472],[30.18902,-1.86621],[30.19058,-1.86847],[30.19101,-1.86934],[30.19183,-1.87048],[30.19216,-1.87122],[30.19265,-1.87166],[30.19311,-1.87222],[30.19344,-1.87281],[30.19355,-1.87312],[30.19359,-1.87324],[30.19349,-1.87398],[30.19349,-1.87424],[30.19358,-1.87447],[30.19402,-1.87502],[30.19448,-1.87529],[30.19473,-1.87558],[30.1952,-1.87638],[30.19564,-1.87689],[30.19583,-1.87724],[30.196,-1.87782],[30.19638,-1.87867],[30.19698,-1.87919],[30.19717,-1.8794],[30.19727,-1.87968],[30.19733,-1.88034],[30.19736,-1.88062],[30.19737,-1.88079],[30.19826,-1.88141],[30.19846,-1.88193],[30.19846,-1.88271],[30.19851,-1.88301],[30.19876,-1.88349],[30.19877,-1.88415],[30.19893,-1.88462],[30.19928,-1.88525],[30.19935,-1.88557],[30.19945,-1.88595],[30.19959,-1.88618],[30.19969,-1.8864],[30.19983,-1.88683],[30.19983,-1.88711],[30.19956,-1.88736],[30.19904,-1.88756],[30.19891,-1.88783],[30.19873,-1.88879],[30.19869,-1.89011],[30.19821,-1.89107],[30.19653,-1.89256],[30.1964,-1.89265],[30.19613,-1.8929],[30.19598,-1.8931],[30.19584,-1.89332],[30.19571,-1.89343],[30.19461,-1.89555],[30.19453,-1.89561],[30.19457,-1.89567],[30.19442,-1.89576],[30.19498,-1.89638],[30.19538,-1.89676],[30.19556,-1.89692],[30.19586,-1.89725],[30.19599,-1.89741],[30.19617,-1.89765],[30.19625,-1.89772],[30.19627,-1.89774],[30.19627,-1.89774],[30.19666,-1.89794],[30.19709,-1.89824],[30.19729,-1.89843],[30.19779,-1.89894],[30.19844,-1.8994],[30.19909,-1.89991],[30.1992,-1.89996],[30.19934,-1.89996],[30.19945,-1.89992],[30.1996,-1.89983],[30.19993,-1.89952],[30.20004,-1.89946],[30.20016,-1.89944],[30.20025,-1.89946],[30.20034,-1.89949],[30.2008,-1.89979],[30.20138,-1.90014],[30.20249,-1.90088],[30.20263,-1.90103],[30.20273,-1.9012],[30.2028,-1.90138],[30.20286,-1.90149],[30.20295,-1.90157],[30.20321,-1.90171],[30.20365,-1.90186],[30.20387,-1.90196],[30.20436,-1.90224],[30.2046,-1.90232],[30.20533,-1.90208],[30.20563,-1.90192],[30.20605,-1.90163],[30.2061,-1.90156],[30.20677,-1.90109],[30.20724,-1.90073],[30.20802,-1.90017],[30.20861,-1.89981],[30.20914,-1.89946],[30.21019,-1.89883],[30.21148,-1.89818],[30.21146,-1.89819],[30.21147,-1.89803],[30.21154,-1.89781],[30.21151,-1.89757],[30.21152,-1.89736],[30.21161,-1.89722],[30.21178,-1.89704],[30.21199,-1.89677],[30.21209,-1.89656],[30.21223,-1.8964],[30.21247,-1.89604],[30.21246,-1.89586],[30.21259,-1.89564],[30.21283,-1.89463],[30.21293,-1.89467],[30.2131,-1.89443],[30.21301,-1.89437],[30.21314,-1.89414],[30.21322,-1.89396],[30.21339,-1.89396],[30.21343,-1.8938],[30.21327,-1.89365],[30.21278,-1.89351],[30.21232,-1.89332],[30.21225,-1.89293],[30.21208,-1.89257],[30.21173,-1.89235],[30.21143,-1.89195],[30.21071,-1.89202],[30.21076,-1.89159],[30.21065,-1.89154],[30.21069,-1.89141],[30.21068,-1.89108],[30.21095,-1.89008],[30.21097,-1.88991],[30.211,-1.8899],[30.21049,-1.88943],[30.21042,-1.8894],[30.21036,-1.88938],[30.21013,-1.88924],[30.21004,-1.88914],[30.2101,-1.88908],[30.21006,-1.88904],[30.21008,-1.88898],[30.21001,-1.88891],[30.20883,-1.88812],[30.20865,-1.88782],[30.20865,-1.88741],[30.20884,-1.88722],[30.20885,-1.88721],[30.20884,-1.88719],[30.20894,-1.88713],[30.20913,-1.88697],[30.20932,-1.88686],[30.20973,-1.88677],[30.20998,-1.88669],[30.21027,-1.88652],[30.21046,-1.88639],[30.21053,-1.88633],[30.2107,-1.886],[30.21049,-1.88576],[30.21051,-1.88535],[30.21065,-1.88492],[30.21093,-1.88466],[30.2113,-1.88447],[30.21149,-1.88436],[30.21158,-1.8841],[30.21156,-1.8838],[30.212,-1.88388],[30.21229,-1.88404],[30.21224,-1.88352],[30.21165,-1.88183],[30.21161,-1.88153],[30.21173,-1.88137],[30.21256,-1.88128],[30.2144,-1.88109],[30.21546,-1.88074],[30.21656,-1.88011],[30.21715,-1.87995],[30.21745,-1.87977],[30.21746,-1.87971],[30.21752,-1.87969],[30.21756,-1.87966],[30.21758,-1.87968],[30.2176,-1.87967],[30.21816,-1.8792],[30.21816,-1.87915],[30.21823,-1.87916],[30.2183,-1.87912],[30.21838,-1.87913],[30.21839,-1.87904],[30.21847,-1.87905],[30.21854,-1.87902],[30.21848,-1.87844],[30.21849,-1.878],[30.21851,-1.87781],[30.21852,-1.87743],[30.21851,-1.87702],[30.21847,-1.87672],[30.2184,-1.87649],[30.21841,-1.8764],[30.21826,-1.87614],[30.21823,-1.87604],[30.21789,-1.87558],[30.21755,-1.87524],[30.2171,-1.87486],[30.21663,-1.87452],[30.2155,-1.87377],[30.21445,-1.87317],[30.21427,-1.87304],[30.21369,-1.87254],[30.21357,-1.87242],[30.21309,-1.87178],[30.21281,-1.8713],[30.21262,-1.87093],[30.21231,-1.87018],[30.21215,-1.86974],[30.21207,-1.86946],[30.21205,-1.86931],[30.21203,-1.86921],[30.21198,-1.86894],[30.21195,-1.86835],[30.21192,-1.86796],[30.21196,-1.86738],[30.21195,-1.8672],[30.21194,-1.86695],[30.21196,-1.86683],[30.21201,-1.86671],[30.21215,-1.86652],[30.21233,-1.86624],[30.2125,-1.866],[30.21259,-1.86584],[30.21269,-1.86571],[30.21272,-1.8656],[30.21269,-1.86548],[30.21218,-1.86496],[30.21186,-1.86461],[30.21159,-1.86425],[30.21149,-1.86408],[30.21141,-1.86379],[30.2113,-1.86351],[30.21114,-1.86299],[30.21098,-1.86255],[30.21092,-1.86241],[30.21091,-1.8624],[30.21089,-1.86241],[30.2108,-1.86246],[30.21043,-1.86253],[30.21029,-1.86258],[30.21016,-1.86243]]]}},{"type":"Feature","properties":{"d":"Gasabo","s":"Nduba","c":"Muremure"},"geometry":{"type":"Polygon","coordinates":[[[30.12194,-1.85071],[30.12194,-1.85058],[30.12196,-1.85044],[30.12189,-1.84978],[30.1219,-1.84977],[30.12188,-1.84975],[30.12186,-1.84966],[30.12184,-1.84945],[30.12189,-1.84907],[30.12199,-1.84869],[30.12206,-1.84856],[30.12214,-1.8485],[30.12207,-1.84851],[30.12202,-1.84855],[30.12189,-1.8486],[30.1218,-1.84869],[30.12159,-1.84881],[30.12155,-1.84885],[30.12139,-1.84893],[30.12135,-1.84897],[30.12118,-1.84907],[30.12114,-1.84912],[30.12111,-1.84919],[30.12103,-1.84928],[30.12074,-1.84953],[30.12049,-1.84984],[30.12025,-1.85006],[30.12011,-1.85023],[30.12005,-1.85028],[30.11971,-1.85047],[30.11961,-1.85051],[30.11924,-1.85068],[30.11904,-1.85081],[30.11896,-1.85084],[30.11849,-1.85095],[30.11798,-1.851],[30.11773,-1.85097],[30.11743,-1.85098],[30.1173,-1.851],[30.11729,-1.85117],[30.11727,-1.85119],[30.11672,-1.8512],[30.11672,-1.85118],[30.11622,-1.85127],[30.11591,-1.85128],[30.11593,-1.85113],[30.11566,-1.85108],[30.11563,-1.85109],[30.1152,-1.85102],[30.11499,-1.85101],[30.11499,-1.85102],[30.11489,-1.85101],[30.11437,-1.85086],[30.11428,-1.85085],[30.11417,-1.85081],[30.11414,-1.85079],[30.11365,-1.8508],[30.11303,-1.85087],[30.11289,-1.85088],[30.11201,-1.85148],[30.11182,-1.8514],[30.11067,-1.85159],[30.11056,-1.85212],[30.11012,-1.85274],[30.1101,-1.85309],[30.11025,-1.85365],[30.11027,-1.85369],[30.11042,-1.85388],[30.11078,-1.8541],[30.11086,-1.85421],[30.11101,-1.85451],[30.1111,-1.8549],[30.11108,-1.85522],[30.11093,-1.85548],[30.11075,-1.8556],[30.11041,-1.85633],[30.11029,-1.85673],[30.11034,-1.85673],[30.10957,-1.85697],[30.10903,-1.8592],[30.10894,-1.85999],[30.1083,-1.86185],[30.1081,-1.86258],[30.10808,-1.86297],[30.10777,-1.86418],[30.10706,-1.86552],[30.10695,-1.86592],[30.10702,-1.86622],[30.10718,-1.86633],[30.10733,-1.86676],[30.10744,-1.86686],[30.10749,-1.86724],[30.10709,-1.86798],[30.10694,-1.86844],[30.10699,-1.86947],[30.10717,-1.87065],[30.10689,-1.87106],[30.10655,-1.87147],[30.10624,-1.87183],[30.10569,-1.87293],[30.10553,-1.8733],[30.10577,-1.87363],[30.106,-1.87391],[30.10671,-1.87463],[30.10653,-1.8748],[30.10626,-1.87501],[30.10636,-1.8752],[30.10667,-1.87558],[30.10674,-1.87564],[30.10767,-1.87635],[30.10799,-1.87693],[30.10738,-1.87716],[30.10739,-1.87724],[30.10698,-1.87723],[30.10679,-1.87733],[30.10666,-1.87762],[30.10649,-1.87819],[30.10642,-1.8782],[30.10644,-1.87851],[30.10653,-1.87892],[30.10661,-1.87916],[30.1067,-1.87936],[30.10699,-1.87952],[30.10706,-1.87955],[30.10717,-1.87964],[30.10742,-1.87997],[30.10763,-1.88004],[30.10774,-1.88013],[30.10782,-1.88023],[30.10821,-1.8804],[30.10858,-1.88002],[30.10878,-1.87989],[30.10877,-1.87992],[30.1089,-1.87998],[30.10935,-1.87979],[30.11003,-1.87981],[30.10984,-1.8801],[30.11025,-1.88032],[30.11078,-1.88151],[30.11109,-1.88177],[30.11083,-1.88245],[30.1112,-1.88262],[30.11208,-1.88275],[30.11233,-1.88253],[30.11247,-1.88239],[30.11252,-1.88249],[30.11274,-1.88279],[30.11308,-1.88323],[30.11385,-1.88372],[30.11464,-1.88397],[30.11463,-1.88412],[30.11472,-1.88427],[30.11504,-1.88424],[30.11529,-1.88406],[30.11634,-1.88409],[30.11865,-1.88413],[30.11924,-1.88394],[30.11995,-1.88348],[30.11996,-1.88347],[30.12019,-1.88374],[30.12051,-1.88419],[30.12066,-1.88486],[30.12119,-1.88453],[30.12124,-1.88448],[30.12138,-1.88442],[30.12157,-1.8843],[30.12161,-1.88427],[30.12167,-1.88411],[30.12182,-1.884],[30.12193,-1.88389],[30.12204,-1.88384],[30.12239,-1.88363],[30.12284,-1.88296],[30.12282,-1.88287],[30.1227,-1.88245],[30.1231,-1.88086],[30.12296,-1.8801],[30.12272,-1.87973],[30.12236,-1.87936],[30.12233,-1.87923],[30.12177,-1.8779],[30.12144,-1.87651],[30.1207,-1.87537],[30.12056,-1.87498],[30.12042,-1.87387],[30.12023,-1.87341],[30.11977,-1.87312],[30.11965,-1.87313],[30.11956,-1.87314],[30.1194,-1.87303],[30.11904,-1.87255],[30.1188,-1.87166],[30.11851,-1.87101],[30.11839,-1.87028],[30.11771,-1.86919],[30.11731,-1.86873],[30.11715,-1.86841],[30.11717,-1.8679],[30.11725,-1.86757],[30.1172,-1.86737],[30.11721,-1.86725],[30.11726,-1.86699],[30.11726,-1.86693],[30.11722,-1.8668],[30.11721,-1.86669],[30.11748,-1.86567],[30.11771,-1.86526],[30.11748,-1.86471],[30.11741,-1.86461],[30.11736,-1.8644],[30.11736,-1.86433],[30.11738,-1.86427],[30.11745,-1.86418],[30.11747,-1.86396],[30.11761,-1.86363],[30.11762,-1.86335],[30.11758,-1.8633],[30.11763,-1.8633],[30.11759,-1.86316],[30.11759,-1.86308],[30.11761,-1.8628],[30.11759,-1.86234],[30.11758,-1.8622],[30.1176,-1.86212],[30.11769,-1.86197],[30.11774,-1.86178],[30.11787,-1.86156],[30.11793,-1.86151],[30.118,-1.8614],[30.11827,-1.86081],[30.11829,-1.8606],[30.11836,-1.86022],[30.11842,-1.86004],[30.11835,-1.85983],[30.11831,-1.85977],[30.11827,-1.85975],[30.11823,-1.85963],[30.11848,-1.8594],[30.11867,-1.85925],[30.11897,-1.8587],[30.11871,-1.8585],[30.11861,-1.85846],[30.11861,-1.85837],[30.11856,-1.85831],[30.11855,-1.85803],[30.11853,-1.85783],[30.11853,-1.85765],[30.11863,-1.85684],[30.11868,-1.85667],[30.11878,-1.85648],[30.11904,-1.85613],[30.11914,-1.85597],[30.11924,-1.85571],[30.11933,-1.8554],[30.11937,-1.85534],[30.1195,-1.85517],[30.11966,-1.85503],[30.11985,-1.85489],[30.12,-1.85472],[30.12019,-1.85457],[30.1203,-1.85451],[30.12059,-1.85412],[30.12083,-1.85387],[30.12104,-1.85356],[30.12114,-1.85338],[30.12119,-1.85326],[30.12124,-1.85301],[30.12128,-1.85291],[30.12141,-1.85273],[30.12145,-1.85258],[30.12148,-1.85234],[30.12157,-1.852],[30.1216,-1.85183],[30.12161,-1.85179],[30.12169,-1.85168],[30.12181,-1.85134],[30.12194,-1.85071]]]}},{"type":"Feature","properties":{"d":"Kicukiro","s":"Gahanga","c":"Murinja"},"geometry":{"type":"Polygon","coordinates":[[[30.11246,-2.02775],[30.11256,-2.02758],[30.11239,-2.02743],[30.11218,-2.02727],[30.11224,-2.02721],[30.11223,-2.02721],[30.11239,-2.02707],[30.11259,-2.02683],[30.1126,-2.0268],[30.11259,-2.02679],[30.11195,-2.02679],[30.11164,-2.0271],[30.11141,-2.0271],[30.1111,-2.02715],[30.11098,-2.02764],[30.11068,-2.02852],[30.11044,-2.02911],[30.11033,-2.02933],[30.11034,-2.0295],[30.11062,-2.0299],[30.111,-2.0304],[30.11128,-2.0307],[30.11142,-2.03087],[30.11146,-2.03104],[30.11139,-2.03135],[30.11129,-2.0315],[30.11112,-2.03166],[30.11086,-2.03182],[30.11007,-2.03208],[30.10987,-2.0322],[30.1097,-2.0323],[30.10958,-2.03249],[30.10955,-2.03265],[30.10952,-2.03318],[30.10947,-2.03343],[30.10939,-2.03354],[30.10922,-2.03371],[30.10891,-2.03392],[30.10831,-2.03428],[30.10768,-2.0347],[30.10707,-2.03497],[30.10678,-2.03462],[30.10665,-2.0345],[30.10648,-2.03441],[30.10625,-2.03432],[30.10609,-2.03427],[30.10604,-2.03428],[30.1055,-2.03419],[30.10515,-2.03419],[30.105,-2.03417],[30.10461,-2.03402],[30.10441,-2.03398],[30.10415,-2.03434],[30.10402,-2.03448],[30.105,-2.03778],[30.10492,-2.03776],[30.10484,-2.03804],[30.10477,-2.0384],[30.10471,-2.03889],[30.10471,-2.03918],[30.10474,-2.03949],[30.10477,-2.04026],[30.10477,-2.0404],[30.10474,-2.04056],[30.10482,-2.0406],[30.10478,-2.0408],[30.10477,-2.04115],[30.10475,-2.04115],[30.10471,-2.04127],[30.10461,-2.04141],[30.10449,-2.04179],[30.10423,-2.04176],[30.10422,-2.04183],[30.10418,-2.04191],[30.10419,-2.04201],[30.1042,-2.04211],[30.10418,-2.04212],[30.10393,-2.04213],[30.10332,-2.04211],[30.10331,-2.04201],[30.10328,-2.04191],[30.10328,-2.04174],[30.10326,-2.04161],[30.10327,-2.0415],[30.10337,-2.04133],[30.10345,-2.04106],[30.1034,-2.04096],[30.10347,-2.04083],[30.10357,-2.0407],[30.10321,-2.04018],[30.10315,-2.04008],[30.10282,-2.04023],[30.10275,-2.04012],[30.10271,-2.04003],[30.10269,-2.03993],[30.10268,-2.03968],[30.10266,-2.03956],[30.10256,-2.03918],[30.10248,-2.03903],[30.10236,-2.03888],[30.10231,-2.03862],[30.10231,-2.0386],[30.10239,-2.0386],[30.10262,-2.03856],[30.10238,-2.03817],[30.10218,-2.03773],[30.10199,-2.03743],[30.10178,-2.0372],[30.1017,-2.03707],[30.10182,-2.03702],[30.10199,-2.0369],[30.10199,-2.03689],[30.10154,-2.03612],[30.10138,-2.03599],[30.1013,-2.03604],[30.10119,-2.03583],[30.10075,-2.03542],[30.10063,-2.03531],[30.10055,-2.03528],[30.10056,-2.03504],[30.10011,-2.03488],[30.09997,-2.03484],[30.10003,-2.03467],[30.09998,-2.03466],[30.09996,-2.03472],[30.09986,-2.0348],[30.09979,-2.03518],[30.09978,-2.03546],[30.0998,-2.0357],[30.09998,-2.03673],[30.09998,-2.03709],[30.09994,-2.03739],[30.0999,-2.03751],[30.0998,-2.03783],[30.09915,-2.03909],[30.09881,-2.03972],[30.0986,-2.04007],[30.09834,-2.04038],[30.0981,-2.04059],[30.09793,-2.0407],[30.09774,-2.04081],[30.09737,-2.04093],[30.0965,-2.04112],[30.09623,-2.04121],[30.09602,-2.0413],[30.09578,-2.04146],[30.09512,-2.04197],[30.0948,-2.04224],[30.09458,-2.04246],[30.09451,-2.04257],[30.09435,-2.04282],[30.09428,-2.04297],[30.09417,-2.04331],[30.09411,-2.04374],[30.09411,-2.04389],[30.09414,-2.0443],[30.09414,-2.04462],[30.0941,-2.04487],[30.09399,-2.04523],[30.09382,-2.04558],[30.09361,-2.04592],[30.0934,-2.04638],[30.09332,-2.04677],[30.0933,-2.04701],[30.09331,-2.04766],[30.09329,-2.04797],[30.09322,-2.04827],[30.09305,-2.04875],[30.09285,-2.04911],[30.09272,-2.04928],[30.09227,-2.04975],[30.09203,-2.04993],[30.09047,-2.05074],[30.08921,-2.05137],[30.08874,-2.05161],[30.08839,-2.05188],[30.08813,-2.05213],[30.08782,-2.05254],[30.08772,-2.05274],[30.08759,-2.05305],[30.08747,-2.05349],[30.08744,-2.05368],[30.08743,-2.05422],[30.08735,-2.05807],[30.0873,-2.05849],[30.08723,-2.0588],[30.08683,-2.0602],[30.08666,-2.06081],[30.08662,-2.06138],[30.08667,-2.06152],[30.08669,-2.06183],[30.08687,-2.06203],[30.08692,-2.06204],[30.08763,-2.06152],[30.08824,-2.06049],[30.08888,-2.05959],[30.08985,-2.05893],[30.0899,-2.05891],[30.09092,-2.05898],[30.09197,-2.05938],[30.09249,-2.06033],[30.09227,-2.06154],[30.0915,-2.06366],[30.09197,-2.0639],[30.09282,-2.06361],[30.09356,-2.06328],[30.09398,-2.06291],[30.0943,-2.06248],[30.09433,-2.06135],[30.09456,-2.06089],[30.09494,-2.06073],[30.09554,-2.06093],[30.09581,-2.06154],[30.09593,-2.06295],[30.09609,-2.06413],[30.09611,-2.06417],[30.09615,-2.06417],[30.09618,-2.06413],[30.09671,-2.06266],[30.09715,-2.06203],[30.09772,-2.06137],[30.09828,-2.06098],[30.09845,-2.06048],[30.09844,-2.05846],[30.09886,-2.05763],[30.09928,-2.05725],[30.09932,-2.05723],[30.10041,-2.0573],[30.10108,-2.0576],[30.10166,-2.05744],[30.10167,-2.05741],[30.10167,-2.05738],[30.10118,-2.05618],[30.10117,-2.05615],[30.10193,-2.05558],[30.10198,-2.05556],[30.10292,-2.05556],[30.10375,-2.05591],[30.10393,-2.05663],[30.10374,-2.05806],[30.10373,-2.05918],[30.10391,-2.05965],[30.10395,-2.05966],[30.10428,-2.05968],[30.10437,-2.05993],[30.10457,-2.05945],[30.10482,-2.05837],[30.10501,-2.05794],[30.10512,-2.0577],[30.10553,-2.05743],[30.1063,-2.05742],[30.10708,-2.05768],[30.10804,-2.05855],[30.10848,-2.05883],[30.10871,-2.05885],[30.10911,-2.05814],[30.10964,-2.05655],[30.11012,-2.05627],[30.11056,-2.05643],[30.11091,-2.057],[30.11111,-2.05759],[30.11103,-2.05796],[30.11103,-2.05916],[30.11179,-2.05923],[30.11221,-2.05888],[30.11267,-2.05823],[30.11297,-2.05802],[30.11338,-2.05809],[30.1136,-2.05833],[30.11362,-2.05864],[30.11323,-2.05952],[30.11322,-2.0598],[30.11345,-2.06013],[30.11372,-2.06027],[30.11411,-2.06001],[30.11473,-2.05898],[30.11519,-2.05862],[30.11571,-2.05838],[30.11639,-2.0581],[30.11676,-2.05785],[30.11703,-2.05755],[30.117,-2.05693],[30.11724,-2.05614],[30.11784,-2.05491],[30.11817,-2.05469],[30.11842,-2.05475],[30.11864,-2.05532],[30.11871,-2.05588],[30.11805,-2.05769],[30.11802,-2.05796],[30.11815,-2.05906],[30.1186,-2.05955],[30.11891,-2.05981],[30.11996,-2.05939],[30.12016,-2.05901],[30.12028,-2.05856],[30.12022,-2.0583],[30.11991,-2.05803],[30.11945,-2.05722],[30.11957,-2.05662],[30.11982,-2.05633],[30.12017,-2.0562],[30.12085,-2.05614],[30.12463,-2.0558],[30.12553,-2.05559],[30.1257,-2.05537],[30.1256,-2.05508],[30.12554,-2.05501],[30.12455,-2.05444],[30.12341,-2.05392],[30.1229,-2.05299],[30.12298,-2.05211],[30.12323,-2.05088],[30.12325,-2.05029],[30.12361,-2.04957],[30.12362,-2.04956],[30.12347,-2.0493],[30.12346,-2.04931],[30.12342,-2.04897],[30.12283,-2.04817],[30.12256,-2.04762],[30.12249,-2.04739],[30.1225,-2.04642],[30.1226,-2.04512],[30.12252,-2.04505],[30.12252,-2.04492],[30.12175,-2.04397],[30.12049,-2.04297],[30.12039,-2.04279],[30.12047,-2.04237],[30.12053,-2.04223],[30.12061,-2.04221],[30.1206,-2.0422],[30.12056,-2.04221],[30.12046,-2.04176],[30.12015,-2.04125],[30.11998,-2.04079],[30.1199,-2.0406],[30.11984,-2.03995],[30.1198,-2.03896],[30.11969,-2.03785],[30.11962,-2.0376],[30.11911,-2.03624],[30.11895,-2.03548],[30.11892,-2.03494],[30.1189,-2.03444],[30.11891,-2.0339],[30.11888,-2.03343],[30.11884,-2.03314],[30.11831,-2.0323],[30.11814,-2.03236],[30.11798,-2.0324],[30.11775,-2.03215],[30.11765,-2.03197],[30.11752,-2.03201],[30.11705,-2.03208],[30.11692,-2.03211],[30.11685,-2.03196],[30.11662,-2.03172],[30.11649,-2.03182],[30.11619,-2.0315],[30.11629,-2.03141],[30.11606,-2.03122],[30.11599,-2.03111],[30.11575,-2.03098],[30.11557,-2.03081],[30.11552,-2.03085],[30.11534,-2.03065],[30.11526,-2.03074],[30.11479,-2.03035],[30.11474,-2.03028],[30.11479,-2.0302],[30.11464,-2.03005],[30.11464,-2.02994],[30.11451,-2.0299],[30.11447,-2.02985],[30.11441,-2.02982],[30.11425,-2.02974],[30.11419,-2.02977],[30.11413,-2.02982],[30.11387,-2.02964],[30.11374,-2.0294],[30.11348,-2.02911],[30.11368,-2.02885],[30.11377,-2.0287],[30.11386,-2.02859],[30.1136,-2.02819],[30.1134,-2.02774],[30.11325,-2.02777],[30.11316,-2.0278],[30.11308,-2.02787],[30.11303,-2.02789],[30.11287,-2.02786],[30.11277,-2.02799],[30.11246,-2.02775]]]}},{"type":"Feature","properties":{"d":"Gasabo","s":"Bumbogo","c":"Musave"},"geometry":{"type":"Polygon","coordinates":[[[30.17494,-1.90609],[30.17416,-1.9065],[30.17417,-1.90654],[30.1741,-1.90656],[30.17409,-1.90654],[30.17343,-1.90688],[30.17318,-1.90699],[30.17285,-1.9071],[30.17228,-1.90714],[30.17219,-1.90715],[30.17189,-1.90711],[30.1697,-1.90798],[30.16909,-1.90823],[30.16888,-1.90818],[30.16786,-1.90848],[30.16715,-1.90879],[30.16677,-1.90881],[30.16649,-1.90935],[30.16637,-1.90931],[30.16607,-1.90894],[30.16592,-1.90866],[30.16572,-1.90862],[30.16567,-1.90872],[30.16564,-1.90895],[30.16553,-1.90928],[30.16544,-1.90932],[30.16541,-1.90948],[30.16537,-1.90992],[30.1654,-1.91019],[30.16534,-1.91032],[30.16412,-1.91061],[30.16353,-1.91092],[30.16307,-1.91091],[30.16257,-1.9116],[30.1627,-1.912],[30.16273,-1.91219],[30.1627,-1.91236],[30.16262,-1.91256],[30.16245,-1.91279],[30.16226,-1.913],[30.16221,-1.91311],[30.1622,-1.9134],[30.16213,-1.91373],[30.16212,-1.91382],[30.16215,-1.9139],[30.16215,-1.91401],[30.16207,-1.91433],[30.162,-1.91452],[30.16191,-1.91467],[30.16182,-1.91477],[30.16168,-1.91486],[30.16156,-1.91489],[30.16124,-1.91492],[30.16115,-1.91495],[30.16108,-1.91501],[30.161,-1.91513],[30.16091,-1.91533],[30.16086,-1.91567],[30.1608,-1.91585],[30.16067,-1.91604],[30.16046,-1.91632],[30.1604,-1.91644],[30.16038,-1.91654],[30.16039,-1.91708],[30.16036,-1.91745],[30.16033,-1.91765],[30.16025,-1.9179],[30.1602,-1.91798],[30.16009,-1.91813],[30.1597,-1.91861],[30.15939,-1.91896],[30.15917,-1.9191],[30.15909,-1.91919],[30.15901,-1.91931],[30.15898,-1.91941],[30.15894,-1.91957],[30.15892,-1.91975],[30.15885,-1.92172],[30.15883,-1.92205],[30.15879,-1.92221],[30.15882,-1.9226],[30.15883,-1.92351],[30.15882,-1.92401],[30.15882,-1.92435],[30.15879,-1.92468],[30.15876,-1.92482],[30.15861,-1.92517],[30.15858,-1.92526],[30.15851,-1.92536],[30.15803,-1.92595],[30.15788,-1.92605],[30.15766,-1.92626],[30.15755,-1.92634],[30.1574,-1.92639],[30.15725,-1.92638],[30.15714,-1.92635],[30.15691,-1.92627],[30.15661,-1.9262],[30.15645,-1.92619],[30.15625,-1.9263],[30.15598,-1.92661],[30.15578,-1.92665],[30.15535,-1.92669],[30.15534,-1.92671],[30.1554,-1.92675],[30.15543,-1.92683],[30.1556,-1.92699],[30.15601,-1.92702],[30.15613,-1.92701],[30.15624,-1.92698],[30.15635,-1.92689],[30.15642,-1.92679],[30.15649,-1.92699],[30.15671,-1.92689],[30.15678,-1.92714],[30.15691,-1.92771],[30.15708,-1.92777],[30.15728,-1.92796],[30.15746,-1.92811],[30.15754,-1.92823],[30.15773,-1.92895],[30.15797,-1.92949],[30.15812,-1.93],[30.15847,-1.93083],[30.15879,-1.93165],[30.15886,-1.93179],[30.15901,-1.93197],[30.15962,-1.9324],[30.15987,-1.93272],[30.16016,-1.93314],[30.16032,-1.93348],[30.16042,-1.93375],[30.16052,-1.93427],[30.16058,-1.93532],[30.16065,-1.93582],[30.16065,-1.93592],[30.16066,-1.93626],[30.1606,-1.93667],[30.16067,-1.93764],[30.16086,-1.93818],[30.16141,-1.93883],[30.16187,-1.93918],[30.16213,-1.93939],[30.1633,-1.94008],[30.16392,-1.9405],[30.16528,-1.94144],[30.16579,-1.94146],[30.16608,-1.94148],[30.16698,-1.94172],[30.16791,-1.9421],[30.16854,-1.94225],[30.1689,-1.94255],[30.16888,-1.94266],[30.16897,-1.94263],[30.16897,-1.94252],[30.16888,-1.94209],[30.1688,-1.94155],[30.16887,-1.94157],[30.16906,-1.9416],[30.1691,-1.94158],[30.16916,-1.94107],[30.16915,-1.94104],[30.16909,-1.94102],[30.16899,-1.94107],[30.1687,-1.94111],[30.16872,-1.94029],[30.16891,-1.93957],[30.1697,-1.93834],[30.16992,-1.93776],[30.17016,-1.93742],[30.17066,-1.93641],[30.17109,-1.93555],[30.1714,-1.93506],[30.17137,-1.93504],[30.17138,-1.93502],[30.1717,-1.93444],[30.17181,-1.93428],[30.17208,-1.93372],[30.17219,-1.93335],[30.17233,-1.93279],[30.17235,-1.93265],[30.17235,-1.9325],[30.17247,-1.93249],[30.1725,-1.93251],[30.17267,-1.93269],[30.17286,-1.93293],[30.17302,-1.93323],[30.1733,-1.93367],[30.17359,-1.93408],[30.17373,-1.93423],[30.17383,-1.93427],[30.17391,-1.93433],[30.17396,-1.93438],[30.17397,-1.93442],[30.17413,-1.93449],[30.17414,-1.9345],[30.17418,-1.93441],[30.17435,-1.93443],[30.17451,-1.93438],[30.17459,-1.93432],[30.17477,-1.93415],[30.17496,-1.93388],[30.1751,-1.93358],[30.17525,-1.93332],[30.17536,-1.93303],[30.17572,-1.93248],[30.17602,-1.93206],[30.17628,-1.93173],[30.17652,-1.93149],[30.17691,-1.93122],[30.17698,-1.93114],[30.17734,-1.93086],[30.17752,-1.93064],[30.17769,-1.93047],[30.17783,-1.93033],[30.17836,-1.92989],[30.17856,-1.92972],[30.17868,-1.92964],[30.17902,-1.92933],[30.17917,-1.9292],[30.17922,-1.92916],[30.17955,-1.92893],[30.17995,-1.92868],[30.18001,-1.92864],[30.18022,-1.92853],[30.18028,-1.9285],[30.18052,-1.9284],[30.18066,-1.92836],[30.18076,-1.92834],[30.1808,-1.92834],[30.18081,-1.92834],[30.18263,-1.92608],[30.18285,-1.92574],[30.18312,-1.92533],[30.18331,-1.92505],[30.18407,-1.92372],[30.18423,-1.92328],[30.18435,-1.92233],[30.18435,-1.92109],[30.18459,-1.92023],[30.18501,-1.91922],[30.18486,-1.91865],[30.18416,-1.91764],[30.18383,-1.91667],[30.18376,-1.91622],[30.18341,-1.91556],[30.18292,-1.91489],[30.18248,-1.91118],[30.17921,-1.91015],[30.17918,-1.91014],[30.1784,-1.90991],[30.17811,-1.90984],[30.17761,-1.90938],[30.17718,-1.90902],[30.17665,-1.90852],[30.17494,-1.90609]]]}},{"type":"Feature","properties":{"d":"Gasabo","s":"Gisozi","c":"Musezero"},"geometry":{"type":"Polygon","coordinates":[[[30.06108,-1.90301],[30.05998,-1.90234],[30.05801,-1.90122],[30.05756,-1.90156],[30.05721,-1.90187],[30.05662,-1.90231],[30.05562,-1.90311],[30.05495,-1.9036],[30.05467,-1.90385],[30.05426,-1.90416],[30.05386,-1.90449],[30.05428,-1.90524],[30.05426,-1.90526],[30.05443,-1.90529],[30.05451,-1.90551],[30.05452,-1.90556],[30.05461,-1.90568],[30.05456,-1.90583],[30.05459,-1.90607],[30.05482,-1.90678],[30.05499,-1.90717],[30.0551,-1.90782],[30.0552,-1.90823],[30.05533,-1.90864],[30.05544,-1.90895],[30.05548,-1.90878],[30.056,-1.90814],[30.05609,-1.9085],[30.05615,-1.90857],[30.0562,-1.90861],[30.05634,-1.90866],[30.05638,-1.90866],[30.05642,-1.90863],[30.05643,-1.90844],[30.0563,-1.90823],[30.05642,-1.90825],[30.05666,-1.90838],[30.05684,-1.90852],[30.05703,-1.90864],[30.05716,-1.9089],[30.05729,-1.90911],[30.05756,-1.90954],[30.05762,-1.90968],[30.05766,-1.9098],[30.05764,-1.90984],[30.05753,-1.90996],[30.0575,-1.90997],[30.05759,-1.91037],[30.05764,-1.91051],[30.05759,-1.91058],[30.05751,-1.91074],[30.05745,-1.91077],[30.05742,-1.91087],[30.05746,-1.9109],[30.05742,-1.911],[30.05745,-1.91102],[30.05742,-1.91113],[30.05743,-1.91121],[30.05754,-1.91121],[30.05789,-1.91118],[30.05803,-1.91121],[30.05826,-1.91123],[30.05827,-1.91124],[30.05833,-1.91123],[30.05851,-1.91117],[30.05861,-1.91113],[30.05865,-1.91109],[30.05882,-1.91104],[30.05894,-1.91099],[30.05897,-1.91099],[30.05909,-1.91084],[30.05915,-1.91075],[30.05925,-1.91064],[30.05928,-1.91065],[30.05935,-1.91074],[30.05939,-1.91089],[30.05935,-1.91088],[30.05935,-1.91098],[30.05938,-1.91122],[30.05956,-1.91122],[30.05956,-1.91147],[30.05964,-1.91144],[30.05968,-1.91146],[30.05964,-1.91151],[30.05958,-1.91177],[30.05958,-1.91185],[30.05955,-1.91188],[30.05953,-1.91202],[30.05954,-1.91208],[30.05959,-1.91215],[30.05954,-1.91234],[30.05955,-1.91235],[30.05949,-1.91255],[30.05934,-1.91252],[30.05933,-1.91262],[30.05934,-1.91265],[30.05933,-1.91276],[30.05932,-1.91279],[30.0593,-1.91279],[30.05921,-1.91295],[30.05928,-1.91301],[30.05917,-1.91323],[30.05916,-1.91327],[30.05943,-1.91338],[30.05945,-1.9134],[30.05946,-1.91345],[30.05935,-1.91356],[30.05932,-1.91363],[30.05928,-1.9138],[30.05917,-1.9141],[30.05914,-1.91426],[30.05914,-1.9144],[30.05912,-1.91448],[30.05912,-1.91451],[30.05914,-1.91451],[30.05914,-1.91465],[30.05913,-1.91474],[30.05923,-1.91488],[30.05925,-1.91495],[30.05947,-1.9152],[30.0595,-1.91531],[30.05966,-1.91563],[30.05969,-1.91563],[30.05969,-1.91566],[30.05974,-1.91572],[30.05994,-1.91605],[30.05993,-1.91608],[30.05963,-1.91671],[30.05973,-1.91674],[30.05971,-1.91712],[30.05983,-1.9172],[30.05989,-1.91724],[30.05991,-1.91733],[30.05998,-1.9175],[30.06002,-1.91755],[30.06017,-1.91761],[30.06022,-1.91768],[30.06028,-1.91781],[30.06034,-1.91809],[30.06039,-1.91818],[30.06044,-1.91832],[30.06045,-1.91858],[30.06053,-1.91871],[30.06052,-1.9188],[30.06054,-1.91882],[30.06054,-1.91889],[30.06057,-1.91891],[30.06056,-1.91904],[30.06058,-1.91904],[30.06055,-1.91913],[30.06069,-1.91918],[30.06086,-1.91928],[30.06086,-1.91929],[30.06098,-1.91933],[30.06091,-1.91951],[30.06111,-1.91961],[30.0612,-1.91966],[30.06123,-1.9197],[30.06122,-1.91976],[30.06117,-1.91988],[30.06125,-1.91996],[30.06079,-1.92039],[30.06092,-1.92084],[30.0609,-1.9211],[30.06063,-1.92106],[30.06046,-1.92102],[30.06041,-1.92103],[30.06064,-1.92161],[30.06074,-1.92164],[30.06061,-1.92245],[30.06079,-1.92253],[30.0609,-1.92267],[30.06097,-1.92281],[30.06104,-1.92305],[30.061,-1.92325],[30.06099,-1.92339],[30.06102,-1.9235],[30.06124,-1.92356],[30.06141,-1.92356],[30.0615,-1.9236],[30.0617,-1.9238],[30.06184,-1.92389],[30.06204,-1.92405],[30.06205,-1.92405],[30.06219,-1.92417],[30.06234,-1.92435],[30.06242,-1.92438],[30.06252,-1.9246],[30.06251,-1.92461],[30.06266,-1.92486],[30.06269,-1.92486],[30.06274,-1.92494],[30.06273,-1.92495],[30.06275,-1.92499],[30.06278,-1.92499],[30.06302,-1.92551],[30.06313,-1.92583],[30.06311,-1.92585],[30.06316,-1.92606],[30.06317,-1.92613],[30.0632,-1.92621],[30.0632,-1.92627],[30.06323,-1.9264],[30.06326,-1.92644],[30.06324,-1.92646],[30.06326,-1.9265],[30.06327,-1.9265],[30.06333,-1.92666],[30.06352,-1.92669],[30.06394,-1.92712],[30.06411,-1.9272],[30.06421,-1.92742],[30.06441,-1.92769],[30.06458,-1.92786],[30.06474,-1.92843],[30.06472,-1.92851],[30.06468,-1.92874],[30.06457,-1.92963],[30.06495,-1.92939],[30.06639,-1.92783],[30.06705,-1.92754],[30.06798,-1.9269],[30.06877,-1.92668],[30.0692,-1.92663],[30.06985,-1.92651],[30.07018,-1.92652],[30.07058,-1.92663],[30.07174,-1.92699],[30.07221,-1.92698],[30.07263,-1.92688],[30.0733,-1.92654],[30.07375,-1.92641],[30.07339,-1.92607],[30.07388,-1.92582],[30.07549,-1.9243],[30.07634,-1.92325],[30.07609,-1.92298],[30.07572,-1.92263],[30.07549,-1.92236],[30.07578,-1.92203],[30.07542,-1.92127],[30.07505,-1.92137],[30.07498,-1.92102],[30.07492,-1.92064],[30.07485,-1.9202],[30.07483,-1.91939],[30.07501,-1.91918],[30.07503,-1.91879],[30.07506,-1.91874],[30.07523,-1.91839],[30.07525,-1.91836],[30.07526,-1.91806],[30.07525,-1.91781],[30.07522,-1.91765],[30.07528,-1.9176],[30.07533,-1.91751],[30.07538,-1.91735],[30.07535,-1.91708],[30.07529,-1.91697],[30.07526,-1.9169],[30.07541,-1.91674],[30.07593,-1.91584],[30.07592,-1.91575],[30.07581,-1.9156],[30.07566,-1.91553],[30.07577,-1.91523],[30.07616,-1.91469],[30.07615,-1.91458],[30.07596,-1.91425],[30.07558,-1.91364],[30.0753,-1.91327],[30.0751,-1.91267],[30.07508,-1.91265],[30.07499,-1.91243],[30.07497,-1.91236],[30.07499,-1.91233],[30.07493,-1.91212],[30.07487,-1.91202],[30.07481,-1.91188],[30.07479,-1.91156],[30.07472,-1.91143],[30.0747,-1.9114],[30.07479,-1.91133],[30.0748,-1.9113],[30.07471,-1.9113],[30.07455,-1.911],[30.07454,-1.91102],[30.07433,-1.9103],[30.07431,-1.9102],[30.07434,-1.9102],[30.07438,-1.91016],[30.07445,-1.91008],[30.07441,-1.90956],[30.0744,-1.90936],[30.07413,-1.90857],[30.07389,-1.908],[30.07244,-1.90752],[30.07155,-1.90714],[30.07093,-1.90625],[30.07031,-1.90586],[30.06874,-1.90406],[30.06846,-1.90367],[30.06842,-1.90355],[30.06829,-1.90317],[30.06819,-1.90306],[30.06812,-1.90305],[30.0672,-1.90287],[30.06637,-1.90279],[30.06581,-1.90262],[30.06473,-1.90251],[30.06425,-1.90255],[30.06316,-1.90296],[30.06139,-1.90319],[30.06108,-1.90301]]]}},{"type":"Feature","properties":{"d":"Kicukiro","s":"Kagarama","c":"Muyange"},"geometry":{"type":"Polygon","coordinates":[[[30.12909,-1.99332],[30.12903,-1.99317],[30.12818,-1.99297],[30.12542,-1.99233],[30.12544,-1.99225],[30.12354,-1.99127],[30.12312,-1.99104],[30.12303,-1.99098],[30.12289,-1.9909],[30.12242,-1.99066],[30.12188,-1.99033],[30.12169,-1.99019],[30.12077,-1.98965],[30.12061,-1.98996],[30.1204,-1.99023],[30.1203,-1.99033],[30.11985,-1.99117],[30.1196,-1.99151],[30.11927,-1.99203],[30.11964,-1.99227],[30.12042,-1.99293],[30.11981,-1.99366],[30.11977,-1.99366],[30.11962,-1.9938],[30.11956,-1.99375],[30.11948,-1.99387],[30.11956,-1.99396],[30.11952,-1.994],[30.11971,-1.99415],[30.11946,-1.99449],[30.11965,-1.99474],[30.11946,-1.99497],[30.11925,-1.99477],[30.11868,-1.99527],[30.11842,-1.99559],[30.118,-1.99593],[30.11699,-1.99614],[30.11617,-1.99619],[30.11593,-1.99619],[30.11519,-1.9964],[30.11517,-1.99649],[30.11524,-1.99665],[30.11531,-1.99678],[30.11538,-1.99687],[30.11555,-1.99702],[30.1156,-1.99708],[30.11587,-1.99733],[30.11611,-1.9976],[30.11614,-1.9977],[30.11626,-1.99782],[30.11645,-1.99805],[30.11608,-1.99842],[30.11561,-1.9988],[30.1152,-1.99896],[30.11519,-1.99921],[30.11507,-1.99934],[30.11493,-1.99944],[30.11486,-1.99958],[30.11473,-1.99974],[30.11477,-1.9999],[30.11496,-2.00002],[30.11503,-2.00034],[30.11525,-2.00036],[30.1154,-2.00045],[30.11548,-2.00054],[30.11559,-2.0006],[30.11566,-2.00072],[30.11601,-2.00098],[30.11621,-2.00104],[30.11633,-2.00104],[30.11683,-2.00117],[30.11705,-2.00131],[30.11709,-2.00137],[30.11785,-2.00193],[30.1184,-2.00216],[30.11903,-2.00238],[30.11909,-2.00242],[30.11946,-2.00255],[30.11963,-2.00265],[30.12,-2.0029],[30.12016,-2.00296],[30.12033,-2.00305],[30.1204,-2.00306],[30.12048,-2.0031],[30.12054,-2.00319],[30.12066,-2.00332],[30.12108,-2.00363],[30.12115,-2.00377],[30.12121,-2.00384],[30.12143,-2.004],[30.12189,-2.00432],[30.12218,-2.00465],[30.12226,-2.00473],[30.12236,-2.00486],[30.12248,-2.00498],[30.12273,-2.00532],[30.12281,-2.00542],[30.12291,-2.00559],[30.12316,-2.00581],[30.12327,-2.00596],[30.12346,-2.00635],[30.12356,-2.00666],[30.12365,-2.00686],[30.12369,-2.00692],[30.1238,-2.007],[30.1239,-2.00715],[30.1241,-2.00737],[30.12412,-2.00741],[30.12416,-2.00752],[30.12423,-2.00764],[30.12425,-2.00774],[30.12432,-2.00784],[30.12429,-2.00786],[30.12437,-2.00799],[30.12444,-2.00799],[30.12463,-2.0082],[30.12486,-2.00851],[30.12488,-2.0086],[30.12489,-2.00863],[30.12498,-2.00869],[30.12508,-2.00883],[30.12528,-2.00898],[30.12556,-2.00944],[30.12621,-2.01],[30.12633,-2.01032],[30.12655,-2.0103],[30.12831,-2.01121],[30.12836,-2.01129],[30.12854,-2.0115],[30.12858,-2.01149],[30.12863,-2.01145],[30.12865,-2.01139],[30.12899,-2.01157],[30.129,-2.01156],[30.12912,-2.01165],[30.12913,-2.01164],[30.13116,-2.0127],[30.13127,-2.01269],[30.13144,-2.01265],[30.13172,-2.01267],[30.13198,-2.01265],[30.13223,-2.01273],[30.13275,-2.01294],[30.13303,-2.013],[30.13314,-2.01306],[30.13317,-2.01305],[30.13338,-2.01286],[30.13342,-2.01285],[30.13363,-2.01304],[30.13363,-2.01308],[30.1336,-2.0132],[30.13368,-2.01322],[30.13377,-2.01327],[30.13381,-2.01332],[30.1338,-2.01339],[30.13373,-2.01359],[30.13379,-2.01368],[30.13398,-2.01376],[30.13417,-2.01386],[30.13436,-2.01398],[30.13455,-2.01403],[30.13492,-2.01402],[30.13524,-2.01409],[30.13554,-2.01417],[30.13577,-2.01424],[30.1358,-2.01427],[30.13554,-2.01371],[30.13518,-2.0118],[30.13492,-2.01037],[30.13481,-2.00967],[30.13498,-2.00971],[30.13423,-2.00513],[30.13403,-2.00392],[30.13326,-2.00224],[30.1323,-2.00015],[30.13167,-1.99867],[30.13162,-1.99869],[30.13078,-1.99748],[30.13073,-1.99732],[30.13068,-1.99721],[30.13063,-1.99692],[30.13053,-1.99657],[30.12909,-1.99332]]]}},{"type":"Feature","properties":{"d":"Gasabo","s":"Bumbogo","c":"Mvuzo"},"geometry":{"type":"Polygon","coordinates":[[[30.14301,-1.86091],[30.14282,-1.86081],[30.14236,-1.86055],[30.14208,-1.86036],[30.1418,-1.8602],[30.14169,-1.8601],[30.14157,-1.86003],[30.14132,-1.85983],[30.14092,-1.85947],[30.14094,-1.85967],[30.14094,-1.86],[30.14086,-1.86103],[30.14081,-1.86125],[30.14073,-1.8615],[30.14051,-1.86194],[30.14033,-1.86244],[30.14029,-1.86258],[30.14022,-1.86299],[30.14008,-1.86341],[30.13998,-1.86376],[30.13982,-1.86425],[30.13963,-1.86491],[30.13927,-1.8658],[30.1391,-1.86632],[30.13914,-1.86633],[30.1387,-1.8676],[30.1387,-1.86778],[30.1385,-1.86848],[30.13849,-1.86918],[30.13822,-1.86992],[30.13817,-1.87029],[30.13761,-1.87158],[30.13756,-1.87179],[30.13762,-1.87216],[30.13743,-1.87241],[30.1374,-1.87243],[30.13733,-1.87256],[30.13596,-1.87438],[30.13589,-1.87573],[30.1357,-1.87602],[30.13489,-1.87689],[30.13485,-1.87711],[30.13473,-1.87843],[30.13481,-1.87895],[30.13471,-1.87937],[30.13425,-1.88008],[30.13423,-1.88024],[30.13397,-1.88038],[30.13394,-1.88038],[30.13393,-1.8804],[30.13391,-1.88043],[30.13353,-1.88063],[30.13269,-1.88095],[30.13248,-1.88111],[30.13235,-1.88124],[30.13218,-1.88146],[30.13151,-1.88179],[30.13101,-1.8819],[30.13071,-1.88181],[30.13024,-1.88182],[30.12984,-1.88195],[30.12935,-1.88188],[30.12923,-1.88182],[30.12918,-1.8818],[30.12917,-1.88178],[30.12911,-1.88175],[30.12834,-1.88177],[30.12765,-1.88165],[30.12765,-1.88204],[30.12776,-1.88228],[30.12752,-1.88249],[30.12767,-1.88264],[30.1278,-1.88277],[30.12852,-1.88301],[30.12907,-1.88338],[30.12915,-1.8836],[30.12863,-1.88447],[30.12855,-1.88517],[30.12836,-1.88566],[30.12842,-1.88667],[30.12835,-1.88675],[30.12829,-1.88701],[30.12824,-1.88712],[30.12824,-1.88724],[30.12832,-1.88746],[30.12831,-1.88761],[30.12831,-1.8877],[30.12843,-1.88767],[30.12864,-1.88813],[30.12864,-1.88852],[30.12863,-1.88873],[30.12861,-1.88895],[30.12871,-1.88928],[30.12888,-1.88943],[30.12895,-1.8895],[30.12905,-1.8896],[30.1292,-1.8898],[30.12936,-1.89013],[30.12938,-1.89039],[30.12944,-1.89065],[30.12956,-1.89098],[30.12982,-1.89141],[30.13045,-1.89212],[30.13052,-1.89217],[30.13101,-1.89302],[30.13111,-1.89307],[30.13109,-1.89337],[30.1311,-1.89337],[30.13112,-1.89337],[30.13112,-1.89337],[30.13116,-1.89338],[30.13141,-1.89337],[30.13173,-1.89343],[30.13199,-1.89349],[30.13223,-1.89362],[30.1323,-1.89365],[30.1329,-1.89413],[30.13466,-1.89501],[30.13499,-1.89509],[30.13527,-1.89516],[30.13535,-1.89512],[30.13574,-1.89517],[30.13635,-1.89515],[30.13706,-1.89508],[30.13795,-1.89494],[30.13813,-1.89474],[30.1384,-1.89439],[30.13844,-1.89434],[30.13853,-1.89423],[30.13896,-1.89384],[30.13948,-1.89344],[30.14014,-1.89288],[30.14095,-1.8924],[30.14242,-1.89165],[30.14278,-1.89146],[30.14332,-1.89115],[30.14385,-1.89079],[30.14415,-1.89065],[30.14438,-1.89039],[30.14466,-1.89003],[30.14506,-1.88973],[30.14547,-1.88947],[30.14587,-1.88928],[30.14605,-1.88916],[30.14621,-1.88897],[30.14635,-1.88872],[30.14635,-1.88874],[30.1461,-1.88999],[30.14608,-1.89002],[30.14632,-1.89017],[30.14665,-1.89028],[30.1469,-1.8904],[30.14687,-1.89055],[30.14724,-1.8908],[30.14721,-1.89089],[30.14736,-1.89108],[30.14749,-1.89117],[30.14754,-1.89124],[30.14761,-1.89131],[30.14759,-1.8914],[30.14765,-1.89151],[30.14758,-1.89166],[30.14778,-1.89168],[30.14796,-1.89174],[30.14812,-1.89175],[30.14881,-1.89155],[30.14895,-1.89148],[30.14934,-1.89141],[30.14947,-1.89131],[30.1496,-1.89125],[30.14973,-1.89127],[30.15004,-1.89122],[30.1502,-1.89122],[30.15044,-1.89126],[30.15055,-1.8913],[30.15067,-1.89139],[30.1508,-1.89143],[30.1513,-1.89145],[30.15141,-1.89144],[30.15149,-1.89157],[30.15181,-1.89181],[30.15193,-1.89186],[30.15209,-1.89198],[30.15231,-1.89232],[30.15232,-1.89271],[30.1524,-1.8928],[30.15243,-1.89287],[30.15259,-1.893],[30.15261,-1.89303],[30.1528,-1.89305],[30.15294,-1.89315],[30.153,-1.89326],[30.1531,-1.89338],[30.15317,-1.89349],[30.15316,-1.89363],[30.15318,-1.89369],[30.1536,-1.89428],[30.15372,-1.89437],[30.15375,-1.89444],[30.15382,-1.89447],[30.15391,-1.89454],[30.15412,-1.89457],[30.1543,-1.89464],[30.15436,-1.89472],[30.15447,-1.89478],[30.15455,-1.89485],[30.15461,-1.89483],[30.15466,-1.89484],[30.15462,-1.89464],[30.15446,-1.89444],[30.15407,-1.89361],[30.15408,-1.89347],[30.15411,-1.89337],[30.15408,-1.89333],[30.15443,-1.8926],[30.1545,-1.89161],[30.15448,-1.89132],[30.1545,-1.89105],[30.15477,-1.89063],[30.15498,-1.89046],[30.15513,-1.89015],[30.15554,-1.88986],[30.15669,-1.88835],[30.15671,-1.8882],[30.15668,-1.88813],[30.1567,-1.888],[30.15685,-1.8875],[30.15693,-1.88733],[30.15698,-1.88711],[30.15715,-1.88676],[30.15735,-1.8865],[30.15757,-1.88631],[30.15764,-1.88619],[30.1577,-1.88599],[30.15774,-1.88573],[30.15772,-1.88555],[30.15766,-1.88537],[30.1575,-1.88511],[30.15745,-1.885],[30.15742,-1.88484],[30.15743,-1.88469],[30.15748,-1.88457],[30.15757,-1.88441],[30.15836,-1.88184],[30.15839,-1.88137],[30.15837,-1.88074],[30.15838,-1.88054],[30.15847,-1.88004],[30.15851,-1.8799],[30.15868,-1.87925],[30.15873,-1.87887],[30.15868,-1.87838],[30.15849,-1.87753],[30.15826,-1.8767],[30.1581,-1.87583],[30.15813,-1.87565],[30.15828,-1.8753],[30.15878,-1.87422],[30.15896,-1.87372],[30.15906,-1.87354],[30.15947,-1.87316],[30.16019,-1.87264],[30.1608,-1.87226],[30.16138,-1.87195],[30.16241,-1.87155],[30.16294,-1.87119],[30.16313,-1.87108],[30.1632,-1.871],[30.16331,-1.87094],[30.16285,-1.8708],[30.16179,-1.87057],[30.1611,-1.87034],[30.15986,-1.87017],[30.1594,-1.87029],[30.15918,-1.87032],[30.15898,-1.87028],[30.1587,-1.87027],[30.15782,-1.87036],[30.15769,-1.87031],[30.15764,-1.87023],[30.15763,-1.87022],[30.15668,-1.87087],[30.15647,-1.87085],[30.15601,-1.87049],[30.15596,-1.87046],[30.15579,-1.87032],[30.15526,-1.87004],[30.15468,-1.86909],[30.15459,-1.869],[30.15455,-1.86888],[30.15449,-1.86883],[30.15444,-1.86882],[30.15424,-1.86865],[30.15397,-1.8683],[30.1538,-1.86802],[30.15376,-1.86797],[30.15373,-1.8679],[30.15374,-1.86778],[30.15367,-1.86766],[30.15359,-1.86758],[30.15348,-1.86753],[30.15335,-1.86738],[30.15309,-1.86683],[30.15298,-1.8667],[30.15288,-1.86663],[30.15279,-1.86648],[30.15266,-1.86634],[30.15259,-1.86621],[30.15256,-1.86619],[30.15253,-1.86614],[30.15247,-1.86611],[30.15238,-1.866],[30.15225,-1.86594],[30.15222,-1.86589],[30.15216,-1.86567],[30.15213,-1.86565],[30.15166,-1.86542],[30.15094,-1.86526],[30.1503,-1.86525],[30.14976,-1.865],[30.1496,-1.86472],[30.14933,-1.86453],[30.14898,-1.86437],[30.14827,-1.86419],[30.14815,-1.86418],[30.14815,-1.86416],[30.14732,-1.86395],[30.14715,-1.86386],[30.14604,-1.86317],[30.1449,-1.86237],[30.144,-1.86168],[30.14373,-1.86145],[30.14324,-1.861],[30.14317,-1.86104],[30.14301,-1.86091]]]}},{"type":"Feature","properties":{"d":"Nyarugenge","s":"Kigali","c":"Mwendo"},"geometry":{"type":"Polygon","coordinates":[[[30.0059,-1.97012],[30.00576,-1.97005],[30.0056,-1.96997],[30.00404,-1.97025],[30.00317,-1.97001],[30.00069,-1.97121],[30.00037,-1.97125],[29.99995,-1.97137],[29.99925,-1.97118],[29.99865,-1.97081],[29.99832,-1.97081],[29.99807,-1.97122],[29.9981,-1.97139],[29.99817,-1.97155],[29.99852,-1.97199],[29.99889,-1.97228],[29.9997,-1.97318],[30.00052,-1.97417],[30.00073,-1.9746],[30.00073,-1.97466],[30.00076,-1.97473],[30.00055,-1.97524],[30.00005,-1.97521],[29.9994,-1.97495],[29.99903,-1.9747],[29.99865,-1.9747],[29.99851,-1.97498],[29.9986,-1.97563],[29.99871,-1.97582],[29.99874,-1.97584],[29.99881,-1.97603],[29.99907,-1.97651],[29.99911,-1.97664],[29.99915,-1.97687],[29.99944,-1.97772],[29.99961,-1.97845],[29.99963,-1.97872],[29.99991,-1.97951],[30.00009,-1.97973],[30.00028,-1.98001],[30.00091,-1.98068],[30.00161,-1.98174],[30.00232,-1.98303],[30.00228,-1.98326],[30.0023,-1.98354],[30.0018,-1.98386],[30.00165,-1.98394],[30.00164,-1.98393],[30.00134,-1.98406],[30.00099,-1.98418],[30.0005,-1.98437],[29.99951,-1.98464],[29.99876,-1.98447],[29.99859,-1.98445],[29.99829,-1.98435],[29.99772,-1.98421],[29.99632,-1.98355],[29.99588,-1.98363],[29.9957,-1.98366],[29.9952,-1.98483],[29.99526,-1.9852],[29.9953,-1.98532],[29.99536,-1.9855],[29.99563,-1.98598],[29.99605,-1.98633],[29.99754,-1.98689],[29.99769,-1.98699],[29.99787,-1.98709],[29.99793,-1.98717],[29.99805,-1.98726],[29.99802,-1.98767],[29.99803,-1.98773],[29.99801,-1.98776],[29.998,-1.98791],[29.99745,-1.98861],[29.99732,-1.98871],[29.99699,-1.98908],[29.99666,-1.98934],[29.99603,-1.99035],[29.99517,-1.99151],[29.99456,-1.99202],[29.99343,-1.99233],[29.9929,-1.99255],[29.99293,-1.99275],[29.99299,-1.99323],[29.99326,-1.99365],[29.99349,-1.99386],[29.99389,-1.99397],[29.99444,-1.99403],[29.99503,-1.99376],[29.99606,-1.99263],[29.9961,-1.99261],[29.99622,-1.99245],[29.99659,-1.99229],[29.9966,-1.9923],[29.99666,-1.99226],[29.99699,-1.99245],[29.99704,-1.99258],[29.99712,-1.99262],[29.9972,-1.99283],[29.99719,-1.9929],[29.99726,-1.99305],[29.99703,-1.9937],[29.99686,-1.99402],[29.99655,-1.99482],[29.99648,-1.99547],[29.99615,-1.99598],[29.99504,-1.9965],[29.99494,-1.99679],[29.99491,-1.99698],[29.99514,-1.99738],[29.99541,-1.99738],[29.9959,-1.99723],[29.99669,-1.99726],[29.99728,-1.99753],[29.99828,-1.99827],[29.99988,-1.99835],[30.00039,-1.99829],[30.00088,-1.99844],[30.00148,-1.99908],[30.00152,-1.99929],[30.00144,-1.99939],[30.00144,-1.99943],[30.00136,-1.9995],[30.00119,-1.99971],[30.00027,-1.99985],[29.9999,-1.99987],[29.99937,-1.99993],[29.99917,-2.0003],[29.99936,-2.00097],[29.99979,-2.00121],[30.00067,-2.00147],[30.00083,-2.00151],[30.00278,-2.00169],[30.00282,-2.00171],[30.00295,-2.00171],[30.0036,-2.00194],[30.00388,-2.00232],[30.00577,-2.0017],[30.00745,-2.00081],[30.00936,-1.9995],[30.01017,-1.99862],[30.01137,-1.99788],[30.01137,-1.99783],[30.01146,-1.99784],[30.01199,-1.99694],[30.01226,-1.99648],[30.01227,-1.99649],[30.01269,-1.9957],[30.01304,-1.9953],[30.01361,-1.99424],[30.0141,-1.99308],[30.0145,-1.99266],[30.01521,-1.99198],[30.01523,-1.99184],[30.01587,-1.99172],[30.01759,-1.99085],[30.01891,-1.98982],[30.01996,-1.98928],[30.02036,-1.98907],[30.02054,-1.98903],[30.02185,-1.98871],[30.02305,-1.98885],[30.02565,-1.98855],[30.02816,-1.9885],[30.02847,-1.98866],[30.02894,-1.98878],[30.02961,-1.98843],[30.03114,-1.98851],[30.03144,-1.98863],[30.03145,-1.98871],[30.03171,-1.98835],[30.03177,-1.98801],[30.03182,-1.98761],[30.03193,-1.98742],[30.03202,-1.98735],[30.03217,-1.98717],[30.03228,-1.98702],[30.03231,-1.98692],[30.03228,-1.98676],[30.03215,-1.98635],[30.03212,-1.98595],[30.03214,-1.98583],[30.03224,-1.9854],[30.03235,-1.98507],[30.03158,-1.98556],[30.03141,-1.98572],[30.03109,-1.9858],[30.03085,-1.98576],[30.03038,-1.98562],[30.03016,-1.98537],[30.02985,-1.98495],[30.0295,-1.98458],[30.02916,-1.98453],[30.02855,-1.98454],[30.02803,-1.98474],[30.02779,-1.985],[30.02762,-1.98536],[30.02756,-1.98544],[30.02747,-1.98546],[30.02742,-1.98533],[30.0274,-1.98491],[30.02738,-1.98472],[30.02725,-1.98479],[30.02685,-1.98544],[30.02675,-1.98557],[30.02659,-1.98554],[30.02675,-1.98468],[30.02666,-1.98468],[30.02624,-1.98537],[30.02613,-1.98547],[30.02605,-1.98541],[30.02611,-1.9847],[30.02611,-1.98451],[30.02589,-1.98467],[30.02567,-1.98498],[30.02559,-1.98501],[30.02559,-1.98467],[30.02533,-1.98484],[30.02531,-1.98483],[30.02523,-1.98481],[30.02519,-1.98444],[30.02515,-1.98435],[30.02503,-1.9844],[30.02485,-1.98452],[30.02473,-1.98455],[30.02468,-1.98446],[30.02477,-1.98408],[30.02472,-1.98399],[30.02458,-1.98396],[30.02429,-1.98397],[30.02391,-1.9836],[30.02337,-1.98354],[30.02305,-1.98345],[30.02226,-1.98318],[30.02153,-1.98285],[30.02073,-1.98274],[30.02062,-1.98267],[30.02052,-1.98271],[30.01957,-1.98289],[30.01928,-1.98289],[30.0189,-1.98277],[30.01807,-1.9824],[30.01792,-1.9824],[30.01775,-1.98239],[30.01775,-1.98216],[30.01754,-1.98171],[30.01727,-1.98136],[30.01713,-1.98125],[30.01691,-1.98116],[30.0167,-1.98105],[30.0165,-1.98097],[30.01611,-1.98076],[30.0159,-1.98055],[30.01538,-1.98001],[30.01483,-1.97973],[30.01413,-1.97955],[30.01367,-1.97951],[30.01336,-1.97948],[30.01347,-1.9787],[30.01337,-1.9781],[30.01315,-1.97775],[30.01365,-1.97538],[30.01345,-1.9748],[30.01371,-1.97419],[30.0137,-1.97382],[30.01373,-1.97371],[30.01352,-1.97368],[30.01364,-1.97344],[30.01282,-1.97317],[30.01222,-1.9729],[30.01136,-1.97247],[30.01101,-1.97215],[30.01053,-1.97182],[30.01051,-1.97183],[30.01046,-1.97183],[30.01049,-1.97173],[30.01015,-1.97169],[30.00929,-1.97125],[30.00754,-1.9706],[30.0059,-1.97012]]]}},{"type":"Feature","properties":{"d":"Gasabo","s":"Bumbogo","c":"Ngara"},"geometry":{"type":"Polygon","coordinates":[[[30.12501,-1.88299],[30.12476,-1.88296],[30.12448,-1.88289],[30.12418,-1.88285],[30.12379,-1.8827],[30.12353,-1.88262],[30.12329,-1.88264],[30.12309,-1.88273],[30.12289,-1.88285],[30.12282,-1.88287],[30.12284,-1.88296],[30.12239,-1.88363],[30.12204,-1.88384],[30.12193,-1.88389],[30.12182,-1.884],[30.12167,-1.88411],[30.12161,-1.88427],[30.12157,-1.8843],[30.12138,-1.88442],[30.12124,-1.88448],[30.12119,-1.88453],[30.12066,-1.88486],[30.12037,-1.88517],[30.11982,-1.88554],[30.11939,-1.88606],[30.11903,-1.88627],[30.11783,-1.8866],[30.11712,-1.887],[30.11655,-1.88719],[30.11623,-1.88719],[30.11436,-1.88822],[30.11389,-1.8885],[30.11308,-1.88946],[30.11293,-1.88955],[30.11246,-1.88969],[30.1121,-1.88977],[30.11076,-1.89031],[30.11004,-1.89069],[30.10953,-1.89079],[30.10772,-1.89073],[30.10909,-1.89155],[30.10991,-1.89185],[30.10996,-1.89185],[30.10995,-1.89186],[30.10999,-1.89187],[30.11061,-1.8921],[30.11272,-1.89236],[30.11329,-1.89251],[30.11359,-1.89271],[30.11479,-1.89308],[30.11495,-1.89284],[30.11506,-1.89275],[30.11525,-1.89272],[30.11549,-1.89271],[30.11595,-1.89273],[30.11609,-1.89276],[30.11674,-1.89298],[30.11684,-1.89313],[30.11703,-1.8933],[30.11714,-1.89342],[30.11722,-1.89348],[30.11732,-1.89359],[30.11734,-1.89387],[30.11735,-1.89392],[30.11741,-1.89401],[30.11743,-1.89416],[30.11747,-1.89427],[30.11756,-1.89446],[30.11746,-1.89451],[30.11751,-1.89454],[30.11802,-1.89513],[30.1186,-1.8956],[30.11871,-1.8957],[30.11882,-1.89582],[30.11885,-1.89583],[30.11892,-1.89582],[30.11925,-1.89574],[30.11928,-1.89583],[30.11941,-1.89602],[30.11955,-1.89613],[30.11973,-1.89623],[30.11945,-1.89625],[30.12036,-1.89728],[30.12068,-1.8978],[30.12067,-1.89789],[30.12063,-1.89792],[30.1204,-1.89815],[30.12031,-1.89879],[30.1197,-1.89986],[30.11771,-1.9017],[30.1171,-1.90216],[30.11978,-1.90222],[30.12191,-1.90198],[30.12208,-1.90205],[30.12212,-1.90207],[30.12263,-1.9023],[30.12301,-1.90246],[30.12374,-1.90325],[30.124,-1.90353],[30.12454,-1.90356],[30.12468,-1.90338],[30.12503,-1.90311],[30.12522,-1.90308],[30.12553,-1.9031],[30.1258,-1.90317],[30.12587,-1.90321],[30.12597,-1.9033],[30.12608,-1.90338],[30.12622,-1.90362],[30.12627,-1.90375],[30.12636,-1.9039],[30.12645,-1.90414],[30.1265,-1.90412],[30.12669,-1.90445],[30.12669,-1.90449],[30.12674,-1.9046],[30.12691,-1.90482],[30.12732,-1.90551],[30.12754,-1.90553],[30.12781,-1.90565],[30.128,-1.90571],[30.12816,-1.90587],[30.12836,-1.906],[30.12843,-1.90604],[30.12844,-1.90618],[30.12838,-1.90623],[30.12845,-1.90654],[30.12844,-1.90655],[30.12846,-1.90659],[30.12864,-1.90733],[30.12868,-1.90793],[30.12873,-1.90797],[30.12868,-1.90804],[30.12882,-1.91],[30.12874,-1.91018],[30.12857,-1.9106],[30.12797,-1.91138],[30.12794,-1.91148],[30.12779,-1.91189],[30.12766,-1.91256],[30.1276,-1.91328],[30.12753,-1.91329],[30.12752,-1.91344],[30.12759,-1.91345],[30.12753,-1.91416],[30.1275,-1.9149],[30.12735,-1.91488],[30.12717,-1.91595],[30.12737,-1.91597],[30.12737,-1.91598],[30.12745,-1.916],[30.12755,-1.91598],[30.12799,-1.91602],[30.12805,-1.91547],[30.12831,-1.91489],[30.12842,-1.9144],[30.12859,-1.91365],[30.12916,-1.91252],[30.1293,-1.91226],[30.12941,-1.91204],[30.12978,-1.91164],[30.12996,-1.9115],[30.13063,-1.91097],[30.13086,-1.9107],[30.13116,-1.91035],[30.13156,-1.91008],[30.13205,-1.90962],[30.13261,-1.9089],[30.13382,-1.90838],[30.13482,-1.9081],[30.1353,-1.90813],[30.13605,-1.90821],[30.13647,-1.90814],[30.13674,-1.9081],[30.13709,-1.90795],[30.13765,-1.90772],[30.13802,-1.90761],[30.13952,-1.90716],[30.13996,-1.90703],[30.14055,-1.90713],[30.14098,-1.90713],[30.14191,-1.90712],[30.14273,-1.90688],[30.14281,-1.90685],[30.14375,-1.90697],[30.14424,-1.90678],[30.14428,-1.90677],[30.14474,-1.90641],[30.14512,-1.90631],[30.14607,-1.90543],[30.14652,-1.90483],[30.14735,-1.90407],[30.14752,-1.90392],[30.14837,-1.90357],[30.14864,-1.90346],[30.1491,-1.90309],[30.14955,-1.90273],[30.14977,-1.90231],[30.15007,-1.902],[30.15018,-1.90179],[30.15044,-1.9013],[30.15118,-1.90094],[30.15204,-1.9001],[30.1525,-1.89934],[30.15289,-1.89841],[30.15307,-1.89811],[30.1533,-1.89776],[30.15342,-1.89712],[30.15448,-1.89664],[30.15464,-1.89643],[30.15506,-1.89646],[30.15502,-1.89627],[30.15504,-1.89619],[30.155,-1.89604],[30.1549,-1.89586],[30.15487,-1.89587],[30.15486,-1.89581],[30.15481,-1.89576],[30.15477,-1.89565],[30.15478,-1.8956],[30.15476,-1.89556],[30.15476,-1.89541],[30.15459,-1.89526],[30.15471,-1.89483],[30.15466,-1.89484],[30.15461,-1.89483],[30.15455,-1.89485],[30.15447,-1.89478],[30.15436,-1.89472],[30.1543,-1.89464],[30.15412,-1.89457],[30.15391,-1.89454],[30.15382,-1.89447],[30.15375,-1.89444],[30.15372,-1.89437],[30.1536,-1.89428],[30.15318,-1.89369],[30.15316,-1.89363],[30.15317,-1.89349],[30.1531,-1.89338],[30.153,-1.89326],[30.15294,-1.89315],[30.1528,-1.89305],[30.15261,-1.89303],[30.15259,-1.893],[30.15243,-1.89287],[30.1524,-1.8928],[30.15232,-1.89271],[30.15231,-1.89232],[30.15209,-1.89198],[30.15193,-1.89186],[30.15181,-1.89181],[30.15149,-1.89157],[30.15141,-1.89144],[30.1513,-1.89145],[30.1508,-1.89143],[30.15067,-1.89139],[30.15055,-1.8913],[30.15044,-1.89126],[30.1502,-1.89122],[30.15004,-1.89122],[30.14973,-1.89127],[30.1496,-1.89125],[30.14947,-1.89131],[30.14934,-1.89141],[30.14895,-1.89148],[30.14881,-1.89155],[30.14812,-1.89175],[30.14796,-1.89174],[30.14778,-1.89168],[30.14758,-1.89166],[30.14765,-1.89151],[30.14759,-1.8914],[30.14761,-1.89131],[30.14754,-1.89124],[30.14749,-1.89117],[30.14736,-1.89108],[30.14721,-1.89089],[30.14724,-1.8908],[30.14687,-1.89055],[30.1469,-1.8904],[30.14665,-1.89028],[30.14632,-1.89017],[30.14608,-1.89002],[30.1461,-1.88999],[30.14635,-1.88874],[30.14635,-1.88872],[30.14621,-1.88897],[30.14605,-1.88916],[30.14587,-1.88928],[30.14547,-1.88947],[30.14506,-1.88973],[30.14466,-1.89003],[30.14438,-1.89039],[30.14415,-1.89065],[30.14385,-1.89079],[30.14332,-1.89115],[30.14278,-1.89146],[30.14242,-1.89165],[30.14095,-1.8924],[30.14014,-1.89288],[30.13948,-1.89344],[30.13896,-1.89384],[30.13853,-1.89423],[30.13844,-1.89434],[30.1384,-1.89439],[30.13813,-1.89474],[30.13795,-1.89494],[30.13706,-1.89508],[30.13635,-1.89515],[30.13574,-1.89517],[30.13535,-1.89512],[30.13527,-1.89516],[30.13499,-1.89509],[30.13466,-1.89501],[30.1329,-1.89413],[30.1323,-1.89365],[30.13223,-1.89362],[30.13199,-1.89349],[30.13173,-1.89343],[30.13141,-1.89337],[30.13116,-1.89338],[30.13112,-1.89337],[30.13112,-1.89337],[30.1311,-1.89337],[30.13109,-1.89337],[30.13111,-1.89307],[30.13101,-1.89302],[30.13052,-1.89217],[30.13045,-1.89212],[30.12982,-1.89141],[30.12956,-1.89098],[30.12944,-1.89065],[30.12938,-1.89039],[30.12936,-1.89013],[30.1292,-1.8898],[30.12905,-1.8896],[30.12895,-1.8895],[30.12888,-1.88943],[30.12871,-1.88928],[30.12861,-1.88895],[30.12863,-1.88873],[30.12864,-1.88852],[30.12864,-1.88813],[30.12843,-1.88767],[30.12831,-1.8877],[30.12831,-1.88761],[30.12832,-1.88746],[30.12824,-1.88724],[30.12824,-1.88712],[30.12829,-1.88701],[30.12835,-1.88675],[30.12842,-1.88667],[30.12836,-1.88566],[30.12855,-1.88517],[30.12863,-1.88447],[30.12915,-1.8836],[30.12907,-1.88338],[30.12852,-1.88301],[30.1278,-1.88277],[30.12767,-1.88264],[30.12753,-1.88273],[30.12702,-1.88268],[30.12648,-1.88269],[30.12617,-1.88274],[30.12592,-1.88281],[30.12572,-1.88284],[30.12522,-1.883],[30.12501,-1.88299]]]}},{"type":"Feature","properties":{"d":"Gasabo","s":"Jabana","c":"Ngiryi"},"geometry":{"type":"Polygon","coordinates":[[[30.07958,-1.82601],[30.07957,-1.82597],[30.07952,-1.82597],[30.07939,-1.82592],[30.07926,-1.8259],[30.07906,-1.82589],[30.0789,-1.82584],[30.07862,-1.82586],[30.07833,-1.82592],[30.07814,-1.82593],[30.0778,-1.82603],[30.07766,-1.82601],[30.07747,-1.82595],[30.07752,-1.82606],[30.07741,-1.82603],[30.07725,-1.826],[30.0771,-1.82602],[30.0768,-1.82601],[30.07648,-1.82606],[30.07635,-1.826],[30.07621,-1.8261],[30.07606,-1.82612],[30.07604,-1.82611],[30.07599,-1.82606],[30.07598,-1.82591],[30.07593,-1.8259],[30.0757,-1.82597],[30.07568,-1.82602],[30.07564,-1.82604],[30.07541,-1.82606],[30.07543,-1.82616],[30.07542,-1.82619],[30.07539,-1.82621],[30.07534,-1.82622],[30.07522,-1.82617],[30.07508,-1.82626],[30.075,-1.82627],[30.07491,-1.82631],[30.07483,-1.8263],[30.07472,-1.82623],[30.07456,-1.82619],[30.07446,-1.82624],[30.0741,-1.82634],[30.07389,-1.82646],[30.07369,-1.82666],[30.07358,-1.82671],[30.07345,-1.82675],[30.07329,-1.82677],[30.07312,-1.82677],[30.07303,-1.82675],[30.07293,-1.82676],[30.07288,-1.82679],[30.07278,-1.82689],[30.07269,-1.82696],[30.07256,-1.82702],[30.07245,-1.82704],[30.07236,-1.82698],[30.07216,-1.82698],[30.07196,-1.82705],[30.07179,-1.82715],[30.07167,-1.82718],[30.07119,-1.82719],[30.07101,-1.82715],[30.0709,-1.8271],[30.07064,-1.82706],[30.07057,-1.827],[30.07047,-1.82699],[30.07034,-1.82701],[30.07011,-1.82699],[30.06998,-1.82695],[30.06986,-1.82695],[30.06968,-1.82697],[30.06958,-1.82704],[30.06945,-1.82708],[30.06894,-1.8271],[30.06884,-1.82712],[30.06857,-1.82729],[30.06834,-1.82737],[30.06802,-1.82739],[30.06789,-1.82742],[30.06789,-1.82745],[30.06787,-1.82747],[30.06771,-1.82753],[30.06765,-1.82754],[30.0675,-1.82755],[30.06743,-1.8276],[30.06736,-1.82769],[30.0673,-1.82773],[30.0672,-1.82773],[30.06709,-1.82769],[30.0668,-1.82754],[30.06664,-1.82753],[30.06656,-1.82755],[30.06631,-1.82776],[30.06603,-1.82796],[30.06581,-1.82811],[30.06558,-1.82822],[30.06547,-1.82823],[30.06527,-1.82827],[30.06499,-1.8284],[30.06473,-1.82849],[30.06448,-1.82848],[30.06436,-1.82859],[30.06395,-1.82861],[30.0638,-1.82859],[30.06373,-1.82857],[30.06362,-1.82859],[30.06343,-1.82869],[30.06336,-1.82888],[30.06316,-1.82929],[30.06304,-1.82951],[30.06286,-1.82972],[30.06258,-1.82996],[30.06175,-1.83058],[30.0617,-1.83059],[30.06155,-1.83056],[30.06131,-1.83067],[30.06114,-1.83078],[30.06089,-1.83099],[30.06073,-1.83114],[30.06048,-1.83144],[30.0601,-1.83184],[30.06009,-1.83185],[30.05998,-1.83182],[30.05992,-1.83181],[30.05988,-1.83189],[30.0598,-1.83194],[30.05964,-1.83209],[30.05945,-1.83219],[30.05941,-1.83226],[30.05939,-1.83233],[30.05939,-1.83242],[30.05943,-1.83251],[30.05951,-1.8326],[30.05945,-1.83277],[30.05944,-1.83285],[30.05953,-1.83288],[30.0595,-1.83304],[30.05947,-1.83314],[30.05934,-1.83337],[30.0592,-1.83357],[30.05913,-1.83359],[30.05921,-1.83363],[30.05921,-1.83368],[30.05924,-1.83376],[30.05923,-1.83381],[30.05918,-1.83389],[30.05904,-1.83402],[30.05895,-1.83409],[30.05877,-1.83417],[30.05866,-1.83428],[30.05852,-1.83437],[30.0584,-1.83465],[30.05829,-1.83486],[30.05813,-1.83511],[30.05785,-1.83562],[30.05756,-1.83601],[30.05753,-1.83615],[30.0575,-1.83614],[30.05743,-1.83642],[30.05733,-1.83675],[30.05722,-1.837],[30.05712,-1.83719],[30.05705,-1.83727],[30.05683,-1.83747],[30.05663,-1.83763],[30.05645,-1.83793],[30.05628,-1.83839],[30.05624,-1.83865],[30.05624,-1.83887],[30.05611,-1.83937],[30.05604,-1.83974],[30.05599,-1.83982],[30.05566,-1.84021],[30.05563,-1.84025],[30.05561,-1.84031],[30.05573,-1.84085],[30.05581,-1.84106],[30.056,-1.84135],[30.05603,-1.8415],[30.05602,-1.84169],[30.05597,-1.84183],[30.05593,-1.84218],[30.05592,-1.84237],[30.05594,-1.84248],[30.05606,-1.84275],[30.05611,-1.84294],[30.05631,-1.84345],[30.05636,-1.84352],[30.05646,-1.84374],[30.05647,-1.84385],[30.05649,-1.84391],[30.05654,-1.84397],[30.05672,-1.84412],[30.05675,-1.84418],[30.05679,-1.84434],[30.05686,-1.84437],[30.05703,-1.84427],[30.05762,-1.84433],[30.05839,-1.84427],[30.05964,-1.84459],[30.05977,-1.84456],[30.05981,-1.84457],[30.05999,-1.84472],[30.06004,-1.84483],[30.05997,-1.84511],[30.05999,-1.84529],[30.05995,-1.84539],[30.05998,-1.84555],[30.06007,-1.84577],[30.06011,-1.84578],[30.06016,-1.84585],[30.0604,-1.84583],[30.06045,-1.84589],[30.06051,-1.84586],[30.06053,-1.84591],[30.06047,-1.84626],[30.06049,-1.84649],[30.06067,-1.84679],[30.06093,-1.84702],[30.06157,-1.84694],[30.06191,-1.84682],[30.06196,-1.84682],[30.06216,-1.84698],[30.06221,-1.84705],[30.06223,-1.84711],[30.06219,-1.8473],[30.06221,-1.84739],[30.06236,-1.84752],[30.06264,-1.84757],[30.06269,-1.8476],[30.06276,-1.84772],[30.06291,-1.84789],[30.06307,-1.84811],[30.06314,-1.84817],[30.06321,-1.8483],[30.06333,-1.84843],[30.06337,-1.84844],[30.06342,-1.84853],[30.06376,-1.84891],[30.0638,-1.8494],[30.06385,-1.84944],[30.06393,-1.84943],[30.06393,-1.84945],[30.06396,-1.84943],[30.06433,-1.84938],[30.06458,-1.84946],[30.06486,-1.84994],[30.06508,-1.85013],[30.06531,-1.85016],[30.06538,-1.85021],[30.06538,-1.85021],[30.06542,-1.85024],[30.06563,-1.85041],[30.06564,-1.85046],[30.06557,-1.85051],[30.06557,-1.85053],[30.0656,-1.85055],[30.06569,-1.85056],[30.06582,-1.8505],[30.06585,-1.85046],[30.0659,-1.85044],[30.06609,-1.85053],[30.06634,-1.85073],[30.06637,-1.85073],[30.06647,-1.85066],[30.06666,-1.85069],[30.06679,-1.85075],[30.06688,-1.85089],[30.06693,-1.85092],[30.06698,-1.85089],[30.067,-1.85091],[30.0671,-1.85096],[30.06734,-1.85122],[30.06736,-1.85123],[30.06743,-1.85122],[30.06749,-1.85124],[30.06757,-1.85128],[30.06762,-1.85129],[30.06769,-1.85132],[30.06778,-1.85132],[30.06816,-1.8514],[30.0684,-1.8515],[30.06851,-1.85157],[30.06858,-1.85155],[30.06867,-1.85146],[30.06867,-1.85144],[30.0687,-1.8514],[30.06875,-1.85142],[30.06883,-1.85152],[30.06889,-1.85157],[30.06891,-1.85157],[30.06897,-1.85154],[30.06908,-1.85134],[30.06918,-1.85123],[30.06923,-1.85121],[30.06938,-1.8512],[30.06961,-1.85122],[30.06977,-1.85111],[30.06984,-1.85113],[30.07001,-1.85113],[30.07005,-1.85114],[30.07033,-1.8513],[30.07046,-1.85141],[30.07052,-1.85151],[30.07057,-1.85164],[30.07058,-1.85174],[30.07053,-1.85183],[30.07051,-1.85195],[30.07039,-1.85209],[30.07041,-1.85215],[30.07049,-1.85218],[30.07055,-1.85228],[30.07061,-1.85235],[30.07066,-1.85238],[30.07098,-1.85238],[30.07106,-1.85239],[30.0711,-1.85243],[30.07112,-1.8526],[30.07116,-1.85266],[30.07119,-1.85267],[30.07139,-1.85262],[30.07145,-1.85259],[30.0715,-1.85247],[30.07147,-1.85234],[30.07147,-1.85227],[30.07149,-1.85224],[30.07154,-1.85222],[30.07162,-1.85227],[30.07174,-1.8525],[30.07176,-1.85251],[30.07184,-1.85244],[30.07188,-1.85243],[30.07194,-1.85245],[30.07199,-1.85249],[30.07198,-1.85257],[30.07192,-1.85282],[30.07194,-1.85293],[30.072,-1.85297],[30.07207,-1.85296],[30.07222,-1.85292],[30.0723,-1.85284],[30.07235,-1.85268],[30.0724,-1.85265],[30.07245,-1.85265],[30.07247,-1.85266],[30.07255,-1.85275],[30.07267,-1.85286],[30.07273,-1.85297],[30.07281,-1.85301],[30.07292,-1.85302],[30.073,-1.85292],[30.0731,-1.8529],[30.07318,-1.85291],[30.07323,-1.85293],[30.07333,-1.85293],[30.07355,-1.85298],[30.07366,-1.85304],[30.07376,-1.85313],[30.07385,-1.85315],[30.07404,-1.85326],[30.07408,-1.85335],[30.0742,-1.8535],[30.0743,-1.85358],[30.07464,-1.85365],[30.07473,-1.85368],[30.0748,-1.85372],[30.07486,-1.85377],[30.07488,-1.85381],[30.07482,-1.85391],[30.07484,-1.854],[30.07502,-1.85419],[30.07506,-1.85419],[30.07532,-1.85429],[30.07537,-1.85433],[30.07545,-1.85444],[30.07572,-1.85462],[30.07579,-1.85463],[30.07587,-1.85459],[30.07595,-1.8546],[30.07596,-1.85461],[30.07594,-1.85477],[30.07599,-1.85484],[30.07602,-1.85496],[30.07608,-1.85499],[30.07614,-1.85512],[30.07625,-1.85514],[30.07636,-1.85518],[30.07661,-1.85534],[30.07669,-1.85536],[30.07694,-1.85537],[30.07706,-1.8555],[30.07727,-1.85566],[30.07735,-1.85577],[30.07746,-1.85585],[30.0778,-1.85591],[30.07794,-1.85598],[30.07799,-1.85602],[30.07808,-1.85614],[30.0781,-1.85619],[30.07809,-1.85623],[30.0781,-1.85628],[30.07814,-1.85683],[30.07828,-1.85726],[30.079,-1.85788],[30.07934,-1.85834],[30.0794,-1.85899],[30.07949,-1.85922],[30.07988,-1.85969],[30.07984,-1.85983],[30.07979,-1.8599],[30.07977,-1.85999],[30.07976,-1.86014],[30.07993,-1.86114],[30.08008,-1.86138],[30.08091,-1.86175],[30.08162,-1.86222],[30.08192,-1.86267],[30.08196,-1.86271],[30.08202,-1.86288],[30.08229,-1.86309],[30.08249,-1.86313],[30.08322,-1.86316],[30.08338,-1.86319],[30.08341,-1.86311],[30.0837,-1.86325],[30.08395,-1.86352],[30.0842,-1.86395],[30.08423,-1.86429],[30.08551,-1.865],[30.0857,-1.86498],[30.08582,-1.86499],[30.08621,-1.86515],[30.08627,-1.86514],[30.08762,-1.86619],[30.08827,-1.86607],[30.08871,-1.86573],[30.08891,-1.86567],[30.089,-1.8658],[30.08907,-1.86581],[30.0891,-1.86552],[30.08908,-1.86526],[30.0891,-1.86484],[30.08919,-1.86464],[30.08921,-1.86448],[30.0892,-1.86445],[30.08892,-1.86418],[30.08892,-1.86414],[30.08912,-1.86377],[30.08928,-1.86344],[30.08964,-1.86323],[30.08967,-1.8632],[30.08962,-1.86299],[30.0894,-1.86262],[30.08944,-1.86246],[30.08946,-1.86244],[30.08979,-1.86232],[30.09001,-1.86216],[30.09025,-1.86199],[30.09052,-1.86164],[30.0907,-1.86157],[30.09095,-1.86161],[30.09116,-1.8617],[30.09121,-1.86175],[30.09122,-1.86178],[30.09126,-1.86214],[30.09128,-1.86218],[30.09132,-1.86218],[30.09183,-1.862],[30.09214,-1.86164],[30.09219,-1.86163],[30.09241,-1.8615],[30.09263,-1.86123],[30.09345,-1.86059],[30.09356,-1.86024],[30.09377,-1.8602],[30.09398,-1.86004],[30.094,-1.86],[30.09407,-1.85995],[30.09426,-1.85991],[30.0944,-1.85986],[30.09456,-1.85969],[30.09462,-1.85961],[30.09471,-1.85956],[30.09484,-1.85953],[30.09498,-1.85953],[30.09521,-1.85956],[30.09523,-1.85955],[30.09525,-1.85953],[30.09519,-1.85925],[30.09508,-1.85906],[30.09508,-1.85896],[30.09512,-1.85889],[30.09517,-1.85886],[30.09523,-1.85886],[30.09534,-1.85889],[30.09546,-1.85897],[30.09547,-1.85895],[30.09551,-1.85897],[30.09559,-1.85874],[30.09556,-1.8586],[30.09557,-1.85855],[30.09562,-1.8585],[30.09579,-1.85839],[30.09594,-1.85826],[30.09606,-1.85818],[30.0961,-1.85806],[30.09617,-1.85797],[30.09625,-1.85792],[30.09631,-1.85793],[30.09635,-1.85795],[30.09643,-1.85807],[30.0965,-1.85813],[30.09654,-1.85811],[30.09659,-1.85803],[30.09668,-1.8579],[30.09674,-1.85781],[30.09675,-1.85775],[30.09685,-1.85763],[30.0969,-1.8576],[30.09707,-1.8576],[30.09726,-1.85741],[30.09718,-1.85702],[30.09787,-1.85623],[30.09798,-1.85601],[30.09796,-1.85534],[30.09845,-1.85481],[30.09843,-1.85458],[30.09804,-1.85429],[30.0979,-1.85369],[30.09793,-1.85318],[30.09774,-1.85268],[30.09784,-1.85206],[30.09768,-1.85172],[30.09771,-1.85068],[30.09754,-1.85026],[30.09732,-1.85004],[30.09744,-1.84976],[30.09742,-1.84942],[30.09766,-1.84912],[30.09766,-1.84899],[30.09762,-1.84897],[30.09753,-1.8489],[30.09742,-1.84889],[30.09736,-1.84886],[30.09708,-1.84886],[30.09703,-1.84871],[30.09708,-1.84863],[30.0971,-1.84851],[30.09708,-1.8484],[30.0971,-1.84838],[30.09709,-1.84832],[30.09695,-1.848],[30.09693,-1.84799],[30.09692,-1.84794],[30.09669,-1.84778],[30.09662,-1.84767],[30.0966,-1.8476],[30.09663,-1.84719],[30.09703,-1.84685],[30.09696,-1.84625],[30.09701,-1.84618],[30.09715,-1.84609],[30.09757,-1.84603],[30.09736,-1.84572],[30.09736,-1.84555],[30.09716,-1.84509],[30.09715,-1.84485],[30.09686,-1.8447],[30.09679,-1.84431],[30.09638,-1.8443],[30.09631,-1.8442],[30.09554,-1.84388],[30.09529,-1.84386],[30.09518,-1.84366],[30.09524,-1.84299],[30.09497,-1.84295],[30.0946,-1.84311],[30.0943,-1.84335],[30.09429,-1.84331],[30.09426,-1.84305],[30.09397,-1.84266],[30.09391,-1.84225],[30.09376,-1.84218],[30.09365,-1.84218],[30.09341,-1.84259],[30.09272,-1.84248],[30.09261,-1.84244],[30.09255,-1.84229],[30.09264,-1.84191],[30.09263,-1.84182],[30.09255,-1.84181],[30.09222,-1.84193],[30.09213,-1.84211],[30.09184,-1.84228],[30.09179,-1.84212],[30.09187,-1.84179],[30.09177,-1.84166],[30.09166,-1.84166],[30.09119,-1.84188],[30.0909,-1.8422],[30.0908,-1.84164],[30.09049,-1.84151],[30.08976,-1.84165],[30.08966,-1.84231],[30.08956,-1.8424],[30.08913,-1.84224],[30.08844,-1.84243],[30.08822,-1.8423],[30.08802,-1.84203],[30.08769,-1.84198],[30.08738,-1.84199],[30.08718,-1.84227],[30.08692,-1.84232],[30.08663,-1.84216],[30.08605,-1.84154],[30.08614,-1.84122],[30.08611,-1.84096],[30.08553,-1.84062],[30.08507,-1.84056],[30.08494,-1.84022],[30.08499,-1.84008],[30.08534,-1.83997],[30.08544,-1.83981],[30.08535,-1.83955],[30.08499,-1.8395],[30.08495,-1.83952],[30.08457,-1.83889],[30.08447,-1.83878],[30.08443,-1.83878],[30.08407,-1.839],[30.08401,-1.83899],[30.08396,-1.83895],[30.08391,-1.83888],[30.08385,-1.8388],[30.08384,-1.83869],[30.08389,-1.83837],[30.08376,-1.83819],[30.08362,-1.83805],[30.08359,-1.838],[30.08356,-1.83786],[30.08357,-1.83771],[30.08356,-1.83757],[30.08354,-1.8375],[30.0835,-1.83743],[30.08341,-1.83738],[30.08332,-1.83735],[30.08307,-1.83731],[30.08293,-1.83731],[30.08276,-1.83734],[30.08265,-1.83734],[30.0826,-1.83733],[30.08254,-1.83729],[30.08246,-1.83715],[30.08243,-1.83687],[30.0824,-1.83677],[30.0821,-1.83627],[30.08197,-1.836],[30.08192,-1.83578],[30.08191,-1.83542],[30.08183,-1.83526],[30.0817,-1.8351],[30.08154,-1.83497],[30.08129,-1.83499],[30.08111,-1.83496],[30.08087,-1.83485],[30.08071,-1.83467],[30.08034,-1.83421],[30.08042,-1.83417],[30.08027,-1.83388],[30.08024,-1.83376],[30.08023,-1.83349],[30.07996,-1.83266],[30.07978,-1.83251],[30.07963,-1.83234],[30.0794,-1.83212],[30.07932,-1.83203],[30.07925,-1.83186],[30.07923,-1.83171],[30.07924,-1.8312],[30.07937,-1.8305],[30.07924,-1.83016],[30.07904,-1.82912],[30.0791,-1.82826],[30.07903,-1.82778],[30.07908,-1.82749],[30.0796,-1.82716],[30.08021,-1.82646],[30.08022,-1.82642],[30.08016,-1.82637],[30.08014,-1.82631],[30.0801,-1.8263],[30.08001,-1.82634],[30.07995,-1.82633],[30.07986,-1.82619],[30.07958,-1.82601]]]}},{"type":"Feature","properties":{"d":"Kicukiro","s":"Kicukiro","c":"Ngoma"},"geometry":{"type":"Polygon","coordinates":[[[30.09125,-1.96834],[30.08962,-1.96799],[30.08952,-1.96859],[30.0886,-1.96848],[30.08837,-1.96876],[30.08831,-1.96882],[30.08834,-1.96882],[30.08836,-1.96892],[30.08828,-1.9696],[30.08834,-1.96976],[30.08839,-1.96996],[30.0886,-1.97014],[30.08872,-1.97038],[30.08914,-1.9717],[30.08919,-1.97173],[30.0892,-1.97175],[30.08998,-1.97169],[30.09013,-1.97201],[30.09029,-1.97221],[30.09069,-1.97252],[30.09104,-1.97273],[30.09224,-1.97302],[30.09228,-1.97309],[30.09275,-1.9733],[30.09287,-1.97337],[30.09313,-1.97344],[30.09316,-1.97348],[30.09342,-1.97356],[30.09362,-1.97373],[30.09368,-1.97382],[30.09373,-1.97394],[30.09369,-1.97403],[30.09374,-1.97408],[30.09372,-1.97411],[30.09382,-1.97416],[30.09393,-1.97425],[30.09398,-1.97434],[30.09451,-1.97464],[30.09465,-1.97474],[30.09493,-1.97506],[30.09499,-1.9751],[30.09504,-1.97515],[30.09511,-1.97515],[30.09511,-1.97523],[30.09516,-1.97539],[30.09521,-1.97543],[30.09526,-1.97544],[30.09529,-1.9754],[30.09561,-1.9755],[30.09578,-1.97565],[30.09581,-1.97567],[30.09584,-1.97567],[30.09588,-1.9757],[30.09633,-1.97601],[30.09674,-1.97635],[30.09673,-1.97636],[30.09688,-1.97649],[30.0969,-1.97648],[30.097,-1.97656],[30.09707,-1.97662],[30.0971,-1.97662],[30.09722,-1.97675],[30.09739,-1.97689],[30.09745,-1.97685],[30.09756,-1.97671],[30.09788,-1.9765],[30.09798,-1.97642],[30.09814,-1.97633],[30.09817,-1.97637],[30.09854,-1.97594],[30.09852,-1.97592],[30.09864,-1.97579],[30.09859,-1.97576],[30.09849,-1.97574],[30.09876,-1.97507],[30.09889,-1.97501],[30.09897,-1.97488],[30.09901,-1.97474],[30.09918,-1.97476],[30.09964,-1.97467],[30.10041,-1.97459],[30.10187,-1.9744],[30.10185,-1.97417],[30.10183,-1.97355],[30.10179,-1.97347],[30.10168,-1.97261],[30.10169,-1.97239],[30.10165,-1.97218],[30.10161,-1.97179],[30.10159,-1.9717],[30.10056,-1.97181],[30.09978,-1.97191],[30.09926,-1.97189],[30.09866,-1.97182],[30.09825,-1.97166],[30.09775,-1.97136],[30.0974,-1.97108],[30.0967,-1.97062],[30.09629,-1.97037],[30.09425,-1.96997],[30.09306,-1.96975],[30.09172,-1.96954],[30.09152,-1.96931],[30.0911,-1.96925],[30.09109,-1.96924],[30.09113,-1.96889],[30.09114,-1.96884],[30.09116,-1.96885],[30.09125,-1.96834]]]}},{"type":"Feature","properties":{"d":"Kicukiro","s":"Niboye","c":"Niboye"},"geometry":{"type":"Polygon","coordinates":[[[30.11525,-1.96759],[30.11547,-1.96693],[30.11424,-1.96693],[30.11408,-1.96693],[30.11326,-1.96751],[30.11271,-1.96771],[30.11263,-1.96767],[30.11203,-1.96797],[30.11184,-1.96799],[30.11176,-1.96803],[30.11047,-1.96846],[30.10992,-1.96883],[30.10909,-1.96886],[30.10877,-1.96866],[30.1084,-1.96854],[30.1082,-1.96857],[30.10758,-1.96829],[30.10748,-1.96844],[30.10741,-1.9684],[30.1075,-1.96824],[30.10735,-1.96818],[30.10735,-1.96808],[30.1071,-1.96796],[30.10707,-1.968],[30.10682,-1.96797],[30.1065,-1.96785],[30.10633,-1.9679],[30.10606,-1.96782],[30.10602,-1.96784],[30.10587,-1.96798],[30.10583,-1.96789],[30.10578,-1.96795],[30.10574,-1.96795],[30.10578,-1.96802],[30.10563,-1.96823],[30.10573,-1.96832],[30.10582,-1.96846],[30.10565,-1.96848],[30.10523,-1.96841],[30.10505,-1.96837],[30.10484,-1.96838],[30.10468,-1.96839],[30.1046,-1.96844],[30.10448,-1.96846],[30.10425,-1.96848],[30.10398,-1.96848],[30.10389,-1.96843],[30.10379,-1.96831],[30.10374,-1.96819],[30.10375,-1.96806],[30.10374,-1.96799],[30.10376,-1.96792],[30.10377,-1.96778],[30.10335,-1.96746],[30.10279,-1.96715],[30.10282,-1.96746],[30.10275,-1.96757],[30.10261,-1.9676],[30.10277,-1.96768],[30.10285,-1.9678],[30.10291,-1.96803],[30.10295,-1.96846],[30.10298,-1.96867],[30.10338,-1.97031],[30.10353,-1.97149],[30.10363,-1.97236],[30.10386,-1.97334],[30.10393,-1.9735],[30.10396,-1.97352],[30.10398,-1.97349],[30.1067,-1.97491],[30.10742,-1.97526],[30.10989,-1.97646],[30.11163,-1.97762],[30.11173,-1.97773],[30.11195,-1.97783],[30.11465,-1.97975],[30.11489,-1.97994],[30.11545,-1.98032],[30.11571,-1.98055],[30.1158,-1.98061],[30.11584,-1.98049],[30.11582,-1.97989],[30.11567,-1.97892],[30.1154,-1.9779],[30.116,-1.97776],[30.11643,-1.97764],[30.11652,-1.97764],[30.11675,-1.97758],[30.11717,-1.97746],[30.11725,-1.97743],[30.11769,-1.97721],[30.11824,-1.97694],[30.11882,-1.97669],[30.11856,-1.97594],[30.11828,-1.97544],[30.11833,-1.97538],[30.11867,-1.97513],[30.11877,-1.97504],[30.11882,-1.97497],[30.11883,-1.97492],[30.11882,-1.97483],[30.11876,-1.97466],[30.11874,-1.97457],[30.11881,-1.97453],[30.11877,-1.97442],[30.11897,-1.97468],[30.1195,-1.97459],[30.11946,-1.97454],[30.11938,-1.9743],[30.11937,-1.97415],[30.11931,-1.97368],[30.11913,-1.97325],[30.11854,-1.9725],[30.11812,-1.97194],[30.11794,-1.97172],[30.1177,-1.97141],[30.11759,-1.97132],[30.1167,-1.9703],[30.11611,-1.96945],[30.11586,-1.96917],[30.11596,-1.96909],[30.11616,-1.96898],[30.11596,-1.9686],[30.11575,-1.96839],[30.11573,-1.96804],[30.11525,-1.96786],[30.11525,-1.96759]]]}},{"type":"Feature","properties":{"d":"Gasabo","s":"Jali","c":"Nkusi"},"geometry":{"type":"Polygon","coordinates":[[[30.0087,-1.85144],[30.00868,-1.851],[30.00865,-1.85086],[30.0086,-1.85068],[30.00843,-1.85029],[30.00839,-1.85017],[30.00837,-1.85006],[30.00834,-1.84974],[30.00824,-1.8489],[30.00822,-1.84827],[30.00823,-1.84808],[30.00826,-1.84789],[30.00833,-1.84762],[30.00845,-1.84703],[30.00857,-1.84622],[30.00856,-1.84494],[30.00848,-1.84391],[30.00817,-1.84238],[30.008,-1.84142],[30.00748,-1.84017],[30.00731,-1.83972],[30.00714,-1.83916],[30.00689,-1.83922],[30.00669,-1.83924],[30.00633,-1.83932],[30.00579,-1.8394],[30.0057,-1.83944],[30.00549,-1.83947],[30.00482,-1.83957],[30.00395,-1.83978],[30.00371,-1.83989],[30.00349,-1.83992],[30.00311,-1.84012],[30.00287,-1.8402],[30.00273,-1.84022],[30.00266,-1.84026],[30.0025,-1.8403],[30.00235,-1.84038],[30.0018,-1.84058],[30.00156,-1.84063],[30.00132,-1.84069],[30.00089,-1.84084],[30.00063,-1.84095],[30.00043,-1.84107],[30.00014,-1.84112],[29.99991,-1.84117],[29.99978,-1.84124],[29.99961,-1.84138],[29.99946,-1.84141],[29.99923,-1.84155],[29.99902,-1.84156],[29.9989,-1.8416],[29.99879,-1.84166],[29.99863,-1.84176],[29.99845,-1.84192],[29.99833,-1.842],[29.99784,-1.84219],[29.99766,-1.84231],[29.99752,-1.84252],[29.99743,-1.8426],[29.99737,-1.84272],[29.99724,-1.84289],[29.99718,-1.84295],[29.99711,-1.84297],[29.99701,-1.84307],[29.99696,-1.8431],[29.9969,-1.84318],[29.99675,-1.84329],[29.99672,-1.84335],[29.99664,-1.84368],[29.99658,-1.84382],[29.99658,-1.8439],[29.99664,-1.84401],[29.99664,-1.84408],[29.99661,-1.84428],[29.99635,-1.8446],[29.99604,-1.84521],[29.99585,-1.84541],[29.99562,-1.84575],[29.99546,-1.84594],[29.99504,-1.84621],[29.99491,-1.84633],[29.99488,-1.84639],[29.99477,-1.84644],[29.99455,-1.84663],[29.99417,-1.8468],[29.99417,-1.84681],[29.99391,-1.84686],[29.99329,-1.8469],[29.99296,-1.84695],[29.99275,-1.84704],[29.99226,-1.84713],[29.99189,-1.84722],[29.99168,-1.84734],[29.99156,-1.84737],[29.99144,-1.84742],[29.99131,-1.84744],[29.99126,-1.84748],[29.99124,-1.84758],[29.99128,-1.84789],[29.99126,-1.84792],[29.99121,-1.84792],[29.99122,-1.84801],[29.99128,-1.8481],[29.99133,-1.84826],[29.99148,-1.84847],[29.9915,-1.84874],[29.99164,-1.84887],[29.99168,-1.84899],[29.99165,-1.8494],[29.99161,-1.84952],[29.99154,-1.84962],[29.99153,-1.84967],[29.99153,-1.84983],[29.99156,-1.84988],[29.99163,-1.84996],[29.99175,-1.85013],[29.99184,-1.85037],[29.99199,-1.85112],[29.99206,-1.85132],[29.99215,-1.85145],[29.99226,-1.85165],[29.9924,-1.85193],[29.99242,-1.85202],[29.99241,-1.85206],[29.99236,-1.8521],[29.99212,-1.8521],[29.9921,-1.85214],[29.99222,-1.85246],[29.99224,-1.85261],[29.99221,-1.85278],[29.99225,-1.85298],[29.99234,-1.85319],[29.99233,-1.85339],[29.99236,-1.85351],[29.99232,-1.85375],[29.99221,-1.85387],[29.9922,-1.85396],[29.99218,-1.85419],[29.99215,-1.85433],[29.99215,-1.85443],[29.99217,-1.85452],[29.99221,-1.85457],[29.9924,-1.85457],[29.99249,-1.85463],[29.99258,-1.85481],[29.99261,-1.85492],[29.99261,-1.855],[29.99256,-1.8551],[29.99247,-1.85518],[29.99239,-1.85529],[29.99252,-1.85536],[29.99261,-1.85538],[29.99293,-1.85532],[29.99295,-1.85534],[29.99298,-1.85541],[29.99297,-1.85551],[29.99287,-1.85568],[29.99278,-1.85574],[29.99264,-1.85576],[29.9926,-1.8558],[29.99258,-1.8559],[29.99264,-1.85605],[29.99263,-1.85614],[29.99253,-1.85627],[29.99251,-1.85642],[29.99251,-1.85665],[29.99246,-1.85683],[29.9924,-1.85691],[29.9922,-1.85715],[29.99216,-1.85725],[29.99215,-1.85737],[29.99209,-1.85766],[29.99205,-1.85778],[29.99188,-1.8581],[29.99184,-1.85825],[29.99185,-1.85827],[29.99195,-1.85836],[29.99202,-1.85846],[29.99205,-1.85856],[29.99203,-1.85874],[29.99202,-1.85877],[29.99199,-1.85878],[29.99168,-1.85873],[29.99156,-1.85874],[29.99144,-1.8588],[29.99141,-1.85887],[29.99135,-1.85917],[29.99135,-1.85931],[29.99137,-1.85944],[29.99138,-1.85955],[29.99134,-1.85989],[29.99135,-1.85988],[29.99249,-1.86029],[29.99277,-1.86032],[29.99312,-1.86049],[29.99333,-1.86065],[29.99356,-1.86096],[29.99399,-1.86115],[29.99507,-1.86188],[29.99562,-1.86232],[29.99665,-1.86279],[29.99709,-1.86317],[29.99753,-1.86386],[29.99746,-1.86402],[29.99753,-1.86418],[29.99749,-1.86471],[29.99756,-1.86492],[29.99824,-1.86554],[29.99865,-1.86617],[29.999,-1.86656],[29.99913,-1.86674],[29.99918,-1.86675],[30.00012,-1.86779],[30.00181,-1.86945],[30.00212,-1.86971],[30.00236,-1.86978],[30.00263,-1.86984],[30.00317,-1.87022],[30.00399,-1.87026],[30.00413,-1.87034],[30.0043,-1.87064],[30.00452,-1.87073],[30.00504,-1.87081],[30.00636,-1.87081],[30.00717,-1.87093],[30.00777,-1.87098],[30.00782,-1.871],[30.00796,-1.87113],[30.0081,-1.87125],[30.00825,-1.87134],[30.00836,-1.87144],[30.00852,-1.87149],[30.00874,-1.87154],[30.00916,-1.8716],[30.00933,-1.87166],[30.00976,-1.87206],[30.00993,-1.87209],[30.01009,-1.87215],[30.01025,-1.87224],[30.01044,-1.87232],[30.01061,-1.87242],[30.01074,-1.87253],[30.01089,-1.87263],[30.01102,-1.87277],[30.01116,-1.87296],[30.01138,-1.87332],[30.01149,-1.87344],[30.01143,-1.87353],[30.0113,-1.87364],[30.01119,-1.87361],[30.01084,-1.87349],[30.01057,-1.87347],[30.01105,-1.8741],[30.0114,-1.87465],[30.0115,-1.87491],[30.01153,-1.87487],[30.01172,-1.87517],[30.01264,-1.87468],[30.01283,-1.87463],[30.01359,-1.87439],[30.01352,-1.87316],[30.01354,-1.87321],[30.0135,-1.87278],[30.01344,-1.8725],[30.01341,-1.8718],[30.01326,-1.87039],[30.01325,-1.87019],[30.01326,-1.87006],[30.01325,-1.86997],[30.01333,-1.86952],[30.01335,-1.86896],[30.01335,-1.86892],[30.01335,-1.86892],[30.01333,-1.86869],[30.01326,-1.86829],[30.01289,-1.86707],[30.01245,-1.86582],[30.01228,-1.86544],[30.01197,-1.86491],[30.01183,-1.8647],[30.01139,-1.86401],[30.01129,-1.86382],[30.01122,-1.86361],[30.01114,-1.86323],[30.01108,-1.86285],[30.01105,-1.86241],[30.01101,-1.86216],[30.01095,-1.86191],[30.01088,-1.8617],[30.0108,-1.8615],[30.01053,-1.8607],[30.01038,-1.86031],[30.00992,-1.85923],[30.00957,-1.85855],[30.00929,-1.85795],[30.00905,-1.85727],[30.00903,-1.85718],[30.00895,-1.85656],[30.0089,-1.85586],[30.00886,-1.85568],[30.0088,-1.85522],[30.00876,-1.85465],[30.00874,-1.8537],[30.0087,-1.85144]]]}},{"type":"Feature","properties":{"d":"Gasabo","s":"Bumbogo","c":"Nkuzuzu"},"geometry":{"type":"Polygon","coordinates":[[[30.15928,-1.83458],[30.15904,-1.83463],[30.15879,-1.83466],[30.15878,-1.83475],[30.15857,-1.83477],[30.15832,-1.83487],[30.15796,-1.83496],[30.15761,-1.83528],[30.15742,-1.83532],[30.15738,-1.83524],[30.15717,-1.83535],[30.15688,-1.83558],[30.1567,-1.83566],[30.15659,-1.83566],[30.15639,-1.83571],[30.15592,-1.8359],[30.15568,-1.83597],[30.15548,-1.83605],[30.1553,-1.83617],[30.15524,-1.83619],[30.155,-1.83636],[30.15478,-1.83656],[30.15461,-1.83668],[30.1545,-1.83681],[30.15434,-1.83694],[30.15421,-1.83703],[30.15396,-1.83742],[30.15377,-1.83758],[30.15363,-1.83774],[30.15359,-1.83781],[30.15352,-1.83804],[30.1535,-1.8384],[30.15353,-1.83872],[30.15351,-1.83893],[30.15354,-1.83935],[30.15362,-1.83998],[30.15365,-1.84009],[30.15366,-1.84037],[30.15372,-1.84057],[30.15377,-1.84093],[30.15381,-1.84102],[30.15418,-1.84164],[30.15433,-1.84178],[30.15434,-1.84185],[30.15447,-1.84202],[30.15486,-1.84251],[30.15492,-1.84282],[30.15496,-1.84298],[30.15518,-1.84334],[30.15525,-1.84336],[30.15529,-1.8434],[30.15533,-1.84338],[30.15549,-1.84351],[30.15563,-1.84369],[30.15575,-1.84395],[30.1558,-1.84403],[30.15588,-1.84419],[30.15568,-1.84435],[30.15569,-1.84437],[30.15594,-1.84453],[30.156,-1.84468],[30.15605,-1.84488],[30.1561,-1.84496],[30.15618,-1.84504],[30.15621,-1.84509],[30.15625,-1.84507],[30.1564,-1.84522],[30.15658,-1.84533],[30.15689,-1.84561],[30.15692,-1.84566],[30.157,-1.84576],[30.15718,-1.84593],[30.15731,-1.84603],[30.1574,-1.84629],[30.15762,-1.84665],[30.15766,-1.84695],[30.15778,-1.84802],[30.15814,-1.84883],[30.15831,-1.84952],[30.15804,-1.85069],[30.15811,-1.85117],[30.1583,-1.85176],[30.15825,-1.85295],[30.15782,-1.85416],[30.15787,-1.85484],[30.15798,-1.85497],[30.15808,-1.85527],[30.15807,-1.85566],[30.15804,-1.85589],[30.158,-1.856],[30.15801,-1.85612],[30.15805,-1.85624],[30.15805,-1.85629],[30.15828,-1.85657],[30.1583,-1.85662],[30.15835,-1.85665],[30.15844,-1.85679],[30.15865,-1.85722],[30.15881,-1.85765],[30.15883,-1.85776],[30.15883,-1.85801],[30.15885,-1.8581],[30.15885,-1.85828],[30.15896,-1.85871],[30.15896,-1.85874],[30.159,-1.85881],[30.15902,-1.85895],[30.15903,-1.85911],[30.15902,-1.85921],[30.15895,-1.85922],[30.15893,-1.85928],[30.15896,-1.85943],[30.15897,-1.85951],[30.15895,-1.85955],[30.15897,-1.85962],[30.1591,-1.85983],[30.15913,-1.85993],[30.15925,-1.86013],[30.15929,-1.86016],[30.15939,-1.86034],[30.15942,-1.86033],[30.15979,-1.8608],[30.15975,-1.86083],[30.15984,-1.86092],[30.15983,-1.86097],[30.15987,-1.86104],[30.15997,-1.86112],[30.16005,-1.86122],[30.16017,-1.86134],[30.16041,-1.86172],[30.1605,-1.86178],[30.16053,-1.86189],[30.16054,-1.862],[30.16062,-1.86223],[30.16074,-1.86219],[30.16098,-1.86251],[30.16103,-1.86261],[30.1612,-1.86282],[30.16127,-1.86294],[30.16128,-1.86299],[30.16141,-1.86318],[30.16206,-1.86407],[30.1624,-1.86448],[30.16245,-1.86457],[30.1625,-1.86472],[30.16249,-1.86481],[30.1625,-1.86504],[30.16254,-1.86524],[30.1625,-1.86552],[30.16252,-1.86578],[30.16255,-1.86586],[30.16258,-1.86604],[30.16257,-1.86621],[30.16262,-1.86628],[30.16283,-1.86628],[30.1635,-1.8671],[30.16379,-1.86734],[30.16391,-1.86778],[30.16433,-1.86844],[30.16441,-1.86904],[30.16463,-1.8698],[30.16489,-1.87023],[30.16504,-1.87017],[30.1655,-1.87013],[30.16565,-1.87011],[30.16589,-1.87005],[30.16635,-1.86987],[30.16667,-1.8698],[30.16692,-1.8698],[30.1676,-1.86987],[30.16838,-1.86991],[30.16855,-1.86987],[30.16884,-1.86976],[30.16897,-1.86973],[30.16915,-1.8697],[30.16927,-1.8697],[30.1694,-1.86973],[30.16948,-1.86976],[30.16996,-1.87007],[30.17043,-1.87031],[30.17059,-1.87043],[30.17081,-1.87057],[30.17097,-1.8707],[30.17106,-1.87081],[30.17113,-1.87095],[30.17123,-1.87125],[30.17127,-1.87134],[30.17156,-1.87181],[30.1716,-1.87193],[30.17164,-1.87221],[30.17168,-1.87229],[30.17178,-1.87239],[30.1719,-1.87248],[30.17202,-1.87254],[30.1723,-1.87266],[30.17239,-1.87272],[30.17267,-1.87299],[30.17281,-1.8731],[30.1729,-1.87314],[30.17309,-1.87319],[30.17327,-1.87318],[30.17344,-1.87311],[30.17359,-1.87302],[30.17387,-1.87277],[30.17399,-1.87269],[30.17411,-1.87265],[30.17451,-1.87262],[30.17476,-1.87253],[30.17487,-1.87251],[30.17498,-1.87252],[30.17514,-1.87258],[30.17545,-1.87272],[30.17558,-1.87276],[30.17576,-1.87275],[30.17616,-1.87269],[30.17633,-1.87268],[30.17678,-1.87274],[30.17722,-1.87278],[30.17784,-1.87293],[30.17801,-1.87301],[30.17858,-1.87338],[30.17874,-1.87353],[30.17888,-1.8737],[30.1793,-1.87426],[30.17946,-1.87451],[30.17954,-1.87454],[30.17954,-1.87463],[30.17982,-1.87482],[30.18031,-1.87528],[30.18081,-1.87571],[30.18117,-1.876],[30.18159,-1.87642],[30.1818,-1.87667],[30.18222,-1.87705],[30.18243,-1.87719],[30.18284,-1.87738],[30.18306,-1.8775],[30.18418,-1.87791],[30.18436,-1.87799],[30.18452,-1.8781],[30.18491,-1.87845],[30.18535,-1.87893],[30.18556,-1.8792],[30.18564,-1.87931],[30.18709,-1.88111],[30.18736,-1.88146],[30.18826,-1.88256],[30.18949,-1.8842],[30.18987,-1.88466],[30.19009,-1.88495],[30.19064,-1.88582],[30.19093,-1.88624],[30.19125,-1.88675],[30.19138,-1.8871],[30.19145,-1.88736],[30.19167,-1.88798],[30.19192,-1.88849],[30.19211,-1.88895],[30.19236,-1.88945],[30.19244,-1.88965],[30.19253,-1.89005],[30.19254,-1.89014],[30.1925,-1.89042],[30.19251,-1.89055],[30.19267,-1.89103],[30.19282,-1.89139],[30.1929,-1.89205],[30.19293,-1.89244],[30.19298,-1.89263],[30.19304,-1.89277],[30.19314,-1.89303],[30.19348,-1.89403],[30.19372,-1.89459],[30.19392,-1.895],[30.19406,-1.89533],[30.19415,-1.89546],[30.19442,-1.89576],[30.19457,-1.89567],[30.19453,-1.89561],[30.19461,-1.89555],[30.19571,-1.89343],[30.19584,-1.89332],[30.19598,-1.8931],[30.19613,-1.8929],[30.1964,-1.89265],[30.19653,-1.89256],[30.19821,-1.89107],[30.19869,-1.89011],[30.19873,-1.88879],[30.19891,-1.88783],[30.19904,-1.88756],[30.19956,-1.88736],[30.19983,-1.88711],[30.19983,-1.88683],[30.19969,-1.8864],[30.19959,-1.88618],[30.19945,-1.88595],[30.19935,-1.88557],[30.19928,-1.88525],[30.19893,-1.88462],[30.19877,-1.88415],[30.19876,-1.88349],[30.19851,-1.88301],[30.19846,-1.88271],[30.19846,-1.88193],[30.19826,-1.88141],[30.19737,-1.88079],[30.19736,-1.88062],[30.19733,-1.88034],[30.19727,-1.87968],[30.19717,-1.8794],[30.19698,-1.87919],[30.19638,-1.87867],[30.196,-1.87782],[30.19583,-1.87724],[30.19564,-1.87689],[30.1952,-1.87638],[30.19473,-1.87558],[30.19448,-1.87529],[30.19402,-1.87502],[30.19358,-1.87447],[30.19349,-1.87424],[30.19349,-1.87398],[30.19359,-1.87324],[30.19355,-1.87312],[30.19344,-1.87281],[30.19311,-1.87222],[30.19265,-1.87166],[30.19216,-1.87122],[30.19183,-1.87048],[30.19101,-1.86934],[30.19058,-1.86847],[30.18902,-1.86621],[30.18793,-1.86472],[30.18764,-1.86418],[30.18755,-1.86366],[30.18735,-1.86293],[30.18725,-1.86255],[30.18718,-1.86171],[30.18649,-1.8593],[30.18633,-1.85898],[30.18505,-1.85746],[30.18413,-1.85621],[30.18365,-1.85498],[30.18303,-1.85463],[30.18194,-1.85387],[30.18047,-1.85269],[30.18039,-1.85262],[30.18033,-1.85259],[30.17939,-1.85193],[30.17916,-1.85179],[30.17903,-1.85169],[30.17885,-1.85161],[30.17852,-1.85141],[30.17792,-1.85085],[30.17789,-1.85085],[30.1778,-1.8508],[30.17756,-1.85054],[30.17715,-1.85027],[30.17697,-1.85018],[30.17695,-1.85013],[30.17571,-1.84956],[30.1752,-1.84917],[30.17509,-1.84903],[30.17465,-1.8479],[30.17441,-1.8475],[30.17372,-1.84705],[30.1731,-1.84682],[30.17253,-1.84661],[30.17029,-1.84633],[30.16886,-1.84616],[30.16825,-1.84597],[30.16763,-1.84557],[30.1675,-1.84552],[30.16748,-1.84554],[30.16745,-1.84555],[30.16725,-1.84551],[30.16691,-1.84549],[30.16662,-1.84543],[30.16654,-1.84543],[30.16643,-1.84545],[30.16636,-1.84548],[30.16589,-1.84575],[30.16572,-1.8458],[30.16539,-1.84578],[30.16476,-1.84579],[30.16455,-1.84572],[30.16425,-1.84555],[30.16409,-1.8454],[30.16396,-1.84524],[30.16359,-1.8447],[30.16348,-1.84451],[30.16326,-1.84394],[30.16316,-1.84366],[30.16285,-1.84297],[30.16262,-1.84253],[30.16242,-1.84203],[30.1623,-1.84179],[30.16214,-1.84134],[30.16215,-1.84129],[30.16177,-1.84041],[30.16148,-1.8399],[30.16121,-1.83964],[30.16092,-1.8392],[30.16055,-1.83831],[30.16028,-1.83723],[30.16021,-1.83612],[30.16049,-1.83469],[30.15975,-1.83468],[30.15959,-1.8347],[30.15936,-1.83475],[30.15928,-1.83458]]]}},{"type":"Feature","properties":{"d":"Kicukiro","s":"Nyarugunga","c":"Nonko"},"geometry":{"type":"Polygon","coordinates":[[[30.15002,-1.95602],[30.14977,-1.95573],[30.14963,-1.95559],[30.14958,-1.95556],[30.14889,-1.95552],[30.14819,-1.95551],[30.14783,-1.95542],[30.14689,-1.95515],[30.14685,-1.95528],[30.14664,-1.95579],[30.14661,-1.95608],[30.14647,-1.95649],[30.14641,-1.95663],[30.14639,-1.95673],[30.14623,-1.95742],[30.14543,-1.95868],[30.14504,-1.95919],[30.14497,-1.95946],[30.14485,-1.95971],[30.14452,-1.96029],[30.14436,-1.96061],[30.14425,-1.96088],[30.14422,-1.961],[30.14404,-1.96085],[30.14354,-1.96142],[30.14335,-1.96171],[30.14331,-1.96254],[30.14353,-1.9631],[30.1438,-1.96379],[30.14381,-1.96392],[30.14382,-1.96392],[30.14381,-1.96419],[30.14378,-1.96431],[30.14375,-1.96436],[30.14373,-1.96445],[30.14369,-1.96446],[30.14355,-1.9647],[30.14352,-1.96481],[30.1435,-1.96483],[30.14345,-1.96497],[30.14342,-1.96499],[30.14325,-1.96545],[30.14328,-1.96552],[30.14326,-1.96565],[30.14315,-1.96571],[30.14296,-1.96623],[30.14295,-1.96629],[30.14291,-1.96636],[30.14291,-1.96638],[30.14299,-1.96656],[30.14294,-1.96677],[30.14294,-1.96683],[30.14355,-1.96695],[30.14336,-1.96772],[30.14336,-1.96782],[30.14332,-1.96789],[30.14317,-1.96852],[30.14293,-1.97034],[30.14266,-1.9717],[30.14447,-1.97211],[30.14529,-1.97222],[30.1461,-1.97233],[30.14657,-1.97256],[30.14712,-1.97294],[30.14743,-1.97303],[30.14879,-1.97288],[30.14921,-1.97288],[30.14945,-1.97288],[30.1505,-1.97324],[30.15086,-1.97369],[30.15109,-1.97423],[30.1511,-1.97462],[30.15112,-1.97465],[30.15116,-1.97466],[30.15127,-1.97535],[30.15131,-1.9754],[30.15132,-1.97543],[30.15126,-1.97571],[30.15119,-1.97594],[30.15119,-1.97608],[30.15107,-1.9764],[30.15102,-1.97646],[30.151,-1.97656],[30.151,-1.97665],[30.15102,-1.97674],[30.15106,-1.97685],[30.15112,-1.97693],[30.15115,-1.97694],[30.15113,-1.97698],[30.15157,-1.97728],[30.1518,-1.97729],[30.15224,-1.97724],[30.15268,-1.97722],[30.15283,-1.97774],[30.15309,-1.97849],[30.15314,-1.97861],[30.15305,-1.97878],[30.15311,-1.97884],[30.15328,-1.97895],[30.15337,-1.97906],[30.15347,-1.97914],[30.1536,-1.97932],[30.15359,-1.97938],[30.1536,-1.97939],[30.15387,-1.9796],[30.15393,-1.97961],[30.15402,-1.97969],[30.15401,-1.97971],[30.15406,-1.97975],[30.15404,-1.97977],[30.15404,-1.97981],[30.15416,-1.97988],[30.15411,-1.97998],[30.1541,-1.98004],[30.15435,-1.98011],[30.15437,-1.98009],[30.1544,-1.98009],[30.15449,-1.98013],[30.1544,-1.98025],[30.1544,-1.98029],[30.15444,-1.9803],[30.15447,-1.98026],[30.15449,-1.98026],[30.1547,-1.98033],[30.15505,-1.9804],[30.15525,-1.98047],[30.15536,-1.98049],[30.15542,-1.98052],[30.15547,-1.98055],[30.1555,-1.98057],[30.15555,-1.98059],[30.15562,-1.98062],[30.15565,-1.98063],[30.15579,-1.98071],[30.15593,-1.98077],[30.15597,-1.9808],[30.15605,-1.98084],[30.15608,-1.98086],[30.15613,-1.9809],[30.15632,-1.98106],[30.15639,-1.98116],[30.15655,-1.98128],[30.15662,-1.98136],[30.15668,-1.98143],[30.15678,-1.98153],[30.15706,-1.98172],[30.15726,-1.98181],[30.15743,-1.98193],[30.15758,-1.98209],[30.15764,-1.98203],[30.15769,-1.98203],[30.15802,-1.98234],[30.15815,-1.9825],[30.15829,-1.98266],[30.15863,-1.98289],[30.15914,-1.98318],[30.15889,-1.9822],[30.15878,-1.98151],[30.15845,-1.98013],[30.15829,-1.97932],[30.15812,-1.97822],[30.15803,-1.97763],[30.15797,-1.97658],[30.15827,-1.97643],[30.15837,-1.97633],[30.15871,-1.97615],[30.15881,-1.97612],[30.15893,-1.97601],[30.15917,-1.97572],[30.15935,-1.97537],[30.15946,-1.97523],[30.15962,-1.97495],[30.15974,-1.97465],[30.15984,-1.97452],[30.15998,-1.97426],[30.16016,-1.97385],[30.16024,-1.97365],[30.16046,-1.97319],[30.16054,-1.97298],[30.16064,-1.97279],[30.16091,-1.97209],[30.16093,-1.97199],[30.16097,-1.97187],[30.16099,-1.97169],[30.161,-1.97125],[30.16096,-1.97111],[30.1609,-1.97103],[30.16058,-1.97078],[30.16035,-1.97056],[30.16029,-1.97047],[30.16026,-1.97037],[30.16023,-1.97021],[30.1602,-1.96985],[30.16019,-1.96946],[30.16016,-1.96933],[30.16019,-1.96902],[30.16022,-1.96883],[30.16032,-1.96856],[30.16044,-1.96836],[30.16064,-1.96814],[30.16097,-1.96773],[30.161,-1.96763],[30.1611,-1.96745],[30.16128,-1.96694],[30.16135,-1.9668],[30.16144,-1.9667],[30.16146,-1.9666],[30.16159,-1.96648],[30.16187,-1.96643],[30.16224,-1.96642],[30.16243,-1.966],[30.16262,-1.96564],[30.16288,-1.96527],[30.16285,-1.96524],[30.16285,-1.96522],[30.16282,-1.96519],[30.16197,-1.96466],[30.16102,-1.96404],[30.16095,-1.96398],[30.16093,-1.96392],[30.16089,-1.96387],[30.16078,-1.96377],[30.15934,-1.96293],[30.15893,-1.96266],[30.15823,-1.96228],[30.15532,-1.96054],[30.15474,-1.96021],[30.15449,-1.96001],[30.1541,-1.95964],[30.15361,-1.95923],[30.15327,-1.95891],[30.15179,-1.9576],[30.15168,-1.9575],[30.15164,-1.9575],[30.15162,-1.95752],[30.15002,-1.95602]]]}},{"type":"Feature","properties":{"d":"Nyarugenge","s":"Mageregere","c":"Ntungamo"},"geometry":{"type":"Polygon","coordinates":[[[30.01806,-2.04421],[30.01751,-2.04404],[30.0173,-2.04401],[30.01705,-2.04394],[30.01692,-2.04396],[30.01677,-2.044],[30.01627,-2.04428],[30.01583,-2.04442],[30.01553,-2.04457],[30.01517,-2.04489],[30.015,-2.04503],[30.01492,-2.04507],[30.01478,-2.04509],[30.01449,-2.04513],[30.01405,-2.04528],[30.01382,-2.04531],[30.01365,-2.04531],[30.01335,-2.04537],[30.01294,-2.04547],[30.01266,-2.04556],[30.01238,-2.04569],[30.01214,-2.0459],[30.01204,-2.04603],[30.01177,-2.04644],[30.01163,-2.04671],[30.01153,-2.04686],[30.01144,-2.04696],[30.01116,-2.04714],[30.01077,-2.04763],[30.01043,-2.048],[30.01021,-2.04832],[30.01008,-2.04845],[30.01002,-2.04856],[30.00994,-2.04881],[30.00992,-2.04893],[30.00983,-2.04901],[30.00979,-2.04915],[30.0095,-2.04949],[30.00918,-2.04982],[30.00908,-2.04994],[30.00897,-2.05013],[30.00893,-2.05027],[30.00886,-2.05059],[30.00877,-2.05074],[30.00874,-2.0509],[30.00861,-2.05146],[30.0085,-2.05183],[30.00816,-2.05247],[30.00756,-2.05323],[30.00719,-2.05365],[30.00699,-2.05372],[30.0069,-2.05389],[30.00683,-2.05406],[30.00662,-2.05429],[30.00619,-2.05453],[30.00588,-2.05465],[30.00574,-2.05467],[30.00563,-2.05469],[30.0054,-2.05468],[30.00475,-2.05461],[30.00449,-2.05456],[30.00399,-2.05435],[30.00347,-2.05423],[30.00264,-2.05396],[30.00222,-2.05372],[30.00208,-2.05362],[30.00189,-2.05344],[30.00148,-2.05303],[30.00138,-2.05295],[30.0013,-2.05283],[30.00106,-2.05235],[30.00103,-2.05223],[30.00107,-2.05194],[30.00119,-2.05148],[30.00128,-2.05098],[30.00133,-2.05085],[30.00136,-2.0507],[30.00133,-2.05058],[30.00123,-2.05023],[30.00104,-2.04997],[30.00067,-2.0496],[30.0,-2.04914],[29.99979,-2.04893],[29.99965,-2.04882],[29.99893,-2.04968],[29.99729,-2.04933],[29.99666,-2.04912],[29.99571,-2.04902],[29.99444,-2.04907],[29.99443,-2.04908],[29.99403,-2.04995],[29.99395,-2.05034],[29.99364,-2.05081],[29.99303,-2.05247],[29.99246,-2.05355],[29.9921,-2.05451],[29.99199,-2.05505],[29.99201,-2.05591],[29.99191,-2.05635],[29.99199,-2.05639],[29.99208,-2.05646],[29.99183,-2.05671],[29.9918,-2.05685],[29.99126,-2.05807],[29.99121,-2.05828],[29.99115,-2.05837],[29.991,-2.05912],[29.99039,-2.06052],[29.99017,-2.06069],[29.99019,-2.06154],[29.99033,-2.06186],[29.99063,-2.06168],[29.99114,-2.06162],[29.99149,-2.06197],[29.99149,-2.06238],[29.99164,-2.06291],[29.9916,-2.06329],[29.991,-2.06482],[29.99097,-2.06536],[29.9916,-2.06547],[29.99246,-2.06532],[29.99252,-2.0653],[29.99258,-2.0653],[29.99354,-2.0649],[29.994,-2.06501],[29.9944,-2.06547],[29.99443,-2.06618],[29.99452,-2.06663],[29.99435,-2.06739],[29.9942,-2.06832],[29.99417,-2.06852],[29.99433,-2.06871],[29.99463,-2.06885],[29.99503,-2.06875],[29.9954,-2.06856],[29.99565,-2.06819],[29.99584,-2.06759],[29.99598,-2.06697],[29.99605,-2.06685],[29.9964,-2.06656],[29.99697,-2.06662],[29.99777,-2.06697],[29.99845,-2.06737],[29.99866,-2.06764],[29.99881,-2.06777],[29.99886,-2.06789],[29.99925,-2.06863],[29.99942,-2.06932],[29.99976,-2.06984],[30.00028,-2.06984],[30.00068,-2.06909],[30.00085,-2.06834],[30.00079,-2.0676],[30.00079,-2.06702],[30.00085,-2.06668],[30.00107,-2.06668],[30.00148,-2.06668],[30.00233,-2.06674],[30.00319,-2.06697],[30.00382,-2.06737],[30.00479,-2.06909],[30.00542,-2.07012],[30.00545,-2.07034],[30.00545,-2.07035],[30.0055,-2.0707],[30.00553,-2.07091],[30.00544,-2.07153],[30.0053,-2.07203],[30.00507,-2.07241],[30.0049,-2.07274],[30.00489,-2.07297],[30.00499,-2.07314],[30.00518,-2.07326],[30.00537,-2.07331],[30.00539,-2.07331],[30.0061,-2.07335],[30.0067,-2.07331],[30.00699,-2.07321],[30.00725,-2.07306],[30.00737,-2.07294],[30.00768,-2.07246],[30.0079,-2.07186],[30.00794,-2.07131],[30.00795,-2.07108],[30.00796,-2.07015],[30.00853,-2.07021],[30.00938,-2.07153],[30.0103,-2.07216],[30.0111,-2.07251],[30.01212,-2.07274],[30.01309,-2.07291],[30.01372,-2.07279],[30.01406,-2.07205],[30.01418,-2.07119],[30.01435,-2.07038],[30.01486,-2.07021],[30.01601,-2.07067],[30.01635,-2.07124],[30.01643,-2.07122],[30.01649,-2.0727],[30.01618,-2.07417],[30.016,-2.07516],[30.01605,-2.07548],[30.01619,-2.07566],[30.01643,-2.07571],[30.01766,-2.07494],[30.01812,-2.07458],[30.01836,-2.0745],[30.01855,-2.07438],[30.0191,-2.07418],[30.01935,-2.07418],[30.01944,-2.07418],[30.01977,-2.07385],[30.0206,-2.07345],[30.02286,-2.07115],[30.02375,-2.06989],[30.02396,-2.06927],[30.02389,-2.069],[30.02377,-2.06913],[30.02304,-2.06743],[30.02213,-2.06382],[30.02189,-2.06318],[30.02181,-2.0623],[30.02233,-2.06076],[30.02185,-2.05955],[30.02184,-2.0594],[30.02179,-2.05941],[30.02173,-2.05924],[30.02177,-2.0592],[30.02173,-2.05923],[30.0216,-2.05896],[30.02152,-2.05849],[30.02124,-2.05836],[30.02102,-2.05812],[30.02091,-2.05797],[30.02059,-2.05745],[30.02002,-2.05629],[30.01998,-2.05611],[30.01986,-2.05608],[30.01982,-2.05601],[30.01976,-2.0558],[30.01973,-2.0557],[30.01975,-2.05561],[30.01965,-2.0553],[30.01962,-2.05512],[30.01964,-2.05495],[30.01961,-2.05478],[30.01954,-2.05449],[30.01951,-2.05426],[30.01953,-2.05395],[30.01947,-2.05355],[30.01946,-2.0527],[30.0194,-2.05212],[30.0195,-2.05139],[30.01961,-2.05125],[30.01978,-2.05056],[30.01957,-2.04879],[30.01947,-2.04864],[30.01972,-2.04837],[30.01941,-2.04801],[30.0193,-2.04772],[30.01915,-2.04688],[30.01916,-2.04677],[30.01908,-2.0464],[30.01909,-2.04605],[30.0192,-2.04583],[30.01927,-2.04565],[30.0191,-2.04567],[30.01891,-2.04567],[30.01849,-2.04478],[30.0184,-2.04417],[30.01816,-2.04422],[30.01806,-2.04421]]]}},{"type":"Feature","properties":{"d":"Kicukiro","s":"Gahanga","c":"Nunga"},"geometry":{"type":"Polygon","coordinates":[[[30.09548,-2.02442],[30.0954,-2.02437],[30.09509,-2.02431],[30.09476,-2.02427],[30.09458,-2.02431],[30.09448,-2.02441],[30.09429,-2.02447],[30.09409,-2.02449],[30.09389,-2.0244],[30.09375,-2.0244],[30.09332,-2.02446],[30.0928,-2.02505],[30.09191,-2.02589],[30.09116,-2.02647],[30.09056,-2.02675],[30.09036,-2.02688],[30.09033,-2.02686],[30.08995,-2.02704],[30.0898,-2.02714],[30.0897,-2.02725],[30.08967,-2.02723],[30.08921,-2.02754],[30.08882,-2.02788],[30.08852,-2.02851],[30.08848,-2.02854],[30.08761,-2.02933],[30.08693,-2.03005],[30.08601,-2.03114],[30.08554,-2.03179],[30.08537,-2.0321],[30.08509,-2.03244],[30.08447,-2.03326],[30.08275,-2.03614],[30.08257,-2.03633],[30.08188,-2.03705],[30.08183,-2.03718],[30.08184,-2.03798],[30.08192,-2.03931],[30.08189,-2.03948],[30.08186,-2.03982],[30.08183,-2.0399],[30.0817,-2.04014],[30.08168,-2.0403],[30.08157,-2.04064],[30.08153,-2.04088],[30.08147,-2.04139],[30.08146,-2.04197],[30.08143,-2.04215],[30.08141,-2.04239],[30.08137,-2.04252],[30.08143,-2.04262],[30.08139,-2.04282],[30.08139,-2.04304],[30.08138,-2.0431],[30.0814,-2.04343],[30.08139,-2.04355],[30.0814,-2.04435],[30.08147,-2.0447],[30.08143,-2.04472],[30.08141,-2.04475],[30.08139,-2.04479],[30.08139,-2.04484],[30.0814,-2.04487],[30.08148,-2.04494],[30.08153,-2.04501],[30.08157,-2.04525],[30.08157,-2.04534],[30.08159,-2.04537],[30.08173,-2.04613],[30.08171,-2.04628],[30.08176,-2.04634],[30.0818,-2.04656],[30.08185,-2.04664],[30.0819,-2.04666],[30.08213,-2.04733],[30.08206,-2.04819],[30.08214,-2.04894],[30.08212,-2.04894],[30.08215,-2.04898],[30.08224,-2.049],[30.08224,-2.04928],[30.08218,-2.04934],[30.08216,-2.04947],[30.0822,-2.04957],[30.08221,-2.04965],[30.08224,-2.04968],[30.08226,-2.04975],[30.0823,-2.04998],[30.08224,-2.05005],[30.08225,-2.05015],[30.08228,-2.05019],[30.08229,-2.05024],[30.08227,-2.05074],[30.08224,-2.05107],[30.08212,-2.05166],[30.08186,-2.05174],[30.08178,-2.05193],[30.08187,-2.05265],[30.08238,-2.05483],[30.0823,-2.05721],[30.08224,-2.05728],[30.08223,-2.05732],[30.08281,-2.05779],[30.08325,-2.05812],[30.08341,-2.05833],[30.08362,-2.0587],[30.08414,-2.05949],[30.08491,-2.05971],[30.0854,-2.05982],[30.08603,-2.05998],[30.0862,-2.06004],[30.08663,-2.06012],[30.08672,-2.06017],[30.08683,-2.0602],[30.08723,-2.0588],[30.0873,-2.05849],[30.08735,-2.05807],[30.08743,-2.05422],[30.08744,-2.05368],[30.08747,-2.05349],[30.08759,-2.05305],[30.08772,-2.05274],[30.08782,-2.05254],[30.08813,-2.05213],[30.08839,-2.05188],[30.08874,-2.05161],[30.08921,-2.05137],[30.09047,-2.05074],[30.09203,-2.04993],[30.09227,-2.04975],[30.09272,-2.04928],[30.09285,-2.04911],[30.09305,-2.04875],[30.09322,-2.04827],[30.09329,-2.04797],[30.09331,-2.04766],[30.0933,-2.04701],[30.09332,-2.04677],[30.0934,-2.04638],[30.09361,-2.04592],[30.09382,-2.04558],[30.09399,-2.04523],[30.0941,-2.04487],[30.09414,-2.04462],[30.09414,-2.0443],[30.09411,-2.04389],[30.09411,-2.04374],[30.09417,-2.04331],[30.09428,-2.04297],[30.09435,-2.04282],[30.09451,-2.04257],[30.09458,-2.04246],[30.0948,-2.04224],[30.09512,-2.04197],[30.09578,-2.04146],[30.09602,-2.0413],[30.09623,-2.04121],[30.0965,-2.04112],[30.09737,-2.04093],[30.09774,-2.04081],[30.09793,-2.0407],[30.0981,-2.04059],[30.09834,-2.04038],[30.0986,-2.04007],[30.09881,-2.03972],[30.09915,-2.03909],[30.0998,-2.03783],[30.0999,-2.03751],[30.09994,-2.03739],[30.09998,-2.03709],[30.09998,-2.03673],[30.0998,-2.0357],[30.09978,-2.03546],[30.09979,-2.03518],[30.09986,-2.0348],[30.09989,-2.03468],[30.10009,-2.03424],[30.10025,-2.03397],[30.10085,-2.03335],[30.10128,-2.03287],[30.10146,-2.03268],[30.10164,-2.03241],[30.10182,-2.03215],[30.10195,-2.03189],[30.10212,-2.03141],[30.10248,-2.03023],[30.10205,-2.03019],[30.10158,-2.03012],[30.10123,-2.02997],[30.10087,-2.02956],[30.10074,-2.02968],[30.10063,-2.02975],[30.10063,-2.02973],[30.10066,-2.02966],[30.10058,-2.02945],[30.10045,-2.02923],[30.10036,-2.02905],[30.10033,-2.02903],[30.10018,-2.02901],[30.10007,-2.02877],[30.10001,-2.02871],[30.09985,-2.02861],[30.09961,-2.0285],[30.09954,-2.02846],[30.09945,-2.0283],[30.09943,-2.0283],[30.0989,-2.02869],[30.09878,-2.02873],[30.09862,-2.02839],[30.09856,-2.0284],[30.09852,-2.0283],[30.09854,-2.0282],[30.09851,-2.02816],[30.09845,-2.02813],[30.09838,-2.02797],[30.09776,-2.02711],[30.09768,-2.02685],[30.09772,-2.02683],[30.09777,-2.02674],[30.09772,-2.0267],[30.09755,-2.02668],[30.09734,-2.02661],[30.09711,-2.02643],[30.09679,-2.02605],[30.0963,-2.02519],[30.0958,-2.02462],[30.09573,-2.02453],[30.09548,-2.02442]]]}},{"type":"Feature","properties":{"d":"Gasabo","s":"Bumbogo","c":"Nyabikenke"},"geometry":{"type":"Polygon","coordinates":[[[30.16813,-1.87686],[30.16814,-1.87681],[30.16817,-1.87673],[30.16825,-1.87667],[30.16827,-1.87663],[30.16812,-1.87631],[30.16792,-1.87603],[30.16792,-1.87587],[30.16798,-1.87561],[30.16805,-1.87542],[30.16807,-1.87532],[30.16804,-1.87521],[30.16804,-1.87514],[30.16793,-1.87482],[30.16785,-1.87466],[30.16762,-1.87444],[30.16759,-1.87437],[30.16754,-1.87432],[30.16753,-1.87423],[30.16748,-1.87416],[30.16745,-1.8741],[30.16745,-1.87396],[30.16747,-1.87386],[30.16744,-1.87371],[30.16746,-1.87332],[30.16751,-1.87311],[30.1676,-1.87287],[30.16758,-1.87285],[30.16751,-1.87282],[30.16739,-1.87266],[30.16724,-1.87216],[30.16717,-1.87212],[30.16702,-1.87186],[30.16674,-1.87169],[30.16649,-1.87161],[30.16615,-1.87159],[30.16574,-1.8715],[30.16531,-1.87145],[30.16496,-1.87135],[30.16507,-1.87114],[30.16525,-1.87088],[30.16524,-1.87087],[30.1656,-1.87014],[30.16565,-1.87011],[30.1655,-1.87013],[30.16504,-1.87017],[30.16489,-1.87023],[30.16363,-1.87074],[30.16331,-1.87094],[30.1632,-1.871],[30.16313,-1.87108],[30.16294,-1.87119],[30.16241,-1.87155],[30.16138,-1.87195],[30.1608,-1.87226],[30.16019,-1.87264],[30.15947,-1.87316],[30.15906,-1.87354],[30.15896,-1.87372],[30.15878,-1.87422],[30.15828,-1.8753],[30.15813,-1.87565],[30.1581,-1.87583],[30.15826,-1.8767],[30.15849,-1.87753],[30.15868,-1.87838],[30.15873,-1.87887],[30.15868,-1.87925],[30.15851,-1.8799],[30.15847,-1.88004],[30.15838,-1.88054],[30.15837,-1.88074],[30.15839,-1.88137],[30.15836,-1.88184],[30.15757,-1.88441],[30.15748,-1.88457],[30.15743,-1.88469],[30.15742,-1.88484],[30.15745,-1.885],[30.1575,-1.88511],[30.15766,-1.88537],[30.15772,-1.88555],[30.15774,-1.88573],[30.1577,-1.88599],[30.15764,-1.88619],[30.15757,-1.88631],[30.15735,-1.8865],[30.15715,-1.88676],[30.15698,-1.88711],[30.15693,-1.88733],[30.15685,-1.8875],[30.1567,-1.888],[30.15668,-1.88813],[30.15671,-1.8882],[30.15669,-1.88835],[30.15554,-1.88986],[30.15513,-1.89015],[30.15498,-1.89046],[30.15477,-1.89063],[30.1545,-1.89105],[30.15448,-1.89132],[30.1545,-1.89161],[30.15443,-1.8926],[30.15408,-1.89333],[30.15411,-1.89337],[30.15408,-1.89347],[30.15407,-1.89361],[30.15446,-1.89444],[30.15462,-1.89464],[30.15466,-1.89484],[30.15471,-1.89483],[30.15459,-1.89526],[30.15476,-1.89541],[30.15476,-1.89556],[30.15478,-1.8956],[30.15477,-1.89565],[30.15481,-1.89576],[30.15486,-1.89581],[30.15487,-1.89587],[30.1549,-1.89586],[30.155,-1.89604],[30.15504,-1.89619],[30.15502,-1.89627],[30.15506,-1.89646],[30.15464,-1.89643],[30.15448,-1.89664],[30.15342,-1.89712],[30.1533,-1.89776],[30.15307,-1.89811],[30.15289,-1.89841],[30.1525,-1.89934],[30.15204,-1.9001],[30.15118,-1.90094],[30.15044,-1.9013],[30.15018,-1.90179],[30.15007,-1.902],[30.14977,-1.90231],[30.14955,-1.90273],[30.1491,-1.90309],[30.14864,-1.90346],[30.14837,-1.90357],[30.14752,-1.90392],[30.14735,-1.90407],[30.14652,-1.90483],[30.14607,-1.90543],[30.14512,-1.90631],[30.14474,-1.90641],[30.14428,-1.90677],[30.14424,-1.90678],[30.14375,-1.90697],[30.14281,-1.90685],[30.14273,-1.90688],[30.14191,-1.90712],[30.14098,-1.90713],[30.14055,-1.90713],[30.13996,-1.90703],[30.13952,-1.90716],[30.13802,-1.90761],[30.13765,-1.90772],[30.13709,-1.90795],[30.13674,-1.9081],[30.13647,-1.90814],[30.13605,-1.90821],[30.1353,-1.90813],[30.13482,-1.9081],[30.13382,-1.90838],[30.13261,-1.9089],[30.13205,-1.90962],[30.13156,-1.91008],[30.13116,-1.91035],[30.13086,-1.9107],[30.13063,-1.91097],[30.12996,-1.9115],[30.12978,-1.91164],[30.12941,-1.91204],[30.1293,-1.91226],[30.12916,-1.91252],[30.12859,-1.91365],[30.12842,-1.9144],[30.12831,-1.91489],[30.12805,-1.91547],[30.12799,-1.91602],[30.12794,-1.91671],[30.12769,-1.91707],[30.12726,-1.91748],[30.12689,-1.91801],[30.12687,-1.91817],[30.12729,-1.91848],[30.12748,-1.91876],[30.12723,-1.91898],[30.12703,-1.91902],[30.12696,-1.91914],[30.12692,-1.91968],[30.12691,-1.91992],[30.12743,-1.91994],[30.1276,-1.92004],[30.12777,-1.92023],[30.12882,-1.92011],[30.12998,-1.92022],[30.13002,-1.9202],[30.13012,-1.92034],[30.13023,-1.92044],[30.13037,-1.92068],[30.13073,-1.92117],[30.13091,-1.9212],[30.13113,-1.92119],[30.13117,-1.92122],[30.13119,-1.9213],[30.13136,-1.92131],[30.13139,-1.92133],[30.13141,-1.92145],[30.13145,-1.9215],[30.13162,-1.9216],[30.13177,-1.9217],[30.13174,-1.92174],[30.13179,-1.92177],[30.13181,-1.92183],[30.13381,-1.9232],[30.13399,-1.92321],[30.13398,-1.92366],[30.13392,-1.92384],[30.13414,-1.92399],[30.13456,-1.92408],[30.13503,-1.92432],[30.13526,-1.92429],[30.13548,-1.92424],[30.13591,-1.92435],[30.13644,-1.92446],[30.13672,-1.92441],[30.13697,-1.92444],[30.13737,-1.92462],[30.13775,-1.92491],[30.1379,-1.92489],[30.13809,-1.9248],[30.13805,-1.92437],[30.13806,-1.92416],[30.13811,-1.92402],[30.13814,-1.92392],[30.1381,-1.92374],[30.1381,-1.92363],[30.13807,-1.92357],[30.13791,-1.92352],[30.13772,-1.92342],[30.1381,-1.92269],[30.13823,-1.92246],[30.13852,-1.92239],[30.13859,-1.9224],[30.13893,-1.92231],[30.13918,-1.92231],[30.13927,-1.92229],[30.1398,-1.92208],[30.13997,-1.92197],[30.14015,-1.92188],[30.14018,-1.92186],[30.1402,-1.92188],[30.14028,-1.92185],[30.14053,-1.92172],[30.14086,-1.92156],[30.14134,-1.92122],[30.14147,-1.92138],[30.14152,-1.92134],[30.14187,-1.92093],[30.14203,-1.9208],[30.14301,-1.92028],[30.14343,-1.92001],[30.14358,-1.91991],[30.14374,-1.91985],[30.14402,-1.91972],[30.14416,-1.91962],[30.14487,-1.91902],[30.14501,-1.91884],[30.14557,-1.91847],[30.14593,-1.91827],[30.14625,-1.91809],[30.1465,-1.91791],[30.1475,-1.91758],[30.14767,-1.91756],[30.14786,-1.91758],[30.14914,-1.91758],[30.14925,-1.91759],[30.14942,-1.91763],[30.14957,-1.91762],[30.14961,-1.91759],[30.15166,-1.9176],[30.152,-1.91756],[30.1531,-1.91757],[30.15358,-1.91739],[30.15365,-1.91739],[30.15382,-1.91729],[30.1541,-1.91705],[30.15417,-1.91697],[30.15425,-1.91681],[30.15426,-1.91674],[30.15446,-1.91647],[30.15447,-1.91642],[30.15456,-1.91629],[30.15475,-1.91616],[30.15478,-1.91612],[30.15489,-1.91622],[30.15491,-1.9162],[30.15506,-1.91624],[30.15533,-1.91628],[30.15535,-1.91632],[30.15535,-1.91639],[30.15554,-1.91641],[30.15565,-1.91642],[30.15569,-1.91641],[30.1558,-1.91651],[30.15603,-1.91661],[30.15699,-1.91689],[30.15716,-1.91687],[30.1573,-1.91704],[30.15729,-1.91705],[30.15734,-1.91709],[30.15766,-1.91734],[30.15769,-1.91735],[30.15793,-1.91721],[30.15811,-1.91751],[30.1583,-1.91742],[30.1586,-1.91723],[30.15862,-1.91736],[30.15865,-1.91737],[30.15867,-1.91743],[30.15873,-1.91739],[30.15894,-1.91745],[30.159,-1.91749],[30.15904,-1.91746],[30.16033,-1.91765],[30.16036,-1.91745],[30.16039,-1.91708],[30.16038,-1.91654],[30.1604,-1.91644],[30.16046,-1.91632],[30.16067,-1.91604],[30.1608,-1.91585],[30.16086,-1.91567],[30.16091,-1.91533],[30.161,-1.91513],[30.16108,-1.91501],[30.16115,-1.91495],[30.16124,-1.91492],[30.16156,-1.91489],[30.16168,-1.91486],[30.16182,-1.91477],[30.16191,-1.91467],[30.162,-1.91452],[30.16207,-1.91433],[30.16215,-1.91401],[30.16215,-1.9139],[30.16212,-1.91382],[30.16213,-1.91373],[30.1622,-1.9134],[30.16221,-1.91311],[30.16226,-1.913],[30.16245,-1.91279],[30.16262,-1.91256],[30.1627,-1.91236],[30.16273,-1.91219],[30.1627,-1.912],[30.16257,-1.9116],[30.16307,-1.91091],[30.16353,-1.91092],[30.16412,-1.91061],[30.16534,-1.91032],[30.1654,-1.91019],[30.16537,-1.90992],[30.16541,-1.90948],[30.16544,-1.90932],[30.16553,-1.90928],[30.16564,-1.90895],[30.16567,-1.90872],[30.16572,-1.90862],[30.16592,-1.90866],[30.16607,-1.90894],[30.16637,-1.90931],[30.16649,-1.90935],[30.16677,-1.90881],[30.16715,-1.90879],[30.16786,-1.90848],[30.16888,-1.90818],[30.16909,-1.90823],[30.1697,-1.90798],[30.17189,-1.90711],[30.17219,-1.90715],[30.17228,-1.90714],[30.17285,-1.9071],[30.17318,-1.90699],[30.17343,-1.90688],[30.17409,-1.90654],[30.1741,-1.90656],[30.17417,-1.90654],[30.17416,-1.9065],[30.17494,-1.90609],[30.17483,-1.90594],[30.17481,-1.90555],[30.17451,-1.90447],[30.17439,-1.90403],[30.17421,-1.90369],[30.1737,-1.90268],[30.17368,-1.90267],[30.17369,-1.90266],[30.17353,-1.90173],[30.17347,-1.89933],[30.17328,-1.89833],[30.17293,-1.89736],[30.17259,-1.89537],[30.17248,-1.89517],[30.1722,-1.895],[30.17187,-1.89464],[30.17182,-1.89333],[30.17169,-1.89297],[30.17145,-1.89267],[30.17106,-1.89171],[30.17094,-1.89115],[30.17084,-1.89098],[30.17063,-1.88958],[30.17063,-1.88945],[30.17059,-1.8893],[30.17049,-1.8892],[30.17044,-1.88908],[30.17031,-1.88896],[30.17025,-1.88883],[30.17019,-1.88858],[30.17007,-1.88814],[30.17001,-1.88804],[30.16996,-1.88775],[30.16988,-1.88746],[30.16986,-1.88717],[30.16987,-1.88697],[30.16993,-1.88679],[30.16999,-1.8867],[30.17005,-1.88643],[30.17001,-1.88632],[30.16995,-1.88625],[30.16974,-1.88584],[30.16966,-1.88561],[30.1696,-1.88558],[30.16948,-1.88547],[30.16941,-1.8852],[30.1694,-1.88516],[30.16942,-1.88513],[30.16958,-1.88509],[30.16962,-1.88501],[30.16963,-1.88485],[30.16956,-1.88392],[30.16951,-1.88386],[30.16949,-1.88378],[30.16945,-1.88373],[30.16926,-1.88325],[30.16916,-1.88309],[30.16917,-1.88301],[30.16924,-1.88285],[30.16924,-1.88278],[30.16919,-1.88262],[30.16897,-1.88232],[30.1688,-1.88216],[30.16859,-1.882],[30.16847,-1.88188],[30.16809,-1.88135],[30.16812,-1.88137],[30.16791,-1.88092],[30.16799,-1.87988],[30.16844,-1.8791],[30.16865,-1.87839],[30.16867,-1.87783],[30.16844,-1.87708],[30.16841,-1.87708],[30.16838,-1.8771],[30.16833,-1.8771],[30.16813,-1.87686]]]}},{"type":"Feature","properties":{"d":"Gasabo","s":"Remera","c":"Nyabisindu"},"geometry":{"type":"Polygon","coordinates":[[[30.10858,-1.93745],[30.10844,-1.93727],[30.10789,-1.93775],[30.10779,-1.93786],[30.10738,-1.93832],[30.10718,-1.93882],[30.10726,-1.93965],[30.10741,-1.94025],[30.1074,-1.94025],[30.10748,-1.9407],[30.10758,-1.94126],[30.1076,-1.94126],[30.1078,-1.94199],[30.10782,-1.9422],[30.10781,-1.94221],[30.10783,-1.94232],[30.10782,-1.94242],[30.10799,-1.94289],[30.10802,-1.94306],[30.10812,-1.94306],[30.1082,-1.94326],[30.1082,-1.9434],[30.10813,-1.94342],[30.10819,-1.94379],[30.10826,-1.94401],[30.10834,-1.94433],[30.1083,-1.94485],[30.10832,-1.94488],[30.10842,-1.9449],[30.10844,-1.94495],[30.10846,-1.94517],[30.10846,-1.94526],[30.10843,-1.94534],[30.10846,-1.94534],[30.10845,-1.9454],[30.10856,-1.94541],[30.10856,-1.9456],[30.10839,-1.9456],[30.10839,-1.94565],[30.1084,-1.94575],[30.10843,-1.9458],[30.10846,-1.94596],[30.10854,-1.94597],[30.10851,-1.94625],[30.10842,-1.94624],[30.10841,-1.94625],[30.10835,-1.94666],[30.10833,-1.94671],[30.10831,-1.94683],[30.10829,-1.94693],[30.10797,-1.9477],[30.10782,-1.94764],[30.10776,-1.94785],[30.10745,-1.94851],[30.10733,-1.94873],[30.10716,-1.94913],[30.10715,-1.94918],[30.10716,-1.94939],[30.10719,-1.9495],[30.10719,-1.94953],[30.10716,-1.94966],[30.10715,-1.94981],[30.10718,-1.94988],[30.10718,-1.95],[30.10716,-1.95009],[30.10715,-1.95016],[30.10713,-1.95026],[30.10702,-1.95039],[30.10701,-1.95043],[30.10696,-1.95064],[30.10683,-1.95102],[30.1067,-1.95124],[30.10668,-1.95137],[30.10659,-1.95155],[30.10661,-1.9516],[30.1066,-1.95168],[30.10653,-1.95176],[30.10645,-1.95186],[30.10658,-1.95193],[30.10651,-1.95206],[30.10639,-1.95237],[30.10645,-1.9527],[30.10646,-1.95271],[30.10645,-1.95286],[30.1065,-1.95323],[30.10663,-1.95361],[30.10673,-1.95399],[30.10771,-1.95532],[30.10769,-1.95534],[30.10803,-1.95582],[30.10817,-1.95594],[30.1083,-1.95605],[30.10844,-1.95664],[30.10879,-1.95677],[30.10898,-1.95679],[30.10912,-1.95678],[30.10903,-1.95681],[30.10911,-1.95694],[30.1095,-1.95745],[30.1093,-1.95761],[30.1094,-1.95777],[30.10954,-1.95793],[30.10953,-1.95796],[30.10958,-1.95804],[30.10952,-1.95812],[30.10954,-1.95817],[30.10951,-1.95822],[30.10967,-1.95846],[30.10971,-1.95845],[30.11003,-1.95826],[30.11031,-1.95803],[30.11092,-1.95832],[30.1111,-1.95824],[30.11103,-1.95803],[30.11102,-1.95787],[30.11103,-1.95784],[30.11103,-1.95779],[30.11102,-1.95778],[30.11107,-1.95756],[30.11139,-1.9569],[30.11166,-1.95648],[30.1119,-1.95612],[30.11207,-1.95583],[30.11237,-1.95539],[30.11256,-1.95507],[30.11308,-1.95424],[30.11326,-1.954],[30.1136,-1.95361],[30.11436,-1.95273],[30.11522,-1.95192],[30.11569,-1.95155],[30.11589,-1.95146],[30.11608,-1.95132],[30.11649,-1.95096],[30.11663,-1.95086],[30.11614,-1.95039],[30.11581,-1.95004],[30.11538,-1.94953],[30.11518,-1.94933],[30.11503,-1.94921],[30.11485,-1.94907],[30.11475,-1.94902],[30.11451,-1.94892],[30.11403,-1.94873],[30.11389,-1.94869],[30.11351,-1.9484],[30.11341,-1.94835],[30.11339,-1.94824],[30.11324,-1.94793],[30.11318,-1.9477],[30.11295,-1.94728],[30.11291,-1.94714],[30.11276,-1.94699],[30.11252,-1.94664],[30.11223,-1.94634],[30.1121,-1.94616],[30.11197,-1.94593],[30.11192,-1.94582],[30.11186,-1.94566],[30.11173,-1.94519],[30.11166,-1.94513],[30.11164,-1.94504],[30.11196,-1.94475],[30.11206,-1.94434],[30.11208,-1.94434],[30.11208,-1.94425],[30.1121,-1.94418],[30.11229,-1.9439],[30.11243,-1.94378],[30.11249,-1.9437],[30.11258,-1.94366],[30.11266,-1.94367],[30.1128,-1.9438],[30.11283,-1.9438],[30.11289,-1.94374],[30.11304,-1.9436],[30.11316,-1.94327],[30.11328,-1.94303],[30.11331,-1.94301],[30.11341,-1.943],[30.1138,-1.9429],[30.11382,-1.94287],[30.11381,-1.9427],[30.11382,-1.94267],[30.11395,-1.9426],[30.11418,-1.94241],[30.11445,-1.94223],[30.11463,-1.94207],[30.11469,-1.94202],[30.11476,-1.94191],[30.11466,-1.94163],[30.11466,-1.94152],[30.11462,-1.94141],[30.11463,-1.94135],[30.11462,-1.94131],[30.11489,-1.94116],[30.11488,-1.94104],[30.11502,-1.941],[30.11515,-1.94098],[30.11485,-1.94055],[30.11473,-1.94037],[30.11427,-1.94005],[30.11385,-1.93963],[30.11365,-1.94011],[30.11364,-1.94011],[30.11348,-1.93999],[30.11302,-1.9397],[30.11222,-1.9392],[30.11226,-1.93911],[30.11154,-1.93883],[30.11047,-1.93843],[30.11041,-1.93836],[30.10943,-1.93799],[30.10883,-1.93755],[30.10874,-1.93748],[30.10869,-1.93754],[30.10858,-1.93745]]]}},{"type":"Feature","properties":{"d":"Nyarugenge","s":"Kigali","c":"Nyabugogo"},"geometry":{"type":"Polygon","coordinates":[[[30.04041,-1.94188],[30.04037,-1.94187],[30.03972,-1.94176],[30.03958,-1.94178],[30.03935,-1.94188],[30.03924,-1.9419],[30.03915,-1.94191],[30.03896,-1.94199],[30.03886,-1.94202],[30.03882,-1.94202],[30.03867,-1.94201],[30.03852,-1.94197],[30.03835,-1.94197],[30.03816,-1.94206],[30.03812,-1.94209],[30.03802,-1.94219],[30.03786,-1.94219],[30.0378,-1.94217],[30.0376,-1.94204],[30.03746,-1.942],[30.03716,-1.94201],[30.03682,-1.94223],[30.03675,-1.94223],[30.03669,-1.94228],[30.0366,-1.94224],[30.03652,-1.94214],[30.03649,-1.9421],[30.03636,-1.94207],[30.03612,-1.94208],[30.03592,-1.94216],[30.03579,-1.94226],[30.03564,-1.94227],[30.03538,-1.94247],[30.03527,-1.94247],[30.03511,-1.94242],[30.03496,-1.94244],[30.03441,-1.94277],[30.03427,-1.94283],[30.03405,-1.94297],[30.03397,-1.9431],[30.03394,-1.9432],[30.0339,-1.94331],[30.03356,-1.94363],[30.0334,-1.94358],[30.03312,-1.94322],[30.03296,-1.94332],[30.0327,-1.94388],[30.03263,-1.94434],[30.03247,-1.94436],[30.0321,-1.94412],[30.03199,-1.9442],[30.03206,-1.94472],[30.03195,-1.94479],[30.03175,-1.94479],[30.03161,-1.94442],[30.03105,-1.94444],[30.03046,-1.9448],[30.02997,-1.94471],[30.02959,-1.94486],[30.02929,-1.94491],[30.02875,-1.94498],[30.02869,-1.94542],[30.0285,-1.94567],[30.0284,-1.94577],[30.02805,-1.94652],[30.02803,-1.94656],[30.02755,-1.947],[30.02711,-1.94718],[30.02687,-1.9471],[30.02676,-1.94706],[30.02661,-1.9471],[30.0261,-1.94722],[30.02528,-1.94776],[30.0248,-1.94786],[30.02452,-1.94789],[30.02437,-1.94762],[30.02447,-1.94719],[30.02423,-1.94713],[30.02397,-1.94713],[30.02378,-1.94713],[30.02365,-1.9471],[30.02336,-1.94684],[30.02311,-1.94715],[30.02292,-1.94673],[30.02275,-1.94654],[30.02252,-1.94659],[30.02236,-1.94673],[30.02259,-1.94727],[30.02236,-1.94729],[30.02201,-1.94713],[30.02174,-1.94737],[30.02152,-1.94743],[30.02139,-1.94743],[30.02128,-1.94758],[30.02104,-1.94793],[30.02112,-1.94848],[30.02103,-1.94861],[30.02057,-1.94855],[30.02046,-1.94872],[30.02007,-1.94895],[30.0192,-1.94884],[30.01867,-1.94882],[30.01855,-1.94873],[30.0186,-1.94804],[30.01797,-1.94815],[30.01703,-1.94812],[30.01685,-1.94782],[30.01664,-1.94759],[30.01595,-1.9477],[30.01582,-1.94782],[30.01572,-1.94812],[30.0155,-1.9482],[30.01496,-1.94812],[30.01464,-1.9479],[30.01428,-1.9478],[30.01405,-1.94748],[30.01383,-1.9473],[30.01388,-1.94701],[30.0138,-1.94679],[30.01344,-1.94679],[30.01298,-1.94694],[30.01294,-1.94648],[30.01262,-1.94653],[30.01201,-1.94646],[30.01164,-1.94637],[30.01139,-1.94637],[30.01129,-1.94679],[30.0109,-1.94701],[30.01048,-1.94669],[30.01022,-1.94723],[30.01041,-1.94782],[30.01021,-1.94799],[30.0099,-1.94794],[30.00966,-1.94771],[30.00935,-1.94812],[30.00859,-1.94811],[30.0083,-1.94789],[30.00823,-1.94749],[30.00796,-1.94757],[30.00727,-1.94778],[30.00679,-1.94764],[30.00696,-1.94806],[30.00689,-1.94826],[30.00661,-1.94821],[30.00631,-1.94815],[30.00611,-1.94816],[30.00616,-1.94834],[30.00613,-1.94852],[30.00592,-1.94863],[30.00506,-1.94792],[30.00503,-1.94828],[30.00487,-1.94831],[30.0046,-1.94829],[30.00475,-1.94857],[30.0046,-1.94865],[30.00422,-1.94858],[30.00421,-1.94874],[30.00437,-1.94904],[30.00408,-1.94894],[30.00377,-1.94877],[30.00365,-1.94882],[30.00355,-1.94926],[30.00395,-1.94934],[30.00391,-1.94952],[30.00342,-1.94979],[30.00336,-1.95006],[30.00343,-1.95024],[30.00363,-1.95032],[30.00349,-1.95048],[30.00302,-1.95048],[30.00301,-1.95085],[30.00282,-1.95095],[30.00256,-1.9509],[30.00242,-1.95091],[30.00231,-1.95106],[30.00218,-1.95119],[30.002,-1.95097],[30.00178,-1.95061],[30.00163,-1.95041],[30.0014,-1.95066],[30.0013,-1.95097],[30.00118,-1.95084],[30.00107,-1.95037],[30.00097,-1.95023],[30.00066,-1.95022],[30.00038,-1.95033],[30.00022,-1.95047],[30.0,-1.95059],[29.99996,-1.95059],[29.99983,-1.95052],[29.99976,-1.9505],[29.99972,-1.95054],[29.99971,-1.95069],[29.99965,-1.95074],[29.99957,-1.95077],[29.99949,-1.95083],[29.99945,-1.95088],[29.99947,-1.95107],[29.99952,-1.95125],[29.9995,-1.95135],[29.99937,-1.95169],[29.99927,-1.95187],[29.99917,-1.95204],[29.99909,-1.95213],[29.9999,-1.95411],[30.00005,-1.95497],[29.99967,-1.95564],[29.99847,-1.95643],[29.99871,-1.95691],[29.99966,-1.95726],[30.00064,-1.9575],[30.00114,-1.95738],[30.00141,-1.95696],[30.0017,-1.95561],[30.00207,-1.95491],[30.00273,-1.95449],[30.00324,-1.9547],[30.00331,-1.95486],[30.00343,-1.95554],[30.0033,-1.95598],[30.00303,-1.95676],[30.00303,-1.95723],[30.00315,-1.95792],[30.00365,-1.95889],[30.0038,-1.95937],[30.00379,-1.95944],[30.00383,-1.95969],[30.00365,-1.9603],[30.00323,-1.96132],[30.00329,-1.96155],[30.00314,-1.96164],[30.0031,-1.9617],[30.00315,-1.96168],[30.00328,-1.96194],[30.00348,-1.96322],[30.00309,-1.96487],[30.00329,-1.96802],[30.00345,-1.96857],[30.00355,-1.9688],[30.0037,-1.96923],[30.00367,-1.96969],[30.00349,-1.96986],[30.00317,-1.97001],[30.00404,-1.97025],[30.0056,-1.96997],[30.00576,-1.97005],[30.00558,-1.96989],[30.00599,-1.96939],[30.00563,-1.96932],[30.0051,-1.9692],[30.00489,-1.96912],[30.0052,-1.96885],[30.00554,-1.96863],[30.006,-1.96831],[30.00622,-1.96809],[30.00651,-1.96828],[30.00676,-1.96832],[30.00678,-1.96826],[30.00681,-1.96815],[30.0071,-1.96688],[30.00721,-1.9666],[30.00725,-1.96635],[30.00738,-1.96599],[30.00746,-1.96569],[30.00757,-1.96516],[30.00761,-1.9649],[30.00769,-1.96458],[30.0077,-1.96454],[30.00773,-1.96454],[30.00784,-1.96429],[30.00803,-1.96339],[30.00834,-1.96261],[30.00851,-1.96193],[30.00841,-1.96149],[30.00827,-1.96093],[30.00832,-1.96088],[30.00833,-1.96086],[30.00855,-1.96073],[30.00856,-1.96074],[30.00857,-1.96072],[30.00861,-1.9607],[30.00862,-1.96042],[30.00868,-1.96018],[30.00873,-1.96017],[30.00882,-1.96016],[30.00891,-1.95981],[30.00889,-1.95964],[30.00894,-1.95928],[30.00896,-1.95929],[30.00895,-1.95923],[30.00905,-1.95924],[30.00949,-1.95937],[30.00984,-1.9595],[30.01005,-1.95959],[30.01011,-1.95968],[30.01088,-1.96007],[30.01154,-1.96042],[30.01212,-1.96077],[30.01268,-1.96097],[30.01289,-1.96102],[30.01315,-1.96104],[30.01338,-1.96107],[30.01389,-1.96121],[30.01413,-1.96136],[30.0149,-1.96177],[30.01538,-1.96191],[30.01646,-1.96211],[30.01647,-1.96243],[30.01658,-1.96336],[30.01664,-1.96362],[30.0169,-1.96491],[30.01695,-1.96489],[30.01713,-1.96513],[30.01732,-1.96528],[30.0175,-1.96591],[30.01791,-1.9667],[30.01827,-1.96755],[30.01869,-1.96766],[30.02119,-1.96791],[30.02166,-1.96857],[30.02203,-1.96891],[30.02237,-1.96902],[30.02279,-1.96863],[30.02324,-1.96787],[30.02344,-1.96736],[30.02339,-1.96707],[30.02328,-1.96636],[30.02332,-1.96501],[30.02325,-1.96461],[30.0232,-1.96455],[30.0232,-1.96453],[30.02319,-1.96453],[30.02314,-1.96447],[30.02315,-1.96437],[30.02324,-1.96431],[30.02325,-1.96427],[30.02325,-1.96416],[30.02318,-1.96414],[30.0232,-1.96397],[30.02327,-1.96388],[30.02327,-1.96376],[30.02342,-1.96376],[30.02342,-1.96349],[30.02339,-1.96349],[30.02339,-1.96333],[30.0234,-1.96331],[30.02371,-1.96324],[30.02383,-1.96299],[30.02407,-1.96263],[30.02444,-1.96218],[30.02479,-1.96185],[30.02488,-1.96175],[30.02493,-1.96173],[30.02505,-1.9615],[30.02523,-1.96123],[30.0255,-1.96069],[30.02598,-1.95953],[30.02601,-1.95923],[30.02604,-1.95902],[30.02591,-1.95829],[30.02593,-1.95824],[30.0259,-1.95803],[30.02595,-1.95789],[30.02606,-1.95789],[30.02611,-1.95771],[30.02628,-1.95731],[30.02657,-1.95676],[30.02658,-1.95674],[30.02679,-1.95641],[30.02696,-1.95621],[30.02702,-1.95608],[30.02727,-1.95584],[30.02755,-1.95562],[30.0276,-1.95555],[30.0276,-1.95548],[30.02775,-1.95533],[30.02783,-1.95528],[30.02794,-1.95505],[30.02807,-1.95488],[30.02805,-1.95487],[30.02817,-1.9547],[30.02842,-1.95443],[30.02845,-1.95437],[30.02865,-1.95434],[30.0287,-1.95431],[30.02896,-1.95413],[30.02929,-1.95373],[30.02962,-1.95307],[30.02963,-1.95306],[30.03119,-1.95202],[30.03118,-1.952],[30.0312,-1.95199],[30.03121,-1.95195],[30.03118,-1.95185],[30.03107,-1.95171],[30.03099,-1.95166],[30.03077,-1.95108],[30.03104,-1.95043],[30.03112,-1.95],[30.03135,-1.94976],[30.03134,-1.94972],[30.03138,-1.94978],[30.03138,-1.94972],[30.03127,-1.94946],[30.03124,-1.94936],[30.03126,-1.94926],[30.03128,-1.94919],[30.03137,-1.94905],[30.03152,-1.94896],[30.03157,-1.94893],[30.03158,-1.94888],[30.03168,-1.94888],[30.03174,-1.94889],[30.03181,-1.94893],[30.03182,-1.94895],[30.03193,-1.94904],[30.03199,-1.94906],[30.03208,-1.949],[30.03229,-1.94881],[30.03244,-1.9486],[30.03255,-1.94849],[30.03265,-1.94845],[30.03276,-1.94843],[30.03285,-1.94845],[30.03298,-1.9485],[30.03318,-1.94859],[30.03324,-1.94863],[30.03331,-1.94872],[30.03351,-1.94905],[30.03356,-1.94908],[30.03359,-1.9491],[30.03377,-1.94867],[30.0337,-1.94861],[30.03379,-1.94813],[30.03398,-1.9483],[30.03441,-1.94817],[30.03488,-1.94814],[30.035,-1.94811],[30.03545,-1.948],[30.03669,-1.94789],[30.03729,-1.94793],[30.03862,-1.94803],[30.03922,-1.94764],[30.03956,-1.94742],[30.04074,-1.94849],[30.04095,-1.94837],[30.04107,-1.94828],[30.0411,-1.9482],[30.04111,-1.94807],[30.04107,-1.94795],[30.041,-1.94783],[30.04113,-1.94789],[30.04109,-1.94743],[30.04086,-1.94624],[30.04073,-1.94584],[30.04066,-1.9453],[30.04073,-1.94523],[30.04063,-1.94511],[30.04028,-1.94441],[30.04022,-1.9439],[30.04023,-1.94387],[30.0402,-1.94385],[30.04024,-1.94376],[30.04026,-1.94377],[30.04038,-1.9434],[30.04037,-1.94323],[30.04027,-1.94303],[30.04022,-1.94282],[30.04023,-1.94262],[30.04033,-1.94226],[30.04041,-1.94188]]]}},{"type":"Feature","properties":{"d":"Nyarugenge","s":"Muhima","c":"Nyabugogo"},"geometry":{"type":"Polygon","coordinates":[[[30.05132,-1.93417],[30.05064,-1.93419],[30.04958,-1.93449],[30.0492,-1.93449],[30.04903,-1.93478],[30.0488,-1.93486],[30.0487,-1.93517],[30.04829,-1.93568],[30.04819,-1.93596],[30.04881,-1.93636],[30.04872,-1.93643],[30.04778,-1.93698],[30.04754,-1.93733],[30.04736,-1.93756],[30.04678,-1.93822],[30.0466,-1.93837],[30.04642,-1.93859],[30.04631,-1.93862],[30.04615,-1.93857],[30.04591,-1.93853],[30.0458,-1.93856],[30.0457,-1.93864],[30.0454,-1.93878],[30.04517,-1.93884],[30.04512,-1.93889],[30.04509,-1.93899],[30.045,-1.93907],[30.04498,-1.93911],[30.04494,-1.93913],[30.045,-1.93936],[30.04501,-1.93958],[30.04495,-1.93992],[30.04494,-1.93992],[30.04511,-1.94036],[30.04526,-1.94072],[30.04567,-1.9411],[30.04571,-1.94133],[30.04572,-1.94134],[30.04579,-1.94131],[30.04619,-1.9412],[30.04652,-1.94101],[30.04686,-1.94087],[30.04697,-1.94079],[30.04755,-1.9406],[30.04804,-1.94047],[30.04875,-1.94035],[30.0511,-1.93974],[30.05183,-1.93959],[30.05284,-1.93946],[30.05313,-1.93942],[30.05413,-1.93922],[30.05466,-1.93915],[30.05486,-1.93914],[30.05547,-1.93918],[30.05565,-1.9392],[30.0553,-1.93856],[30.05529,-1.93842],[30.05533,-1.93824],[30.05538,-1.93807],[30.05561,-1.93741],[30.05585,-1.93669],[30.05599,-1.93666],[30.0558,-1.93609],[30.05569,-1.93553],[30.05544,-1.93557],[30.05504,-1.9356],[30.05455,-1.93453],[30.05496,-1.93421],[30.05476,-1.93423],[30.05427,-1.93431],[30.05132,-1.93417]]]}},{"type":"Feature","properties":{"d":"Gasabo","s":"Jali","c":"Nyabuliba"},"geometry":{"type":"Polygon","coordinates":[[[30.02668,-1.90054],[30.02676,-1.90031],[30.02679,-1.90016],[30.02667,-1.90001],[30.02642,-1.89979],[30.02634,-1.89952],[30.02635,-1.89933],[30.02621,-1.89891],[30.02609,-1.89874],[30.02606,-1.89869],[30.02604,-1.89856],[30.02595,-1.89878],[30.02567,-1.89904],[30.02511,-1.89944],[30.02455,-1.90002],[30.02403,-1.90055],[30.02427,-1.90105],[30.02446,-1.90131],[30.02406,-1.90123],[30.02377,-1.90124],[30.02377,-1.9013],[30.02369,-1.90132],[30.02336,-1.90155],[30.02329,-1.90162],[30.02333,-1.90181],[30.02309,-1.90195],[30.02266,-1.90177],[30.02258,-1.90184],[30.02253,-1.90233],[30.0222,-1.90253],[30.02207,-1.90268],[30.02208,-1.9027],[30.02203,-1.90274],[30.02195,-1.903],[30.02219,-1.90309],[30.02213,-1.90321],[30.02201,-1.90326],[30.02202,-1.9033],[30.02195,-1.90385],[30.02206,-1.90394],[30.02164,-1.90455],[30.02139,-1.90469],[30.02103,-1.90559],[30.02091,-1.90579],[30.02085,-1.90593],[30.02071,-1.90619],[30.0205,-1.90671],[30.02051,-1.90672],[30.02049,-1.90674],[30.02051,-1.90675],[30.0204,-1.90705],[30.02036,-1.90728],[30.02007,-1.90817],[30.02005,-1.9083],[30.01994,-1.90864],[30.01983,-1.90887],[30.01951,-1.90938],[30.01943,-1.90954],[30.01918,-1.90995],[30.01873,-1.91046],[30.01862,-1.91062],[30.01857,-1.91074],[30.01855,-1.91082],[30.01853,-1.91101],[30.01855,-1.91134],[30.01844,-1.91158],[30.01831,-1.91197],[30.01832,-1.91202],[30.01815,-1.91239],[30.01808,-1.9125],[30.01794,-1.91263],[30.01806,-1.91274],[30.01823,-1.91316],[30.01831,-1.91323],[30.01878,-1.91342],[30.01891,-1.9135],[30.01915,-1.91362],[30.01924,-1.91371],[30.01933,-1.91373],[30.01953,-1.91383],[30.01971,-1.91396],[30.01967,-1.91421],[30.01956,-1.91435],[30.01943,-1.91448],[30.0191,-1.91464],[30.01908,-1.91467],[30.01911,-1.91487],[30.01917,-1.91511],[30.01917,-1.91521],[30.01913,-1.91536],[30.01897,-1.91564],[30.01894,-1.91573],[30.01895,-1.91581],[30.01894,-1.91586],[30.01869,-1.91624],[30.01857,-1.91626],[30.01853,-1.91622],[30.01847,-1.9162],[30.01838,-1.91622],[30.01833,-1.91625],[30.01811,-1.91623],[30.01801,-1.91618],[30.01784,-1.91604],[30.01783,-1.91605],[30.01766,-1.91589],[30.01745,-1.91583],[30.01725,-1.91588],[30.01705,-1.91597],[30.01691,-1.91598],[30.01669,-1.91591],[30.01649,-1.91589],[30.01592,-1.91602],[30.01544,-1.91608],[30.01523,-1.91614],[30.01507,-1.91624],[30.01491,-1.91631],[30.01484,-1.91629],[30.01476,-1.91632],[30.01446,-1.9168],[30.01426,-1.91726],[30.01413,-1.91747],[30.01407,-1.91776],[30.01406,-1.91792],[30.01408,-1.91806],[30.01429,-1.91885],[30.0143,-1.91897],[30.01433,-1.91909],[30.01434,-1.91928],[30.01425,-1.91991],[30.01409,-1.92031],[30.01409,-1.92054],[30.01414,-1.92067],[30.01423,-1.92074],[30.01434,-1.92078],[30.01456,-1.92074],[30.01468,-1.92067],[30.0148,-1.92059],[30.01489,-1.92049],[30.01492,-1.92043],[30.01511,-1.9202],[30.01528,-1.92025],[30.01538,-1.92033],[30.01553,-1.92041],[30.01589,-1.92072],[30.01599,-1.92076],[30.01606,-1.92076],[30.01629,-1.92066],[30.0165,-1.9206],[30.01697,-1.9204],[30.01716,-1.92026],[30.01751,-1.92007],[30.01785,-1.91992],[30.01792,-1.91984],[30.01798,-1.91971],[30.01807,-1.91959],[30.01812,-1.91954],[30.01821,-1.91948],[30.01858,-1.91938],[30.01884,-1.91927],[30.01909,-1.91909],[30.01929,-1.91887],[30.01967,-1.91866],[30.02007,-1.91862],[30.0205,-1.91853],[30.02067,-1.91845],[30.02077,-1.91833],[30.02085,-1.91828],[30.02102,-1.91825],[30.02129,-1.91828],[30.02173,-1.91843],[30.02192,-1.91855],[30.02238,-1.91899],[30.0224,-1.91902],[30.02245,-1.91922],[30.02244,-1.91939],[30.02232,-1.91951],[30.02235,-1.91971],[30.0224,-1.91988],[30.02249,-1.9205],[30.02247,-1.92068],[30.02241,-1.92087],[30.02204,-1.92136],[30.02199,-1.92156],[30.022,-1.92195],[30.02198,-1.92236],[30.02204,-1.92259],[30.02221,-1.9228],[30.02256,-1.92307],[30.02323,-1.9233],[30.02343,-1.92357],[30.02348,-1.92378],[30.02347,-1.92393],[30.02358,-1.92411],[30.02363,-1.92417],[30.02384,-1.92468],[30.02389,-1.92493],[30.02397,-1.92516],[30.02397,-1.9252],[30.024,-1.92524],[30.02416,-1.92535],[30.02451,-1.92545],[30.02466,-1.92548],[30.02493,-1.92551],[30.02523,-1.92558],[30.02566,-1.92579],[30.02611,-1.9261],[30.02655,-1.92659],[30.02662,-1.92664],[30.02668,-1.92666],[30.02673,-1.92676],[30.02677,-1.92677],[30.02681,-1.92674],[30.02696,-1.92672],[30.02731,-1.92669],[30.02731,-1.92667],[30.02771,-1.92671],[30.02817,-1.92696],[30.02823,-1.92751],[30.02822,-1.92765],[30.02824,-1.92787],[30.02839,-1.92816],[30.02845,-1.92826],[30.0286,-1.92842],[30.02893,-1.92867],[30.02954,-1.92861],[30.02976,-1.92878],[30.02984,-1.92891],[30.02998,-1.92901],[30.03015,-1.92908],[30.03031,-1.92905],[30.03047,-1.92907],[30.0306,-1.92914],[30.03071,-1.92924],[30.03086,-1.92933],[30.03118,-1.92965],[30.03104,-1.92989],[30.03089,-1.93009],[30.03085,-1.93024],[30.03077,-1.93096],[30.03067,-1.93139],[30.03065,-1.93162],[30.03068,-1.93191],[30.03065,-1.93224],[30.03055,-1.93239],[30.0303,-1.93263],[30.03022,-1.93272],[30.03018,-1.93278],[30.03019,-1.93285],[30.03027,-1.93304],[30.03043,-1.93322],[30.03045,-1.93328],[30.03048,-1.93342],[30.03048,-1.93359],[30.03044,-1.93367],[30.03016,-1.93383],[30.02994,-1.93393],[30.02987,-1.93393],[30.02927,-1.93407],[30.02924,-1.93404],[30.0292,-1.93405],[30.02907,-1.93408],[30.02899,-1.93412],[30.02891,-1.93413],[30.02877,-1.93427],[30.0286,-1.93454],[30.02853,-1.93468],[30.02855,-1.93473],[30.0285,-1.9349],[30.02867,-1.93507],[30.02882,-1.9351],[30.02888,-1.93514],[30.02912,-1.93525],[30.02915,-1.93525],[30.02919,-1.93522],[30.02935,-1.9354],[30.02949,-1.93567],[30.02956,-1.93583],[30.02973,-1.93675],[30.03002,-1.93749],[30.03024,-1.93788],[30.03028,-1.93808],[30.03025,-1.93824],[30.0302,-1.93822],[30.03011,-1.93826],[30.03002,-1.93836],[30.02995,-1.9385],[30.02993,-1.93866],[30.02993,-1.93884],[30.02999,-1.93915],[30.03009,-1.93949],[30.03011,-1.93959],[30.03019,-1.93965],[30.03026,-1.93974],[30.03041,-1.93982],[30.03059,-1.93985],[30.03089,-1.93985],[30.03128,-1.93994],[30.03151,-1.94005],[30.03182,-1.94006],[30.03198,-1.94],[30.03206,-1.93982],[30.03189,-1.93959],[30.03166,-1.93939],[30.03166,-1.93929],[30.03177,-1.93906],[30.03184,-1.93894],[30.03221,-1.93849],[30.03263,-1.93834],[30.03305,-1.93811],[30.03333,-1.93792],[30.0336,-1.93796],[30.03369,-1.9379],[30.03383,-1.93753],[30.03383,-1.93749],[30.03385,-1.93749],[30.03388,-1.93739],[30.03409,-1.93737],[30.03391,-1.9365],[30.03397,-1.9365],[30.03495,-1.9365],[30.03506,-1.93593],[30.03523,-1.93559],[30.03554,-1.93497],[30.03656,-1.93511],[30.03672,-1.93519],[30.0374,-1.93611],[30.03789,-1.93662],[30.03811,-1.93637],[30.03824,-1.93628],[30.03843,-1.93619],[30.03861,-1.93607],[30.03874,-1.93594],[30.03881,-1.93576],[30.03884,-1.93558],[30.03896,-1.93521],[30.039,-1.93503],[30.03902,-1.93477],[30.03886,-1.93344],[30.03878,-1.93303],[30.03865,-1.9326],[30.03842,-1.93203],[30.03811,-1.93115],[30.03795,-1.93057],[30.03789,-1.93034],[30.03781,-1.93014],[30.03756,-1.92968],[30.03731,-1.92922],[30.03703,-1.92866],[30.0365,-1.92774],[30.03622,-1.92723],[30.03611,-1.92702],[30.03599,-1.92684],[30.03575,-1.92626],[30.03563,-1.92582],[30.03541,-1.9251],[30.03534,-1.92485],[30.03526,-1.92446],[30.0351,-1.92389],[30.03501,-1.92363],[30.03497,-1.92352],[30.03478,-1.92273],[30.03466,-1.92225],[30.03443,-1.92151],[30.03418,-1.92055],[30.0341,-1.92036],[30.03376,-1.9198],[30.03371,-1.91957],[30.03372,-1.91951],[30.03374,-1.91935],[30.03386,-1.91892],[30.03386,-1.9187],[30.03401,-1.91856],[30.0341,-1.91764],[30.03414,-1.91697],[30.03417,-1.9159],[30.03414,-1.91575],[30.03399,-1.91548],[30.03398,-1.91533],[30.03401,-1.9153],[30.03448,-1.91467],[30.03463,-1.9143],[30.03468,-1.91369],[30.03467,-1.91327],[30.03457,-1.91268],[30.03427,-1.91263],[30.03393,-1.91221],[30.03317,-1.91053],[30.0328,-1.90958],[30.03221,-1.9083],[30.03167,-1.90722],[30.03069,-1.90561],[30.03019,-1.90502],[30.02999,-1.9049],[30.02987,-1.9048],[30.0298,-1.90467],[30.02969,-1.90427],[30.02933,-1.90397],[30.02922,-1.90347],[30.02905,-1.90335],[30.02888,-1.90329],[30.02868,-1.90331],[30.02855,-1.90325],[30.02836,-1.90295],[30.02714,-1.90132],[30.02723,-1.90111],[30.02725,-1.90093],[30.02716,-1.90074],[30.02697,-1.90064],[30.0268,-1.90067],[30.02668,-1.90054]]]}},{"type":"Feature","properties":{"d":"Gasabo","s":"Rusororo","c":"Nyagahinga"},"geometry":{"type":"Polygon","coordinates":[[[30.21766,-1.96658],[30.21754,-1.96657],[30.21698,-1.96669],[30.21688,-1.96668],[30.2166,-1.96665],[30.21561,-1.96689],[30.21525,-1.96697],[30.21499,-1.96697],[30.215,-1.96696],[30.21493,-1.96698],[30.2149,-1.96699],[30.2149,-1.96701],[30.21389,-1.96742],[30.21282,-1.96751],[30.21152,-1.96743],[30.21006,-1.96723],[30.20947,-1.96728],[30.20803,-1.9674],[30.2078,-1.96756],[30.20761,-1.9676],[30.20628,-1.96754],[30.20613,-1.96748],[30.20597,-1.96743],[30.20519,-1.96737],[30.20502,-1.96736],[30.20472,-1.96731],[30.20452,-1.96726],[30.20423,-1.96724],[30.20396,-1.9672],[30.20341,-1.96702],[30.20239,-1.96673],[30.20182,-1.96696],[30.20138,-1.9671],[30.20102,-1.96718],[30.20085,-1.96718],[30.20085,-1.9672],[30.20004,-1.96699],[30.19964,-1.96712],[30.19898,-1.96715],[30.19806,-1.9674],[30.19736,-1.96785],[30.19676,-1.96801],[30.19662,-1.96799],[30.19662,-1.96793],[30.19613,-1.96786],[30.19591,-1.96787],[30.19553,-1.96798],[30.19448,-1.96834],[30.19379,-1.9686],[30.19333,-1.96889],[30.19325,-1.96898],[30.19288,-1.96921],[30.19259,-1.9694],[30.1923,-1.96964],[30.19169,-1.9703],[30.19156,-1.9704],[30.19136,-1.97062],[30.19106,-1.97088],[30.19066,-1.97129],[30.18998,-1.9719],[30.18986,-1.97203],[30.18974,-1.97218],[30.18949,-1.97255],[30.18871,-1.97368],[30.18805,-1.97437],[30.18686,-1.97544],[30.18658,-1.97579],[30.18642,-1.97591],[30.18646,-1.97595],[30.18626,-1.97619],[30.18624,-1.9762],[30.1862,-1.97619],[30.18624,-1.97622],[30.1862,-1.97628],[30.18578,-1.97709],[30.18536,-1.9773],[30.18504,-1.97761],[30.18508,-1.97801],[30.18478,-1.97834],[30.18419,-1.97837],[30.18423,-1.97883],[30.18407,-1.97889],[30.18358,-1.97863],[30.18356,-1.97857],[30.18346,-1.97859],[30.18351,-1.97894],[30.18367,-1.98107],[30.18367,-1.98154],[30.18369,-1.98156],[30.18367,-1.98162],[30.18368,-1.98367],[30.1836,-1.9841],[30.1836,-1.98411],[30.18364,-1.98412],[30.18361,-1.98442],[30.18362,-1.9846],[30.18364,-1.98471],[30.18366,-1.98549],[30.18368,-1.98569],[30.18367,-1.98588],[30.18372,-1.98723],[30.18372,-1.98731],[30.18385,-1.98732],[30.18457,-1.98745],[30.18642,-1.98769],[30.18671,-1.98769],[30.18711,-1.98764],[30.18723,-1.98762],[30.18756,-1.98766],[30.18809,-1.98773],[30.18948,-1.98764],[30.18952,-1.9876],[30.19054,-1.98757],[30.19347,-1.98748],[30.19355,-1.98748],[30.19388,-1.98752],[30.19406,-1.98753],[30.19706,-1.98766],[30.19739,-1.98757],[30.19787,-1.98752],[30.19947,-1.98743],[30.19982,-1.98744],[30.20051,-1.9875],[30.20091,-1.9875],[30.2014,-1.98742],[30.20182,-1.9873],[30.20205,-1.98726],[30.20271,-1.98723],[30.20314,-1.98723],[30.20333,-1.98725],[30.20395,-1.98733],[30.20414,-1.98734],[30.2046,-1.98733],[30.20474,-1.9873],[30.2053,-1.98724],[30.20585,-1.98724],[30.20601,-1.98725],[30.2062,-1.98728],[30.20648,-1.98736],[30.20679,-1.98743],[30.20732,-1.98746],[30.20761,-1.9875],[30.2078,-1.98754],[30.20799,-1.98757],[30.20861,-1.9876],[30.20912,-1.98762],[30.2099,-1.98761],[30.21018,-1.98757],[30.21053,-1.98759],[30.21077,-1.98755],[30.21103,-1.98745],[30.21166,-1.98729],[30.21183,-1.98719],[30.21195,-1.98706],[30.21232,-1.98649],[30.21252,-1.98623],[30.21276,-1.98601],[30.21316,-1.9856],[30.21381,-1.98508],[30.21419,-1.98484],[30.21464,-1.98471],[30.21498,-1.98456],[30.21614,-1.98394],[30.21603,-1.98372],[30.21603,-1.98368],[30.21605,-1.98366],[30.21652,-1.98362],[30.21672,-1.98356],[30.21674,-1.98357],[30.21678,-1.98362],[30.21727,-1.98345],[30.21743,-1.98332],[30.21741,-1.98318],[30.21742,-1.98314],[30.2178,-1.9829],[30.21804,-1.98281],[30.21827,-1.98279],[30.21863,-1.9826],[30.21881,-1.98252],[30.21902,-1.98248],[30.21912,-1.9825],[30.21941,-1.9825],[30.21945,-1.98252],[30.21949,-1.98263],[30.21952,-1.98265],[30.21983,-1.98267],[30.22002,-1.98264],[30.22043,-1.98255],[30.22054,-1.98255],[30.22062,-1.98256],[30.2208,-1.98257],[30.221,-1.98247],[30.22105,-1.98247],[30.22115,-1.98248],[30.22124,-1.98252],[30.22127,-1.98252],[30.22129,-1.9824],[30.22125,-1.98225],[30.22098,-1.98216],[30.2208,-1.98211],[30.22084,-1.9818],[30.22095,-1.98136],[30.22095,-1.98132],[30.22102,-1.98135],[30.22112,-1.98118],[30.22113,-1.98119],[30.22117,-1.98113],[30.22116,-1.98112],[30.22118,-1.98109],[30.22122,-1.98104],[30.22123,-1.98105],[30.22124,-1.98103],[30.22134,-1.98089],[30.22177,-1.98057],[30.22202,-1.97964],[30.22199,-1.97964],[30.22212,-1.97943],[30.2222,-1.97924],[30.22302,-1.97802],[30.22328,-1.97756],[30.22373,-1.97753],[30.22364,-1.97702],[30.22336,-1.97596],[30.22308,-1.9753],[30.2228,-1.975],[30.2224,-1.97474],[30.2231,-1.97282],[30.22358,-1.96997],[30.22362,-1.96972],[30.22346,-1.9698],[30.22338,-1.9697],[30.22325,-1.96948],[30.22304,-1.96907],[30.22293,-1.96893],[30.22292,-1.96894],[30.22284,-1.96882],[30.22264,-1.96858],[30.22254,-1.96848],[30.22215,-1.96827],[30.22191,-1.96817],[30.22165,-1.96789],[30.22127,-1.96764],[30.22107,-1.96754],[30.22101,-1.96752],[30.22056,-1.96734],[30.22023,-1.96716],[30.22005,-1.96712],[30.21951,-1.96686],[30.21928,-1.96687],[30.21889,-1.96686],[30.21858,-1.96678],[30.21814,-1.96663],[30.21769,-1.96663],[30.21766,-1.96658]]]}},{"type":"Feature","properties":{"d":"Gasabo","s":"Bumbogo","c":"Nyagasozi"},"geometry":{"type":"Polygon","coordinates":[[[30.15667,-1.82729],[30.15546,-1.82606],[30.15428,-1.82562],[30.15404,-1.82553],[30.15319,-1.82497],[30.1529,-1.82477],[30.15199,-1.82461],[30.14991,-1.82377],[30.14762,-1.82299],[30.14644,-1.82269],[30.1464,-1.82265],[30.14619,-1.82247],[30.14606,-1.82231],[30.14501,-1.82096],[30.14491,-1.82127],[30.1448,-1.82174],[30.14447,-1.82316],[30.14433,-1.82367],[30.14393,-1.82432],[30.14358,-1.82477],[30.14319,-1.82532],[30.14279,-1.82597],[30.14263,-1.82616],[30.14266,-1.82619],[30.14266,-1.82623],[30.14255,-1.82634],[30.14244,-1.82648],[30.14239,-1.82659],[30.14176,-1.82753],[30.14201,-1.82767],[30.14176,-1.82799],[30.14163,-1.82821],[30.14138,-1.82812],[30.14108,-1.8286],[30.14105,-1.82858],[30.14101,-1.82873],[30.14028,-1.83031],[30.14012,-1.83116],[30.13997,-1.83172],[30.1398,-1.83346],[30.1399,-1.83385],[30.14026,-1.83435],[30.14051,-1.83484],[30.14062,-1.83541],[30.14082,-1.83565],[30.14083,-1.83598],[30.14054,-1.83691],[30.14019,-1.83888],[30.14018,-1.83928],[30.14035,-1.83961],[30.14051,-1.84037],[30.14057,-1.84178],[30.14054,-1.84193],[30.14055,-1.84198],[30.14053,-1.84198],[30.14051,-1.84241],[30.14043,-1.84303],[30.14034,-1.84352],[30.1401,-1.84421],[30.14001,-1.84435],[30.13993,-1.84468],[30.13993,-1.84472],[30.13985,-1.84488],[30.13974,-1.84525],[30.13976,-1.84532],[30.1397,-1.8456],[30.13953,-1.84593],[30.13949,-1.84628],[30.13956,-1.84682],[30.13956,-1.84691],[30.13961,-1.84699],[30.13964,-1.84717],[30.13973,-1.84751],[30.13972,-1.84771],[30.13977,-1.84805],[30.13985,-1.84829],[30.13987,-1.84843],[30.13994,-1.84862],[30.14006,-1.84908],[30.14011,-1.84919],[30.14012,-1.84934],[30.14018,-1.84946],[30.14021,-1.84963],[30.14028,-1.84981],[30.14041,-1.85004],[30.14053,-1.85044],[30.14054,-1.85052],[30.14053,-1.85091],[30.14047,-1.85126],[30.14037,-1.85151],[30.14024,-1.85188],[30.14016,-1.85205],[30.14006,-1.85219],[30.14003,-1.85227],[30.14003,-1.85243],[30.1401,-1.85271],[30.1401,-1.85281],[30.13999,-1.85358],[30.1397,-1.8542],[30.13977,-1.85459],[30.13984,-1.85474],[30.13983,-1.8549],[30.13998,-1.85582],[30.13994,-1.85582],[30.13994,-1.85599],[30.13997,-1.85623],[30.14001,-1.85639],[30.1401,-1.85687],[30.14015,-1.85703],[30.14019,-1.85723],[30.1402,-1.85735],[30.14028,-1.85771],[30.14048,-1.85822],[30.14049,-1.85827],[30.14063,-1.85861],[30.14074,-1.85895],[30.14079,-1.85903],[30.14088,-1.85935],[30.14092,-1.85947],[30.14132,-1.85983],[30.14157,-1.86003],[30.14169,-1.8601],[30.1418,-1.8602],[30.14208,-1.86036],[30.14236,-1.86055],[30.14282,-1.86081],[30.14301,-1.86091],[30.14317,-1.86104],[30.14324,-1.861],[30.14373,-1.86145],[30.144,-1.86168],[30.1449,-1.86237],[30.14604,-1.86317],[30.14715,-1.86386],[30.14732,-1.86395],[30.14815,-1.86416],[30.14815,-1.86418],[30.14827,-1.86419],[30.14898,-1.86437],[30.14933,-1.86453],[30.1496,-1.86472],[30.14976,-1.865],[30.1503,-1.86525],[30.15094,-1.86526],[30.15166,-1.86542],[30.15213,-1.86565],[30.15216,-1.86567],[30.15222,-1.86589],[30.15225,-1.86594],[30.15238,-1.866],[30.15247,-1.86611],[30.15253,-1.86614],[30.15256,-1.86619],[30.15259,-1.86621],[30.15266,-1.86634],[30.15279,-1.86648],[30.15288,-1.86663],[30.15298,-1.8667],[30.15309,-1.86683],[30.15335,-1.86738],[30.15348,-1.86753],[30.15359,-1.86758],[30.15367,-1.86766],[30.15374,-1.86778],[30.15373,-1.8679],[30.15376,-1.86797],[30.1538,-1.86802],[30.15397,-1.8683],[30.15424,-1.86865],[30.15444,-1.86882],[30.15449,-1.86883],[30.15455,-1.86888],[30.15459,-1.869],[30.15468,-1.86909],[30.15526,-1.87004],[30.15579,-1.87032],[30.15596,-1.87046],[30.15601,-1.87049],[30.15647,-1.87085],[30.15668,-1.87087],[30.15763,-1.87022],[30.15764,-1.87023],[30.15769,-1.87031],[30.15782,-1.87036],[30.1587,-1.87027],[30.15898,-1.87028],[30.15918,-1.87032],[30.1594,-1.87029],[30.15986,-1.87017],[30.1611,-1.87034],[30.16179,-1.87057],[30.16285,-1.8708],[30.16331,-1.87094],[30.16363,-1.87074],[30.16489,-1.87023],[30.16463,-1.8698],[30.16441,-1.86904],[30.16433,-1.86844],[30.16391,-1.86778],[30.16379,-1.86734],[30.1635,-1.8671],[30.16283,-1.86628],[30.16262,-1.86628],[30.16257,-1.86621],[30.16258,-1.86604],[30.16255,-1.86586],[30.16252,-1.86578],[30.1625,-1.86552],[30.16254,-1.86524],[30.1625,-1.86504],[30.16249,-1.86481],[30.1625,-1.86472],[30.16245,-1.86457],[30.1624,-1.86448],[30.16206,-1.86407],[30.16141,-1.86318],[30.16128,-1.86299],[30.16127,-1.86294],[30.1612,-1.86282],[30.16103,-1.86261],[30.16098,-1.86251],[30.16074,-1.86219],[30.16062,-1.86223],[30.16054,-1.862],[30.16053,-1.86189],[30.1605,-1.86178],[30.16041,-1.86172],[30.16017,-1.86134],[30.16005,-1.86122],[30.15997,-1.86112],[30.15987,-1.86104],[30.15983,-1.86097],[30.15984,-1.86092],[30.15975,-1.86083],[30.15979,-1.8608],[30.15942,-1.86033],[30.15939,-1.86034],[30.15929,-1.86016],[30.15925,-1.86013],[30.15913,-1.85993],[30.1591,-1.85983],[30.15897,-1.85962],[30.15895,-1.85955],[30.15897,-1.85951],[30.15896,-1.85943],[30.15893,-1.85928],[30.15895,-1.85922],[30.15902,-1.85921],[30.15903,-1.85911],[30.15902,-1.85895],[30.159,-1.85881],[30.15896,-1.85874],[30.15896,-1.85871],[30.15885,-1.85828],[30.15885,-1.8581],[30.15883,-1.85801],[30.15883,-1.85776],[30.15881,-1.85765],[30.15865,-1.85722],[30.15844,-1.85679],[30.15835,-1.85665],[30.1583,-1.85662],[30.15828,-1.85657],[30.15805,-1.85629],[30.15805,-1.85624],[30.15801,-1.85612],[30.158,-1.856],[30.15804,-1.85589],[30.15807,-1.85566],[30.15808,-1.85527],[30.15798,-1.85497],[30.15787,-1.85484],[30.15782,-1.85416],[30.15825,-1.85295],[30.1583,-1.85176],[30.15811,-1.85117],[30.15804,-1.85069],[30.15831,-1.84952],[30.15814,-1.84883],[30.15778,-1.84802],[30.15766,-1.84695],[30.15762,-1.84665],[30.1574,-1.84629],[30.15731,-1.84603],[30.15718,-1.84593],[30.157,-1.84576],[30.15692,-1.84566],[30.15689,-1.84561],[30.15658,-1.84533],[30.1564,-1.84522],[30.15625,-1.84507],[30.15621,-1.84509],[30.15618,-1.84504],[30.1561,-1.84496],[30.15605,-1.84488],[30.156,-1.84468],[30.15594,-1.84453],[30.15569,-1.84437],[30.15568,-1.84435],[30.15588,-1.84419],[30.1558,-1.84403],[30.15575,-1.84395],[30.15563,-1.84369],[30.15549,-1.84351],[30.15533,-1.84338],[30.15529,-1.8434],[30.15525,-1.84336],[30.15518,-1.84334],[30.15496,-1.84298],[30.15492,-1.84282],[30.15486,-1.84251],[30.15447,-1.84202],[30.15434,-1.84185],[30.15433,-1.84178],[30.15418,-1.84164],[30.15381,-1.84102],[30.15377,-1.84093],[30.15372,-1.84057],[30.15366,-1.84037],[30.15365,-1.84009],[30.15362,-1.83998],[30.15354,-1.83935],[30.15351,-1.83893],[30.15353,-1.83872],[30.1535,-1.8384],[30.15352,-1.83804],[30.15359,-1.83781],[30.15363,-1.83774],[30.15377,-1.83758],[30.15396,-1.83742],[30.15421,-1.83703],[30.15434,-1.83694],[30.1545,-1.83681],[30.15461,-1.83668],[30.15478,-1.83656],[30.155,-1.83636],[30.15524,-1.83619],[30.1553,-1.83617],[30.15548,-1.83605],[30.15568,-1.83597],[30.15592,-1.8359],[30.15639,-1.83571],[30.15659,-1.83566],[30.1567,-1.83566],[30.15688,-1.83558],[30.15717,-1.83535],[30.15738,-1.83524],[30.15742,-1.83532],[30.15761,-1.83528],[30.15796,-1.83496],[30.15832,-1.83487],[30.15857,-1.83477],[30.15878,-1.83475],[30.15879,-1.83466],[30.15904,-1.83463],[30.15928,-1.83458],[30.15936,-1.83475],[30.15959,-1.8347],[30.15975,-1.83468],[30.16049,-1.83469],[30.16055,-1.83441],[30.16066,-1.83358],[30.16054,-1.83275],[30.16015,-1.83173],[30.1586,-1.82952],[30.15845,-1.8293],[30.15667,-1.82729]]]}},{"type":"Feature","properties":{"d":"Gasabo","s":"Kimironko","c":"Nyagatovu"},"geometry":{"type":"Polygon","coordinates":[[[30.11625,-1.94179],[30.11603,-1.94156],[30.11592,-1.94141],[30.11584,-1.94126],[30.11577,-1.94114],[30.11576,-1.94098],[30.11515,-1.94098],[30.11502,-1.941],[30.11488,-1.94104],[30.11489,-1.94116],[30.11462,-1.94131],[30.11463,-1.94135],[30.11462,-1.94141],[30.11466,-1.94152],[30.11466,-1.94163],[30.11476,-1.94191],[30.11469,-1.94202],[30.11463,-1.94207],[30.11445,-1.94223],[30.11418,-1.94241],[30.11395,-1.9426],[30.11382,-1.94267],[30.11381,-1.9427],[30.11382,-1.94287],[30.1138,-1.9429],[30.11341,-1.943],[30.11331,-1.94301],[30.11328,-1.94303],[30.11316,-1.94327],[30.11304,-1.9436],[30.11289,-1.94374],[30.11283,-1.9438],[30.1128,-1.9438],[30.11266,-1.94367],[30.11258,-1.94366],[30.11249,-1.9437],[30.11243,-1.94378],[30.11229,-1.9439],[30.1121,-1.94418],[30.11208,-1.94425],[30.11208,-1.94434],[30.11206,-1.94434],[30.11196,-1.94475],[30.11164,-1.94504],[30.11166,-1.94513],[30.11173,-1.94519],[30.11186,-1.94566],[30.11192,-1.94582],[30.11197,-1.94593],[30.1121,-1.94616],[30.11223,-1.94634],[30.11252,-1.94664],[30.11276,-1.94699],[30.11291,-1.94714],[30.11295,-1.94728],[30.11318,-1.9477],[30.11324,-1.94793],[30.11339,-1.94824],[30.11341,-1.94835],[30.11351,-1.9484],[30.11389,-1.94869],[30.11403,-1.94873],[30.11451,-1.94892],[30.11475,-1.94902],[30.11485,-1.94907],[30.11503,-1.94921],[30.11518,-1.94933],[30.11538,-1.94953],[30.11581,-1.95004],[30.11614,-1.95039],[30.11663,-1.95086],[30.11799,-1.94995],[30.11815,-1.9505],[30.11831,-1.95091],[30.11909,-1.95228],[30.11973,-1.95321],[30.11994,-1.95309],[30.12068,-1.95257],[30.12099,-1.9523],[30.12109,-1.95227],[30.12321,-1.9507],[30.12445,-1.94981],[30.12451,-1.94974],[30.12504,-1.94942],[30.12569,-1.94906],[30.12575,-1.94899],[30.1261,-1.94884],[30.1267,-1.94853],[30.12725,-1.94823],[30.12743,-1.94806],[30.12749,-1.94795],[30.12734,-1.94712],[30.12724,-1.9468],[30.12723,-1.94681],[30.12723,-1.94671],[30.12721,-1.94648],[30.12732,-1.94619],[30.12744,-1.94596],[30.12747,-1.94575],[30.12744,-1.94555],[30.12732,-1.94541],[30.12707,-1.9453],[30.12654,-1.94512],[30.12643,-1.94504],[30.12638,-1.94496],[30.12635,-1.94484],[30.12623,-1.94465],[30.12611,-1.94452],[30.12592,-1.9444],[30.12579,-1.94435],[30.12551,-1.94429],[30.12545,-1.94417],[30.12533,-1.94404],[30.12452,-1.94287],[30.12452,-1.94289],[30.124,-1.94326],[30.124,-1.9433],[30.12399,-1.94343],[30.12389,-1.94349],[30.12343,-1.9437],[30.12333,-1.94379],[30.12294,-1.94391],[30.12289,-1.94392],[30.12271,-1.94383],[30.12264,-1.94383],[30.12246,-1.94376],[30.12234,-1.94373],[30.12217,-1.94373],[30.12213,-1.94375],[30.12198,-1.94371],[30.12187,-1.94371],[30.12173,-1.9437],[30.12152,-1.94364],[30.12134,-1.94352],[30.12126,-1.94351],[30.12081,-1.94331],[30.12065,-1.94325],[30.12034,-1.94307],[30.12014,-1.94299],[30.1199,-1.94292],[30.11975,-1.94285],[30.11954,-1.94278],[30.11927,-1.94272],[30.11883,-1.94268],[30.11826,-1.94247],[30.11816,-1.9424],[30.11803,-1.94227],[30.11796,-1.94225],[30.1176,-1.94216],[30.11755,-1.94216],[30.11732,-1.94216],[30.11727,-1.94214],[30.11729,-1.94223],[30.1172,-1.94225],[30.1171,-1.94198],[30.11698,-1.942],[30.11693,-1.94198],[30.11664,-1.94195],[30.11648,-1.94196],[30.11637,-1.94198],[30.11631,-1.94202],[30.11625,-1.94179]]]}},{"type":"Feature","properties":{"d":"Kicukiro","s":"Niboye","c":"Nyakabanda"},"geometry":{"type":"Polygon","coordinates":[[[30.11735,-1.96074],[30.11716,-1.96057],[30.11709,-1.96055],[30.11707,-1.96049],[30.11694,-1.96037],[30.11684,-1.96026],[30.11679,-1.96025],[30.11674,-1.96018],[30.11664,-1.9599],[30.1167,-1.95986],[30.11669,-1.95982],[30.11629,-1.95993],[30.116,-1.96005],[30.11563,-1.96017],[30.11507,-1.96036],[30.11461,-1.96049],[30.1144,-1.96054],[30.11427,-1.96055],[30.11393,-1.96063],[30.11363,-1.96071],[30.11288,-1.96102],[30.11281,-1.96107],[30.1128,-1.96107],[30.11277,-1.96099],[30.11241,-1.96114],[30.11195,-1.9613],[30.1118,-1.96137],[30.11177,-1.9614],[30.11159,-1.96148],[30.11153,-1.96149],[30.11124,-1.96159],[30.11077,-1.96179],[30.11039,-1.96196],[30.11044,-1.96203],[30.10972,-1.96244],[30.10814,-1.96354],[30.10804,-1.96361],[30.1077,-1.96377],[30.10749,-1.96383],[30.10722,-1.96383],[30.10658,-1.96384],[30.10622,-1.9639],[30.10601,-1.96396],[30.10494,-1.96469],[30.10454,-1.9648],[30.10392,-1.96494],[30.10372,-1.96508],[30.10362,-1.96519],[30.10319,-1.96589],[30.1032,-1.96589],[30.10308,-1.96617],[30.10299,-1.96632],[30.10283,-1.9668],[30.10277,-1.96703],[30.10279,-1.96715],[30.10335,-1.96746],[30.10377,-1.96778],[30.10376,-1.96792],[30.10374,-1.96799],[30.10375,-1.96806],[30.10374,-1.96819],[30.10379,-1.96831],[30.10389,-1.96843],[30.10398,-1.96848],[30.10425,-1.96848],[30.10448,-1.96846],[30.1046,-1.96844],[30.10468,-1.96839],[30.10484,-1.96838],[30.10505,-1.96837],[30.10523,-1.96841],[30.10565,-1.96848],[30.10582,-1.96846],[30.10573,-1.96832],[30.10563,-1.96823],[30.10578,-1.96802],[30.10574,-1.96795],[30.10578,-1.96795],[30.10583,-1.96789],[30.10587,-1.96798],[30.10602,-1.96784],[30.10606,-1.96782],[30.10633,-1.9679],[30.1065,-1.96785],[30.10682,-1.96797],[30.10707,-1.968],[30.1071,-1.96796],[30.10735,-1.96808],[30.10735,-1.96818],[30.1075,-1.96824],[30.10741,-1.9684],[30.10748,-1.96844],[30.10758,-1.96829],[30.1082,-1.96857],[30.1084,-1.96854],[30.10877,-1.96866],[30.10909,-1.96886],[30.10992,-1.96883],[30.11047,-1.96846],[30.11176,-1.96803],[30.11184,-1.96799],[30.11203,-1.96797],[30.11263,-1.96767],[30.11271,-1.96771],[30.11326,-1.96751],[30.11408,-1.96693],[30.11424,-1.96693],[30.11422,-1.96685],[30.11439,-1.96674],[30.11452,-1.96663],[30.11485,-1.96636],[30.11518,-1.9662],[30.11552,-1.96598],[30.11571,-1.96587],[30.11582,-1.96583],[30.11586,-1.96581],[30.11597,-1.96571],[30.11605,-1.96555],[30.11643,-1.9651],[30.1165,-1.96495],[30.11649,-1.96492],[30.11651,-1.96487],[30.11661,-1.96479],[30.11667,-1.9646],[30.11677,-1.96446],[30.11699,-1.96424],[30.11703,-1.96409],[30.11704,-1.96397],[30.11702,-1.96385],[30.11699,-1.96382],[30.11705,-1.96377],[30.11724,-1.96357],[30.11741,-1.9633],[30.11748,-1.96307],[30.11749,-1.96281],[30.11749,-1.9627],[30.11744,-1.96251],[30.11741,-1.96253],[30.11741,-1.9625],[30.11748,-1.96245],[30.11758,-1.96187],[30.11757,-1.96175],[30.1176,-1.96155],[30.11753,-1.9615],[30.11728,-1.96122],[30.1174,-1.96113],[30.11735,-1.96074]]]}},{"type":"Feature","properties":{"d":"Nyarugenge","s":"Nyakabanda","c":"Nyakabanda I"},"geometry":{"type":"Polygon","coordinates":[[[30.03959,-1.96673],[30.03955,-1.96692],[30.03922,-1.96776],[30.03871,-1.96871],[30.03866,-1.96895],[30.03862,-1.96928],[30.03862,-1.96951],[30.03838,-1.97141],[30.03828,-1.97205],[30.03897,-1.97228],[30.03978,-1.97249],[30.04022,-1.97259],[30.04091,-1.9727],[30.04073,-1.97333],[30.04065,-1.97331],[30.04068,-1.97334],[30.04065,-1.97344],[30.04045,-1.97358],[30.04071,-1.9737],[30.04089,-1.97382],[30.04092,-1.97376],[30.04126,-1.97386],[30.04134,-1.97412],[30.04153,-1.97414],[30.04188,-1.97414],[30.04189,-1.97417],[30.04192,-1.97446],[30.04213,-1.97446],[30.04209,-1.97491],[30.04211,-1.97504],[30.0421,-1.97519],[30.0421,-1.97523],[30.04219,-1.97559],[30.04254,-1.97659],[30.04267,-1.97634],[30.04306,-1.97577],[30.0434,-1.97532],[30.04353,-1.97522],[30.04405,-1.97498],[30.04414,-1.97496],[30.04447,-1.97489],[30.04492,-1.9748],[30.04615,-1.97463],[30.04689,-1.97465],[30.04696,-1.97459],[30.04734,-1.97437],[30.0478,-1.97415],[30.0482,-1.97402],[30.04856,-1.9739],[30.04876,-1.97379],[30.04899,-1.97359],[30.04909,-1.97338],[30.04908,-1.97313],[30.04905,-1.97305],[30.04886,-1.97288],[30.04874,-1.97283],[30.04851,-1.97275],[30.04802,-1.97263],[30.04761,-1.9724],[30.0474,-1.97211],[30.04733,-1.9718],[30.0474,-1.97142],[30.04752,-1.97117],[30.04775,-1.971],[30.04791,-1.97089],[30.04788,-1.97079],[30.04783,-1.9704],[30.04773,-1.96994],[30.04759,-1.96943],[30.04651,-1.96935],[30.04629,-1.96935],[30.04613,-1.96939],[30.04606,-1.96915],[30.04604,-1.96907],[30.04595,-1.96898],[30.04593,-1.96892],[30.04587,-1.96887],[30.04581,-1.96879],[30.04576,-1.96875],[30.04547,-1.9686],[30.04538,-1.96855],[30.04535,-1.96855],[30.04521,-1.96846],[30.04484,-1.96838],[30.04468,-1.96825],[30.04462,-1.96825],[30.0445,-1.96816],[30.04435,-1.96801],[30.04426,-1.96795],[30.04422,-1.96792],[30.04417,-1.96786],[30.04401,-1.96775],[30.04387,-1.96771],[30.04356,-1.96767],[30.04309,-1.96754],[30.04286,-1.96741],[30.04274,-1.96727],[30.04269,-1.96724],[30.04223,-1.96703],[30.04167,-1.96685],[30.04158,-1.96683],[30.04137,-1.96683],[30.04065,-1.96674],[30.04028,-1.96673],[30.04004,-1.96676],[30.03959,-1.96673]]]}},{"type":"Feature","properties":{"d":"Nyarugenge","s":"Nyakabanda","c":"Nyakabanda Ii"},"geometry":{"type":"Polygon","coordinates":[[[30.04091,-1.9727],[30.04022,-1.97259],[30.03978,-1.97249],[30.03897,-1.97228],[30.03828,-1.97205],[30.03819,-1.97262],[30.03808,-1.97301],[30.03785,-1.9734],[30.03744,-1.97479],[30.0374,-1.97508],[30.03726,-1.97552],[30.03713,-1.97574],[30.03694,-1.97586],[30.0368,-1.97586],[30.03665,-1.97585],[30.03653,-1.97589],[30.03649,-1.97599],[30.0365,-1.97615],[30.03653,-1.97639],[30.03663,-1.97668],[30.03667,-1.97699],[30.03663,-1.97716],[30.03652,-1.97738],[30.03651,-1.97739],[30.03665,-1.97745],[30.03749,-1.97794],[30.03783,-1.97799],[30.0379,-1.97798],[30.03809,-1.97801],[30.03834,-1.978],[30.0384,-1.97802],[30.03859,-1.97801],[30.03957,-1.97809],[30.03985,-1.97816],[30.03984,-1.97817],[30.03988,-1.97818],[30.04012,-1.9782],[30.0402,-1.97819],[30.04021,-1.97822],[30.04052,-1.97829],[30.04062,-1.97828],[30.04068,-1.97826],[30.04077,-1.97842],[30.04085,-1.9785],[30.04092,-1.97861],[30.04113,-1.97839],[30.04177,-1.97758],[30.04188,-1.97789],[30.04208,-1.9783],[30.0421,-1.9784],[30.04293,-1.97898],[30.04308,-1.97901],[30.04316,-1.979],[30.04332,-1.97893],[30.04348,-1.97919],[30.04366,-1.97935],[30.04375,-1.97932],[30.04378,-1.97933],[30.0439,-1.9794],[30.04391,-1.97943],[30.0439,-1.97948],[30.04397,-1.97946],[30.04533,-1.97905],[30.04544,-1.97899],[30.04758,-1.97836],[30.04743,-1.97801],[30.04679,-1.97632],[30.0467,-1.97611],[30.04655,-1.97556],[30.04655,-1.97534],[30.04653,-1.97519],[30.04658,-1.97501],[30.0466,-1.97491],[30.04689,-1.97465],[30.04615,-1.97463],[30.04492,-1.9748],[30.04447,-1.97489],[30.04414,-1.97496],[30.04405,-1.97498],[30.04353,-1.97522],[30.0434,-1.97532],[30.04306,-1.97577],[30.04267,-1.97634],[30.04254,-1.97659],[30.04219,-1.97559],[30.0421,-1.97523],[30.0421,-1.97519],[30.04211,-1.97504],[30.04209,-1.97491],[30.04213,-1.97446],[30.04192,-1.97446],[30.04189,-1.97417],[30.04188,-1.97414],[30.04153,-1.97414],[30.04134,-1.97412],[30.04126,-1.97386],[30.04092,-1.97376],[30.04089,-1.97382],[30.04071,-1.9737],[30.04045,-1.97358],[30.04065,-1.97344],[30.04068,-1.97334],[30.04065,-1.97331],[30.04073,-1.97333],[30.04091,-1.9727]]]}},{"type":"Feature","properties":{"d":"Gasabo","s":"Jali","c":"Nyakabungo"},"geometry":{"type":"Polygon","coordinates":[[[30.01971,-1.86819],[30.01875,-1.86785],[30.01781,-1.86848],[30.01676,-1.86878],[30.01588,-1.8688],[30.01558,-1.86871],[30.01477,-1.86867],[30.01456,-1.86882],[30.0143,-1.86887],[30.01335,-1.86892],[30.01335,-1.86892],[30.01335,-1.86896],[30.01333,-1.86952],[30.01325,-1.86997],[30.01326,-1.87006],[30.01325,-1.87019],[30.01326,-1.87039],[30.01341,-1.8718],[30.01344,-1.8725],[30.0135,-1.87278],[30.01367,-1.87362],[30.01385,-1.87413],[30.01407,-1.87467],[30.01435,-1.87555],[30.01495,-1.87677],[30.01547,-1.87767],[30.0157,-1.87804],[30.01605,-1.87878],[30.01683,-1.88099],[30.01714,-1.88085],[30.01763,-1.8806],[30.01773,-1.88069],[30.01779,-1.88097],[30.01854,-1.88277],[30.01934,-1.88432],[30.01934,-1.88466],[30.01944,-1.88486],[30.01964,-1.88506],[30.0197,-1.88528],[30.0197,-1.8874],[30.01967,-1.88783],[30.01965,-1.88793],[30.01965,-1.88818],[30.01978,-1.8889],[30.02001,-1.88963],[30.02022,-1.88996],[30.0206,-1.89054],[30.02071,-1.89071],[30.02088,-1.89079],[30.02104,-1.89066],[30.02347,-1.88975],[30.02434,-1.88885],[30.02466,-1.88836],[30.02513,-1.888],[30.02584,-1.88767],[30.02707,-1.88737],[30.02738,-1.88739],[30.02749,-1.88736],[30.02766,-1.88739],[30.02785,-1.88745],[30.02792,-1.88751],[30.02849,-1.88768],[30.02878,-1.88782],[30.02932,-1.88781],[30.02939,-1.88783],[30.02946,-1.88783],[30.02949,-1.88781],[30.03004,-1.88781],[30.03028,-1.88786],[30.0304,-1.88791],[30.03056,-1.88792],[30.03089,-1.88791],[30.031,-1.88792],[30.0311,-1.88792],[30.0313,-1.88788],[30.03148,-1.88775],[30.03165,-1.88782],[30.03174,-1.88781],[30.0318,-1.88771],[30.03187,-1.88767],[30.03206,-1.88772],[30.03225,-1.88777],[30.03239,-1.88775],[30.0325,-1.88776],[30.03258,-1.8878],[30.03266,-1.88786],[30.03273,-1.88795],[30.03283,-1.88802],[30.03298,-1.88808],[30.03301,-1.88808],[30.03311,-1.88817],[30.03318,-1.88827],[30.03325,-1.8883],[30.03349,-1.88856],[30.03358,-1.88857],[30.0337,-1.88871],[30.03394,-1.88889],[30.03419,-1.88903],[30.03423,-1.88911],[30.03426,-1.88923],[30.03428,-1.88938],[30.03439,-1.88954],[30.03448,-1.88978],[30.03453,-1.88983],[30.03473,-1.88997],[30.0348,-1.89005],[30.03498,-1.89018],[30.03504,-1.89027],[30.0351,-1.89032],[30.03516,-1.89035],[30.03525,-1.89048],[30.03534,-1.89056],[30.03553,-1.8907],[30.03561,-1.89089],[30.03567,-1.891],[30.0357,-1.89116],[30.03578,-1.89128],[30.03577,-1.89138],[30.0358,-1.89149],[30.03594,-1.89178],[30.03604,-1.89193],[30.03622,-1.89212],[30.03632,-1.8923],[30.03643,-1.89264],[30.03658,-1.89286],[30.03681,-1.89314],[30.0369,-1.89331],[30.03702,-1.89361],[30.03712,-1.89374],[30.03732,-1.89392],[30.03753,-1.89413],[30.03782,-1.89436],[30.03784,-1.89437],[30.03786,-1.89437],[30.038,-1.89449],[30.03815,-1.89467],[30.03822,-1.89473],[30.03834,-1.89488],[30.03853,-1.89505],[30.03855,-1.8951],[30.03862,-1.89516],[30.03913,-1.89541],[30.03932,-1.89551],[30.03955,-1.89566],[30.03989,-1.8958],[30.04008,-1.8959],[30.04024,-1.89602],[30.04037,-1.89611],[30.04079,-1.89622],[30.04086,-1.89619],[30.04097,-1.8962],[30.04097,-1.89616],[30.04105,-1.89612],[30.04113,-1.89612],[30.04128,-1.89615],[30.04132,-1.89613],[30.04139,-1.89597],[30.04147,-1.89592],[30.0415,-1.89592],[30.04164,-1.89597],[30.0419,-1.89597],[30.04203,-1.89598],[30.04236,-1.89608],[30.04245,-1.89613],[30.04253,-1.89613],[30.04253,-1.89612],[30.04278,-1.89613],[30.04295,-1.89611],[30.04315,-1.89606],[30.04322,-1.89603],[30.0432,-1.896],[30.04327,-1.89597],[30.04353,-1.89603],[30.04358,-1.896],[30.04363,-1.89586],[30.04376,-1.89569],[30.04382,-1.89569],[30.04398,-1.89575],[30.04395,-1.89562],[30.0439,-1.89554],[30.04364,-1.89521],[30.04352,-1.895],[30.04348,-1.895],[30.04339,-1.89503],[30.04327,-1.89502],[30.0432,-1.89497],[30.04309,-1.89498],[30.04291,-1.89488],[30.04264,-1.89472],[30.04238,-1.89434],[30.04234,-1.89424],[30.04235,-1.89418],[30.04242,-1.89403],[30.04234,-1.89405],[30.04227,-1.89409],[30.04216,-1.89411],[30.04198,-1.89399],[30.04194,-1.89391],[30.04194,-1.89388],[30.04204,-1.89367],[30.04208,-1.89356],[30.04209,-1.89344],[30.04207,-1.89338],[30.04201,-1.89334],[30.04197,-1.89333],[30.04186,-1.89336],[30.04173,-1.89342],[30.04161,-1.89341],[30.04151,-1.89335],[30.04139,-1.89315],[30.0414,-1.89303],[30.04148,-1.89292],[30.04155,-1.89278],[30.04156,-1.8925],[30.04175,-1.89206],[30.04176,-1.89193],[30.04168,-1.89156],[30.0417,-1.89148],[30.04172,-1.89145],[30.04173,-1.89143],[30.0418,-1.89146],[30.04187,-1.89156],[30.0419,-1.89157],[30.04193,-1.89155],[30.04196,-1.89144],[30.04194,-1.8914],[30.04182,-1.89137],[30.04169,-1.89137],[30.04156,-1.89133],[30.04151,-1.89115],[30.0414,-1.89101],[30.04135,-1.89097],[30.04131,-1.89091],[30.04131,-1.89088],[30.04135,-1.89081],[30.04139,-1.89079],[30.04157,-1.89075],[30.0416,-1.89071],[30.04157,-1.89066],[30.04141,-1.89059],[30.04135,-1.89052],[30.04135,-1.89041],[30.0414,-1.89028],[30.04147,-1.89012],[30.0415,-1.89011],[30.04159,-1.88981],[30.04133,-1.88948],[30.04153,-1.88916],[30.04128,-1.8888],[30.04134,-1.88833],[30.04126,-1.88825],[30.04125,-1.8882],[30.04127,-1.88815],[30.04123,-1.88804],[30.04127,-1.88784],[30.04138,-1.88772],[30.04121,-1.88757],[30.04118,-1.88741],[30.04107,-1.88737],[30.04097,-1.88748],[30.04091,-1.88747],[30.04088,-1.88745],[30.04086,-1.8874],[30.04087,-1.88729],[30.04085,-1.8872],[30.04106,-1.88701],[30.04133,-1.88694],[30.04149,-1.88661],[30.04134,-1.88625],[30.04161,-1.88637],[30.04155,-1.88606],[30.04152,-1.88597],[30.04152,-1.88587],[30.04145,-1.8855],[30.0416,-1.88525],[30.0416,-1.88514],[30.04157,-1.88506],[30.0415,-1.88498],[30.04147,-1.88495],[30.04137,-1.88488],[30.04114,-1.88467],[30.04103,-1.8846],[30.04087,-1.88446],[30.04071,-1.88436],[30.04069,-1.88433],[30.04069,-1.88425],[30.04082,-1.88415],[30.04086,-1.88402],[30.04085,-1.88396],[30.04077,-1.88385],[30.0405,-1.88371],[30.04028,-1.88372],[30.04014,-1.88371],[30.04006,-1.88368],[30.04003,-1.88364],[30.04001,-1.88358],[30.0401,-1.88345],[30.04012,-1.8834],[30.04011,-1.88333],[30.04009,-1.88331],[30.04004,-1.88328],[30.03987,-1.88328],[30.0398,-1.88329],[30.03948,-1.88325],[30.03944,-1.88322],[30.03945,-1.8831],[30.0394,-1.88305],[30.03933,-1.88305],[30.03924,-1.88312],[30.03918,-1.88314],[30.03913,-1.88313],[30.03905,-1.88308],[30.03898,-1.88299],[30.0389,-1.88286],[30.03886,-1.88276],[30.03885,-1.88224],[30.03877,-1.88207],[30.03853,-1.88185],[30.0384,-1.88176],[30.03833,-1.88164],[30.03822,-1.88151],[30.03812,-1.88145],[30.03787,-1.88142],[30.03755,-1.8814],[30.03742,-1.88143],[30.03724,-1.88148],[30.03717,-1.88146],[30.03711,-1.88138],[30.03659,-1.88123],[30.03694,-1.88097],[30.03682,-1.88077],[30.03674,-1.88068],[30.03663,-1.88042],[30.03638,-1.88029],[30.03622,-1.88025],[30.03617,-1.8802],[30.03611,-1.88006],[30.03603,-1.87994],[30.03578,-1.87982],[30.03546,-1.8798],[30.03531,-1.87969],[30.03537,-1.87955],[30.0357,-1.87946],[30.03574,-1.87938],[30.03568,-1.87927],[30.03565,-1.87925],[30.03522,-1.87898],[30.03495,-1.87878],[30.03494,-1.87874],[30.03499,-1.87854],[30.035,-1.87844],[30.03498,-1.87837],[30.03485,-1.87829],[30.03489,-1.87824],[30.03488,-1.87816],[30.03492,-1.87795],[30.0349,-1.87785],[30.03484,-1.87774],[30.0348,-1.87768],[30.03433,-1.87723],[30.03415,-1.87706],[30.03403,-1.87698],[30.03386,-1.87685],[30.03355,-1.87654],[30.0335,-1.87652],[30.03344,-1.87651],[30.03337,-1.87646],[30.03316,-1.87621],[30.03314,-1.87615],[30.03307,-1.87603],[30.03301,-1.87599],[30.03281,-1.87553],[30.03278,-1.87549],[30.03272,-1.87502],[30.03269,-1.875],[30.03257,-1.875],[30.03252,-1.87495],[30.0325,-1.87486],[30.03255,-1.87479],[30.03265,-1.87468],[30.03278,-1.87458],[30.03285,-1.87449],[30.0329,-1.87438],[30.03291,-1.87432],[30.03287,-1.87425],[30.03287,-1.87418],[30.03309,-1.8738],[30.0331,-1.87371],[30.03307,-1.87367],[30.033,-1.87365],[30.0329,-1.87364],[30.03284,-1.87361],[30.0328,-1.87354],[30.03281,-1.87346],[30.03309,-1.87317],[30.03314,-1.87309],[30.03318,-1.87291],[30.03316,-1.87284],[30.03308,-1.87277],[30.03287,-1.87266],[30.03283,-1.87258],[30.0328,-1.87246],[30.03279,-1.87226],[30.0328,-1.87217],[30.03284,-1.8721],[30.03289,-1.87207],[30.03293,-1.87201],[30.03297,-1.87186],[30.03284,-1.87159],[30.03282,-1.87138],[30.03276,-1.87115],[30.03271,-1.87106],[30.03264,-1.87083],[30.03257,-1.87071],[30.03225,-1.87041],[30.03206,-1.87012],[30.03193,-1.86984],[30.03175,-1.86967],[30.03151,-1.86938],[30.03129,-1.86948],[30.03097,-1.86967],[30.0308,-1.86978],[30.03048,-1.87002],[30.03028,-1.87022],[30.03024,-1.87032],[30.03018,-1.87043],[30.02997,-1.87076],[30.02988,-1.87084],[30.02976,-1.87093],[30.02917,-1.87104],[30.02894,-1.87106],[30.02883,-1.87109],[30.02872,-1.87118],[30.02863,-1.8713],[30.02856,-1.87134],[30.02834,-1.87136],[30.02814,-1.87115],[30.02798,-1.8712],[30.02775,-1.87123],[30.02755,-1.87122],[30.02719,-1.87104],[30.02702,-1.87109],[30.02695,-1.87113],[30.02691,-1.87122],[30.02672,-1.87122],[30.02644,-1.87124],[30.02611,-1.87128],[30.02582,-1.87134],[30.02572,-1.87134],[30.02563,-1.87129],[30.02562,-1.87135],[30.02548,-1.87135],[30.02508,-1.8715],[30.02502,-1.8715],[30.02494,-1.87148],[30.02458,-1.87149],[30.02441,-1.87172],[30.02436,-1.87174],[30.02423,-1.87179],[30.02401,-1.8718],[30.02395,-1.87178],[30.0239,-1.87165],[30.02376,-1.87152],[30.02361,-1.87133],[30.02345,-1.87121],[30.02342,-1.87122],[30.02306,-1.87111],[30.02243,-1.87042],[30.02213,-1.87032],[30.02204,-1.87028],[30.02194,-1.87017],[30.02166,-1.86993],[30.02154,-1.86978],[30.02141,-1.86965],[30.02138,-1.8696],[30.02131,-1.86939],[30.02113,-1.86918],[30.02067,-1.8688],[30.02046,-1.86867],[30.02014,-1.86841],[30.02013,-1.86848],[30.01971,-1.86819]]]}},{"type":"Feature","properties":{"d":"Gasabo","s":"Gatsata","c":"Nyamabuye"},"geometry":{"type":"Polygon","coordinates":[[[30.04555,-1.9287],[30.04525,-1.92867],[30.04521,-1.9287],[30.04512,-1.9287],[30.04508,-1.92873],[30.04496,-1.92872],[30.04492,-1.92873],[30.04473,-1.9287],[30.04471,-1.92872],[30.04459,-1.92872],[30.04452,-1.92871],[30.04451,-1.92869],[30.04447,-1.9287],[30.0443,-1.9287],[30.04402,-1.92876],[30.04399,-1.92877],[30.04398,-1.9288],[30.04396,-1.92881],[30.04378,-1.92882],[30.04364,-1.92884],[30.0434,-1.92879],[30.04339,-1.92882],[30.04337,-1.92882],[30.04332,-1.92879],[30.04323,-1.92877],[30.04322,-1.92874],[30.04314,-1.92871],[30.04293,-1.92868],[30.0426,-1.92871],[30.04241,-1.92875],[30.04223,-1.92884],[30.0421,-1.92884],[30.04179,-1.92893],[30.04173,-1.92892],[30.04142,-1.92896],[30.04111,-1.92902],[30.04078,-1.9291],[30.0407,-1.92909],[30.04042,-1.92914],[30.04015,-1.92918],[30.04009,-1.92921],[30.03998,-1.92924],[30.03945,-1.92929],[30.03934,-1.92931],[30.03904,-1.92929],[30.03887,-1.92926],[30.03881,-1.92927],[30.03864,-1.92925],[30.03841,-1.92928],[30.03814,-1.92929],[30.03814,-1.92961],[30.03756,-1.92968],[30.03781,-1.93014],[30.03789,-1.93034],[30.03795,-1.93057],[30.03811,-1.93115],[30.03842,-1.93203],[30.03865,-1.9326],[30.03878,-1.93303],[30.03886,-1.93344],[30.03902,-1.93477],[30.039,-1.93503],[30.03896,-1.93521],[30.03884,-1.93558],[30.03881,-1.93576],[30.03874,-1.93594],[30.03861,-1.93607],[30.03843,-1.93619],[30.03824,-1.93628],[30.03811,-1.93637],[30.03789,-1.93662],[30.0374,-1.93611],[30.03672,-1.93519],[30.03656,-1.93511],[30.03554,-1.93497],[30.03523,-1.93559],[30.03506,-1.93593],[30.03495,-1.9365],[30.03397,-1.9365],[30.03391,-1.9365],[30.03409,-1.93737],[30.03388,-1.93739],[30.03385,-1.93749],[30.03383,-1.93749],[30.03383,-1.93753],[30.03369,-1.9379],[30.0336,-1.93796],[30.03367,-1.93827],[30.03377,-1.93848],[30.03389,-1.93859],[30.03392,-1.93878],[30.03389,-1.93893],[30.03386,-1.93899],[30.03389,-1.93903],[30.0339,-1.9391],[30.03399,-1.93922],[30.03411,-1.93974],[30.03424,-1.93994],[30.0346,-1.94041],[30.0347,-1.94059],[30.03479,-1.94073],[30.03477,-1.94081],[30.03472,-1.941],[30.03462,-1.94112],[30.03449,-1.94113],[30.03462,-1.94158],[30.03462,-1.94173],[30.03461,-1.94178],[30.0345,-1.94189],[30.03426,-1.94181],[30.03407,-1.94191],[30.03409,-1.94216],[30.03418,-1.9424],[30.03395,-1.94265],[30.03392,-1.9428],[30.03404,-1.94294],[30.03405,-1.94297],[30.03427,-1.94283],[30.03441,-1.94277],[30.03496,-1.94244],[30.03511,-1.94242],[30.03527,-1.94247],[30.03538,-1.94247],[30.03564,-1.94227],[30.03579,-1.94226],[30.03592,-1.94216],[30.03612,-1.94208],[30.03636,-1.94207],[30.03649,-1.9421],[30.03652,-1.94214],[30.0366,-1.94224],[30.03669,-1.94228],[30.03675,-1.94223],[30.03682,-1.94223],[30.03716,-1.94201],[30.03746,-1.942],[30.0376,-1.94204],[30.0378,-1.94217],[30.03786,-1.94219],[30.03802,-1.94219],[30.03812,-1.94209],[30.03816,-1.94206],[30.03835,-1.94197],[30.03852,-1.94197],[30.03867,-1.94201],[30.03882,-1.94202],[30.03886,-1.94202],[30.03896,-1.94199],[30.03915,-1.94191],[30.03924,-1.9419],[30.03935,-1.94188],[30.03958,-1.94178],[30.03972,-1.94176],[30.04037,-1.94187],[30.04041,-1.94188],[30.04074,-1.94194],[30.041,-1.94225],[30.04131,-1.94247],[30.04143,-1.94238],[30.0415,-1.94236],[30.04154,-1.9423],[30.04167,-1.94222],[30.04183,-1.94183],[30.04215,-1.9413],[30.04218,-1.94113],[30.04219,-1.94101],[30.04255,-1.94011],[30.04261,-1.93996],[30.04292,-1.93938],[30.04302,-1.93935],[30.04322,-1.93952],[30.04388,-1.93932],[30.04388,-1.93924],[30.04392,-1.93907],[30.0441,-1.93844],[30.04425,-1.93781],[30.0445,-1.93676],[30.04471,-1.93595],[30.04494,-1.93505],[30.04509,-1.93424],[30.04522,-1.93388],[30.04559,-1.93225],[30.0457,-1.93158],[30.04573,-1.93143],[30.04574,-1.93135],[30.04574,-1.93125],[30.04575,-1.9312],[30.04586,-1.93013],[30.04598,-1.92943],[30.046,-1.92909],[30.04608,-1.92881],[30.04575,-1.92877],[30.04574,-1.92874],[30.04555,-1.9287]]]}},{"type":"Feature","properties":{"d":"Gasabo","s":"Jali","c":"Nyamitanga"},"geometry":{"type":"Polygon","coordinates":[[[30.01779,-1.88097],[30.01773,-1.88069],[30.01763,-1.8806],[30.01714,-1.88085],[30.01683,-1.88099],[30.01679,-1.88102],[30.01679,-1.88104],[30.01614,-1.88131],[30.01561,-1.88159],[30.01467,-1.88198],[30.01445,-1.88205],[30.01444,-1.88204],[30.01408,-1.88206],[30.01341,-1.88218],[30.01306,-1.88226],[30.01261,-1.88238],[30.01252,-1.88242],[30.01218,-1.88271],[30.01214,-1.88248],[30.01193,-1.88251],[30.0118,-1.88265],[30.01121,-1.88277],[30.01097,-1.88286],[30.01063,-1.88309],[30.01052,-1.88322],[30.01036,-1.88328],[30.01015,-1.88341],[30.00979,-1.88369],[30.00967,-1.88376],[30.00961,-1.88382],[30.00933,-1.884],[30.00907,-1.88421],[30.00906,-1.8843],[30.00901,-1.88426],[30.00885,-1.88434],[30.00861,-1.88459],[30.00839,-1.88469],[30.00829,-1.88482],[30.00824,-1.88482],[30.00813,-1.88476],[30.00805,-1.88488],[30.00782,-1.88507],[30.00765,-1.88525],[30.00725,-1.88557],[30.00696,-1.88574],[30.00677,-1.88589],[30.00617,-1.88625],[30.00605,-1.88646],[30.00582,-1.88659],[30.00553,-1.88648],[30.00532,-1.8865],[30.00536,-1.88671],[30.00542,-1.88683],[30.00533,-1.8871],[30.00531,-1.88732],[30.00528,-1.88739],[30.00529,-1.88743],[30.00514,-1.88781],[30.00513,-1.88793],[30.00506,-1.8881],[30.00507,-1.88811],[30.00496,-1.88829],[30.00494,-1.88829],[30.00494,-1.88831],[30.00468,-1.88833],[30.00463,-1.88834],[30.00458,-1.8884],[30.00446,-1.88856],[30.00448,-1.88862],[30.00438,-1.88873],[30.00426,-1.88909],[30.00426,-1.88927],[30.00431,-1.88948],[30.00437,-1.8896],[30.00442,-1.88964],[30.00443,-1.88966],[30.00438,-1.88976],[30.0044,-1.88985],[30.00438,-1.88993],[30.0044,-1.89003],[30.00439,-1.89005],[30.0043,-1.89007],[30.00426,-1.89021],[30.00433,-1.89032],[30.00428,-1.89037],[30.00432,-1.89062],[30.00429,-1.89091],[30.00422,-1.89102],[30.00422,-1.89108],[30.00424,-1.89123],[30.00429,-1.8914],[30.00429,-1.89158],[30.00421,-1.89189],[30.00414,-1.89196],[30.00412,-1.89216],[30.00404,-1.89228],[30.00403,-1.89234],[30.00399,-1.89236],[30.00399,-1.89241],[30.00386,-1.89256],[30.00379,-1.89267],[30.00374,-1.89279],[30.00374,-1.89286],[30.00377,-1.89291],[30.00378,-1.893],[30.00366,-1.89305],[30.00358,-1.89302],[30.00347,-1.89311],[30.00338,-1.89322],[30.00331,-1.89345],[30.00318,-1.89352],[30.00311,-1.89358],[30.00296,-1.89367],[30.00277,-1.89376],[30.0025,-1.89398],[30.00236,-1.89415],[30.00203,-1.89429],[30.00177,-1.89433],[30.00159,-1.89434],[30.00135,-1.8944],[30.00096,-1.89443],[30.00044,-1.89464],[30.00013,-1.89482],[30.00008,-1.89487],[30.00005,-1.89486],[29.99993,-1.89498],[29.99975,-1.89519],[29.99952,-1.89541],[29.99938,-1.89558],[29.99929,-1.89572],[29.99926,-1.89578],[29.99921,-1.89599],[29.99922,-1.89604],[29.99929,-1.89617],[29.999,-1.89663],[29.99881,-1.89686],[29.99867,-1.89699],[29.99847,-1.897],[29.99838,-1.89705],[29.99831,-1.89706],[29.99823,-1.89706],[29.99815,-1.89701],[29.99808,-1.89701],[29.99809,-1.89715],[29.99814,-1.89731],[29.99823,-1.8975],[29.99835,-1.89768],[29.99847,-1.89779],[29.9988,-1.89799],[29.99889,-1.89811],[29.9989,-1.89834],[29.99894,-1.89847],[29.99897,-1.8985],[29.99901,-1.89847],[29.99908,-1.89854],[29.99922,-1.89861],[29.99933,-1.89862],[29.99942,-1.8986],[29.99964,-1.89844],[29.9997,-1.89841],[29.99979,-1.89841],[29.99985,-1.89848],[29.99987,-1.8986],[29.99996,-1.89874],[29.99999,-1.89886],[29.99997,-1.89889],[29.99986,-1.89898],[29.99983,-1.89903],[29.99982,-1.8991],[29.99994,-1.89913],[30.0,-1.89907],[30.00001,-1.89908],[30.00022,-1.89927],[30.00023,-1.89934],[30.00022,-1.89951],[30.00029,-1.89966],[30.00043,-1.89961],[30.0005,-1.89968],[30.00054,-1.89975],[30.00063,-1.90007],[30.00071,-1.90051],[30.00073,-1.90054],[30.00079,-1.90057],[30.00119,-1.90058],[30.00122,-1.90061],[30.00126,-1.90062],[30.00118,-1.90077],[30.00114,-1.90092],[30.00116,-1.90103],[30.00121,-1.90107],[30.00123,-1.90112],[30.00136,-1.9012],[30.00166,-1.90145],[30.00171,-1.90167],[30.00165,-1.90173],[30.0016,-1.90173],[30.00155,-1.90185],[30.00161,-1.90192],[30.00163,-1.90198],[30.00166,-1.902],[30.00179,-1.90208],[30.00203,-1.90211],[30.00204,-1.90212],[30.00206,-1.90225],[30.00192,-1.90235],[30.00181,-1.90239],[30.00182,-1.90251],[30.00188,-1.90254],[30.00191,-1.90258],[30.00228,-1.90271],[30.00252,-1.90285],[30.00252,-1.90292],[30.0025,-1.903],[30.00247,-1.90305],[30.00242,-1.90315],[30.00247,-1.90328],[30.0025,-1.90332],[30.00256,-1.9033],[30.0026,-1.90332],[30.00268,-1.90326],[30.00273,-1.90317],[30.00279,-1.90316],[30.00284,-1.90318],[30.00282,-1.90327],[30.00282,-1.90335],[30.0028,-1.90342],[30.00282,-1.90345],[30.00282,-1.90347],[30.00291,-1.90358],[30.00301,-1.90358],[30.00307,-1.90339],[30.00317,-1.90339],[30.00323,-1.90344],[30.00329,-1.90356],[30.00329,-1.90366],[30.00302,-1.90374],[30.00296,-1.90382],[30.00297,-1.90387],[30.00306,-1.90393],[30.00315,-1.90395],[30.00364,-1.90398],[30.00376,-1.904],[30.00385,-1.90404],[30.00394,-1.90414],[30.00394,-1.9042],[30.00394,-1.90429],[30.00389,-1.90434],[30.00385,-1.90444],[30.00382,-1.90449],[30.00382,-1.90473],[30.0039,-1.90487],[30.00397,-1.90495],[30.00406,-1.90496],[30.00412,-1.905],[30.00412,-1.90532],[30.00405,-1.90564],[30.00406,-1.90572],[30.00418,-1.90579],[30.00429,-1.90579],[30.00435,-1.90581],[30.00438,-1.90583],[30.00445,-1.90602],[30.00453,-1.90609],[30.00462,-1.90612],[30.00494,-1.9061],[30.00499,-1.90611],[30.00508,-1.90619],[30.00513,-1.90618],[30.00516,-1.90619],[30.00524,-1.90606],[30.00538,-1.9061],[30.00567,-1.90635],[30.00589,-1.90659],[30.00595,-1.90668],[30.006,-1.90672],[30.00616,-1.90675],[30.00625,-1.9068],[30.00657,-1.9071],[30.00685,-1.9074],[30.00701,-1.90763],[30.00712,-1.90773],[30.0072,-1.90779],[30.00738,-1.90774],[30.00746,-1.9077],[30.00752,-1.90776],[30.00768,-1.90777],[30.00769,-1.90792],[30.0077,-1.90798],[30.00769,-1.90812],[30.00774,-1.90821],[30.00778,-1.90823],[30.00805,-1.90819],[30.00809,-1.90819],[30.00809,-1.90821],[30.00829,-1.90822],[30.00852,-1.90833],[30.00873,-1.90846],[30.00923,-1.90868],[30.00947,-1.90885],[30.00949,-1.90888],[30.00962,-1.90885],[30.00976,-1.90874],[30.00993,-1.90869],[30.01043,-1.90879],[30.01086,-1.90883],[30.01095,-1.90881],[30.01111,-1.90891],[30.01136,-1.90898],[30.01145,-1.90902],[30.01161,-1.90916],[30.01165,-1.90925],[30.01178,-1.90933],[30.01193,-1.90941],[30.0123,-1.90949],[30.0124,-1.90954],[30.01252,-1.90975],[30.01266,-1.90987],[30.01298,-1.91001],[30.01338,-1.91028],[30.01349,-1.91038],[30.01365,-1.91068],[30.01368,-1.91071],[30.01382,-1.91077],[30.01396,-1.91067],[30.01399,-1.91063],[30.01414,-1.91051],[30.0142,-1.9105],[30.01427,-1.91047],[30.01439,-1.91047],[30.01447,-1.91052],[30.01468,-1.91057],[30.01476,-1.91062],[30.01486,-1.91072],[30.01495,-1.91087],[30.01508,-1.911],[30.01519,-1.91115],[30.01533,-1.91138],[30.01538,-1.9114],[30.01547,-1.91149],[30.0156,-1.91157],[30.01569,-1.91158],[30.01575,-1.91162],[30.01578,-1.9118],[30.01577,-1.91189],[30.0158,-1.91227],[30.01585,-1.91238],[30.0159,-1.91243],[30.01597,-1.91244],[30.01604,-1.91244],[30.01614,-1.91239],[30.01618,-1.91233],[30.01624,-1.91216],[30.0163,-1.91208],[30.01634,-1.91206],[30.01642,-1.91209],[30.01648,-1.91223],[30.01654,-1.91228],[30.01666,-1.91229],[30.01675,-1.91229],[30.01684,-1.91232],[30.01703,-1.91235],[30.01724,-1.91243],[30.01736,-1.9125],[30.01747,-1.91252],[30.01751,-1.91252],[30.01757,-1.91248],[30.01767,-1.91248],[30.01773,-1.91249],[30.01787,-1.91255],[30.01794,-1.91263],[30.01808,-1.9125],[30.01815,-1.91239],[30.01832,-1.91202],[30.01831,-1.91197],[30.01844,-1.91158],[30.01855,-1.91134],[30.01853,-1.91101],[30.01855,-1.91082],[30.01857,-1.91074],[30.01862,-1.91062],[30.01873,-1.91046],[30.01918,-1.90995],[30.01943,-1.90954],[30.01951,-1.90938],[30.01983,-1.90887],[30.01994,-1.90864],[30.02005,-1.9083],[30.02007,-1.90817],[30.02036,-1.90728],[30.0204,-1.90705],[30.02051,-1.90675],[30.02049,-1.90674],[30.02051,-1.90672],[30.0205,-1.90671],[30.02071,-1.90619],[30.02085,-1.90593],[30.02091,-1.90579],[30.02103,-1.90559],[30.02139,-1.90469],[30.02164,-1.90455],[30.02206,-1.90394],[30.02195,-1.90385],[30.02202,-1.9033],[30.02201,-1.90326],[30.02213,-1.90321],[30.02219,-1.90309],[30.02195,-1.903],[30.02203,-1.90274],[30.02208,-1.9027],[30.02207,-1.90268],[30.0222,-1.90253],[30.02253,-1.90233],[30.02258,-1.90184],[30.02266,-1.90177],[30.02309,-1.90195],[30.02333,-1.90181],[30.02329,-1.90162],[30.02336,-1.90155],[30.02369,-1.90132],[30.02377,-1.9013],[30.02377,-1.90124],[30.02406,-1.90123],[30.02446,-1.90131],[30.02427,-1.90105],[30.02403,-1.90055],[30.02455,-1.90002],[30.02511,-1.89944],[30.02567,-1.89904],[30.02595,-1.89878],[30.02604,-1.89856],[30.02606,-1.89869],[30.02609,-1.89874],[30.02616,-1.89862],[30.02584,-1.89766],[30.0254,-1.89706],[30.02539,-1.89669],[30.02518,-1.89637],[30.0248,-1.8961],[30.02497,-1.89578],[30.02486,-1.89551],[30.025,-1.89517],[30.02474,-1.89491],[30.02487,-1.89331],[30.02467,-1.89315],[30.02423,-1.89363],[30.02351,-1.89419],[30.02254,-1.89533],[30.022,-1.89532],[30.02206,-1.89479],[30.02194,-1.89287],[30.02188,-1.89262],[30.02161,-1.89206],[30.02137,-1.89171],[30.02056,-1.89178],[30.02023,-1.89128],[30.01996,-1.89088],[30.02032,-1.89051],[30.02059,-1.89055],[30.0206,-1.89054],[30.02022,-1.88996],[30.02001,-1.88963],[30.01978,-1.8889],[30.01965,-1.88818],[30.01965,-1.88793],[30.01967,-1.88783],[30.0197,-1.8874],[30.0197,-1.88528],[30.01964,-1.88506],[30.01944,-1.88486],[30.01934,-1.88466],[30.01934,-1.88432],[30.01854,-1.88277],[30.01779,-1.88097]]]}},{"type":"Feature","properties":{"d":"Gasabo","s":"Gatsata","c":"Nyamugari"},"geometry":{"type":"Polygon","coordinates":[[[30.05005,-1.91452],[30.04973,-1.91445],[30.04948,-1.91437],[30.04835,-1.91413],[30.04809,-1.91406],[30.04797,-1.91399],[30.04784,-1.91395],[30.04765,-1.91442],[30.04737,-1.91498],[30.04727,-1.91536],[30.04726,-1.91577],[30.04729,-1.91616],[30.04733,-1.91653],[30.0474,-1.91661],[30.04768,-1.91738],[30.04787,-1.91765],[30.04797,-1.91801],[30.048,-1.9184],[30.04794,-1.91894],[30.04778,-1.91986],[30.0477,-1.92018],[30.04754,-1.92084],[30.04749,-1.92104],[30.04701,-1.92223],[30.0467,-1.923],[30.04647,-1.92287],[30.04636,-1.92284],[30.04602,-1.92278],[30.04592,-1.92278],[30.04584,-1.92282],[30.04573,-1.92269],[30.04567,-1.92265],[30.0456,-1.92257],[30.04552,-1.92253],[30.0455,-1.92249],[30.04546,-1.92246],[30.04527,-1.92239],[30.04517,-1.92237],[30.04506,-1.92237],[30.04502,-1.92229],[30.04498,-1.92224],[30.04477,-1.92219],[30.04472,-1.92207],[30.04466,-1.92204],[30.04454,-1.92207],[30.04443,-1.92202],[30.04442,-1.92206],[30.0443,-1.92207],[30.04421,-1.92203],[30.04419,-1.92207],[30.04408,-1.92209],[30.04399,-1.9221],[30.04388,-1.92205],[30.04385,-1.922],[30.04381,-1.92199],[30.0438,-1.92203],[30.04379,-1.92203],[30.04366,-1.92199],[30.0436,-1.92195],[30.04355,-1.92195],[30.04354,-1.92199],[30.04349,-1.92198],[30.04344,-1.92194],[30.04341,-1.92193],[30.04332,-1.92183],[30.04328,-1.92176],[30.0432,-1.92156],[30.04316,-1.92153],[30.04304,-1.92147],[30.04293,-1.9215],[30.04271,-1.92143],[30.04268,-1.92137],[30.04265,-1.92135],[30.04246,-1.92134],[30.04236,-1.92145],[30.04227,-1.92148],[30.04212,-1.9215],[30.04193,-1.92146],[30.0419,-1.92146],[30.04184,-1.92142],[30.04181,-1.92132],[30.04171,-1.92129],[30.04147,-1.92134],[30.04145,-1.92132],[30.04132,-1.92133],[30.0412,-1.92141],[30.04115,-1.92142],[30.04112,-1.92146],[30.04107,-1.92147],[30.04106,-1.92149],[30.04092,-1.92149],[30.04093,-1.92143],[30.04087,-1.92145],[30.04077,-1.92145],[30.04073,-1.92146],[30.04071,-1.92149],[30.0406,-1.92153],[30.04022,-1.92168],[30.03995,-1.92172],[30.03977,-1.92166],[30.03946,-1.92162],[30.03942,-1.9216],[30.03932,-1.92162],[30.03919,-1.92161],[30.03901,-1.92161],[30.03892,-1.92166],[30.03877,-1.92184],[30.03871,-1.92188],[30.03858,-1.92192],[30.03849,-1.92192],[30.0384,-1.92197],[30.0381,-1.92207],[30.03798,-1.92208],[30.03789,-1.92215],[30.03759,-1.92226],[30.0373,-1.92239],[30.03711,-1.92244],[30.03629,-1.92242],[30.03593,-1.92243],[30.03556,-1.92242],[30.03466,-1.92225],[30.03478,-1.92273],[30.03497,-1.92352],[30.03501,-1.92363],[30.0351,-1.92389],[30.03526,-1.92446],[30.03534,-1.92485],[30.03541,-1.9251],[30.03563,-1.92582],[30.03575,-1.92626],[30.03599,-1.92684],[30.03611,-1.92702],[30.03622,-1.92723],[30.0365,-1.92774],[30.03703,-1.92866],[30.03731,-1.92922],[30.03756,-1.92968],[30.03814,-1.92961],[30.03814,-1.92929],[30.03841,-1.92928],[30.03864,-1.92925],[30.03881,-1.92927],[30.03887,-1.92926],[30.03904,-1.92929],[30.03934,-1.92931],[30.03945,-1.92929],[30.03998,-1.92924],[30.04009,-1.92921],[30.04015,-1.92918],[30.04042,-1.92914],[30.0407,-1.92909],[30.04078,-1.9291],[30.04111,-1.92902],[30.04142,-1.92896],[30.04173,-1.92892],[30.04179,-1.92893],[30.0421,-1.92884],[30.04223,-1.92884],[30.04241,-1.92875],[30.0426,-1.92871],[30.04293,-1.92868],[30.04314,-1.92871],[30.04322,-1.92874],[30.04323,-1.92877],[30.04332,-1.92879],[30.04337,-1.92882],[30.04339,-1.92882],[30.0434,-1.92879],[30.04364,-1.92884],[30.04378,-1.92882],[30.04396,-1.92881],[30.04398,-1.9288],[30.04399,-1.92877],[30.04402,-1.92876],[30.0443,-1.9287],[30.04447,-1.9287],[30.04451,-1.92869],[30.04452,-1.92871],[30.04459,-1.92872],[30.04471,-1.92872],[30.04473,-1.9287],[30.04492,-1.92873],[30.04496,-1.92872],[30.04508,-1.92873],[30.04512,-1.9287],[30.04521,-1.9287],[30.04525,-1.92867],[30.04555,-1.9287],[30.04574,-1.92874],[30.04575,-1.92877],[30.04608,-1.92881],[30.046,-1.92909],[30.04598,-1.92943],[30.04586,-1.93013],[30.04575,-1.9312],[30.04574,-1.93125],[30.04574,-1.93135],[30.04573,-1.93143],[30.0457,-1.93158],[30.04559,-1.93225],[30.04522,-1.93388],[30.04509,-1.93424],[30.04494,-1.93505],[30.04471,-1.93595],[30.0445,-1.93676],[30.04425,-1.93781],[30.0441,-1.93844],[30.04392,-1.93907],[30.04388,-1.93924],[30.04388,-1.93932],[30.04486,-1.93911],[30.04489,-1.93917],[30.04494,-1.93913],[30.04498,-1.93911],[30.045,-1.93907],[30.04509,-1.93899],[30.04512,-1.93889],[30.04517,-1.93884],[30.0454,-1.93878],[30.0457,-1.93864],[30.0458,-1.93856],[30.04591,-1.93853],[30.04615,-1.93857],[30.04631,-1.93862],[30.04642,-1.93859],[30.0466,-1.93837],[30.04678,-1.93822],[30.04736,-1.93756],[30.04754,-1.93733],[30.04778,-1.93698],[30.04872,-1.93643],[30.04881,-1.93636],[30.04819,-1.93596],[30.04829,-1.93568],[30.0487,-1.93517],[30.0488,-1.93486],[30.04903,-1.93478],[30.0492,-1.93449],[30.04931,-1.93412],[30.04934,-1.93406],[30.04933,-1.93385],[30.04935,-1.93368],[30.04937,-1.93363],[30.04941,-1.93341],[30.04941,-1.93334],[30.04935,-1.93312],[30.04936,-1.93252],[30.04932,-1.93183],[30.04933,-1.93169],[30.04932,-1.93123],[30.0493,-1.93118],[30.04931,-1.93082],[30.04929,-1.93071],[30.04925,-1.93062],[30.04925,-1.9302],[30.04921,-1.93001],[30.04921,-1.9299],[30.04924,-1.92971],[30.04922,-1.92943],[30.04917,-1.92918],[30.0492,-1.92892],[30.04919,-1.92878],[30.04913,-1.9286],[30.04911,-1.92841],[30.04911,-1.92841],[30.04911,-1.92819],[30.04908,-1.92809],[30.04912,-1.92755],[30.04908,-1.92722],[30.04911,-1.92711],[30.04918,-1.92701],[30.04919,-1.92685],[30.04898,-1.92646],[30.0489,-1.92637],[30.04885,-1.92633],[30.04872,-1.92637],[30.04866,-1.92637],[30.04863,-1.92634],[30.04861,-1.92627],[30.04863,-1.92595],[30.04861,-1.92566],[30.04864,-1.92534],[30.04864,-1.92516],[30.04866,-1.92504],[30.04871,-1.9249],[30.0488,-1.9247],[30.04884,-1.92449],[30.04877,-1.92412],[30.04867,-1.92382],[30.0487,-1.92356],[30.04862,-1.92325],[30.04864,-1.92319],[30.04869,-1.9231],[30.04882,-1.92301],[30.04898,-1.92279],[30.049,-1.92272],[30.04902,-1.92243],[30.04904,-1.92239],[30.04914,-1.92228],[30.0493,-1.92217],[30.04941,-1.92192],[30.04939,-1.9218],[30.0494,-1.92172],[30.04946,-1.92153],[30.04945,-1.9214],[30.0495,-1.92125],[30.04966,-1.92114],[30.04974,-1.921],[30.04973,-1.92093],[30.0497,-1.92084],[30.04949,-1.92062],[30.0494,-1.92058],[30.04932,-1.92053],[30.04927,-1.92041],[30.04922,-1.92017],[30.04919,-1.91985],[30.04933,-1.91949],[30.04946,-1.91936],[30.04965,-1.91922],[30.04971,-1.91907],[30.04972,-1.91894],[30.04975,-1.91883],[30.04981,-1.91875],[30.04987,-1.91871],[30.04993,-1.91873],[30.05005,-1.91878],[30.05012,-1.91879],[30.05017,-1.91878],[30.05022,-1.91872],[30.05023,-1.91863],[30.05018,-1.91848],[30.0499,-1.91819],[30.04992,-1.91809],[30.05002,-1.91798],[30.05006,-1.9179],[30.05005,-1.91786],[30.04992,-1.91778],[30.04988,-1.9177],[30.04965,-1.91762],[30.04964,-1.91759],[30.04967,-1.91747],[30.04966,-1.91744],[30.04957,-1.91735],[30.0495,-1.91723],[30.0494,-1.91713],[30.0494,-1.91708],[30.0495,-1.91691],[30.04953,-1.91669],[30.04949,-1.91634],[30.04948,-1.9161],[30.0495,-1.91596],[30.04955,-1.91588],[30.04963,-1.91581],[30.04989,-1.91572],[30.04991,-1.91567],[30.04994,-1.91553],[30.04989,-1.91536],[30.04972,-1.91523],[30.04959,-1.91511],[30.04947,-1.91494],[30.04947,-1.91487],[30.04949,-1.91479],[30.04952,-1.91477],[30.04969,-1.91475],[30.04987,-1.91468],[30.05,-1.91467],[30.05006,-1.9147],[30.05015,-1.91468],[30.05005,-1.91452]]]}},{"type":"Feature","properties":{"d":"Nyarugenge","s":"Kanyinya","c":"Nyamweru"},"geometry":{"type":"Polygon","coordinates":[[[30.00538,-1.9061],[30.00524,-1.90606],[30.00516,-1.90619],[30.00513,-1.90618],[30.00508,-1.90619],[30.00499,-1.90611],[30.00413,-1.90732],[30.00364,-1.90775],[30.00362,-1.90774],[30.00361,-1.90777],[30.00232,-1.90889],[30.00231,-1.90898],[30.00134,-1.90985],[30.00134,-1.90991],[30.00127,-1.91004],[30.00118,-1.91013],[30.00115,-1.9102],[30.001,-1.91038],[30.00089,-1.91025],[30.00037,-1.91085],[29.99952,-1.91086],[29.99905,-1.91144],[29.99901,-1.91175],[29.9987,-1.91205],[29.99834,-1.91239],[29.99777,-1.91248],[29.99754,-1.91283],[29.99785,-1.91311],[29.9979,-1.91317],[29.99943,-1.91544],[30.00023,-1.917],[30.00124,-1.91898],[30.00148,-1.92031],[30.00105,-1.92055],[30.00045,-1.92055],[30.00094,-1.92144],[30.00107,-1.92166],[30.00136,-1.92147],[30.00151,-1.92172],[30.00231,-1.92145],[30.00324,-1.92155],[30.00349,-1.92167],[30.00367,-1.92183],[30.00372,-1.92211],[30.00382,-1.92418],[30.00388,-1.92434],[30.00397,-1.92451],[30.004,-1.92459],[30.00403,-1.92476],[30.00442,-1.92584],[30.00478,-1.92604],[30.00477,-1.92632],[30.0049,-1.92684],[30.00481,-1.9269],[30.00494,-1.92721],[30.0048,-1.92727],[30.00478,-1.92755],[30.00502,-1.92792],[30.00516,-1.92816],[30.00555,-1.92864],[30.00609,-1.92905],[30.00736,-1.92931],[30.00709,-1.92996],[30.00702,-1.93051],[30.00737,-1.9314],[30.00882,-1.92977],[30.00917,-1.92907],[30.00928,-1.92841],[30.00914,-1.92733],[30.0092,-1.92741],[30.0097,-1.92819],[30.00973,-1.92849],[30.00972,-1.92864],[30.0098,-1.92902],[30.00993,-1.92927],[30.01009,-1.92963],[30.01022,-1.93033],[30.01064,-1.93151],[30.01108,-1.93256],[30.01115,-1.93338],[30.01115,-1.93375],[30.01109,-1.93452],[30.01117,-1.93489],[30.0115,-1.93559],[30.01241,-1.93618],[30.01333,-1.93645],[30.01359,-1.9366],[30.01382,-1.93663],[30.01551,-1.93661],[30.01588,-1.9373],[30.01628,-1.93775],[30.01679,-1.93823],[30.0178,-1.9388],[30.019,-1.94038],[30.01943,-1.94074],[30.01974,-1.94106],[30.02016,-1.94129],[30.02039,-1.94134],[30.02051,-1.94136],[30.02091,-1.94133],[30.02106,-1.94128],[30.02132,-1.94113],[30.02161,-1.94057],[30.02195,-1.94018],[30.02231,-1.94006],[30.02383,-1.94176],[30.02519,-1.94345],[30.02536,-1.94328],[30.02567,-1.94323],[30.02634,-1.94357],[30.02652,-1.94356],[30.02681,-1.94327],[30.02706,-1.94299],[30.02712,-1.94297],[30.02722,-1.94295],[30.02779,-1.94289],[30.02819,-1.9425],[30.02896,-1.94392],[30.02909,-1.9441],[30.02916,-1.9443],[30.02924,-1.94444],[30.02929,-1.94491],[30.02959,-1.94486],[30.02997,-1.94471],[30.03046,-1.9448],[30.03105,-1.94444],[30.03161,-1.94442],[30.03175,-1.94479],[30.03195,-1.94479],[30.03206,-1.94472],[30.03199,-1.9442],[30.0321,-1.94412],[30.03247,-1.94436],[30.03263,-1.94434],[30.0327,-1.94388],[30.03296,-1.94332],[30.03312,-1.94322],[30.0334,-1.94358],[30.03356,-1.94363],[30.0339,-1.94331],[30.03394,-1.9432],[30.03397,-1.9431],[30.03405,-1.94297],[30.03404,-1.94294],[30.03392,-1.9428],[30.03395,-1.94265],[30.03418,-1.9424],[30.03409,-1.94216],[30.03407,-1.94191],[30.03426,-1.94181],[30.0345,-1.94189],[30.03461,-1.94178],[30.03462,-1.94173],[30.03462,-1.94158],[30.03449,-1.94113],[30.03462,-1.94112],[30.03472,-1.941],[30.03477,-1.94081],[30.03479,-1.94073],[30.0347,-1.94059],[30.0346,-1.94041],[30.03424,-1.93994],[30.03411,-1.93974],[30.03399,-1.93922],[30.0339,-1.9391],[30.03389,-1.93903],[30.03386,-1.93899],[30.03389,-1.93893],[30.03392,-1.93878],[30.03389,-1.93859],[30.03377,-1.93848],[30.03367,-1.93827],[30.0336,-1.93796],[30.03333,-1.93792],[30.03305,-1.93811],[30.03263,-1.93834],[30.03221,-1.93849],[30.03184,-1.93894],[30.03177,-1.93906],[30.03166,-1.93929],[30.03166,-1.93939],[30.03189,-1.93959],[30.03206,-1.93982],[30.03198,-1.94],[30.03182,-1.94006],[30.03151,-1.94005],[30.03128,-1.93994],[30.03089,-1.93985],[30.03059,-1.93985],[30.03041,-1.93982],[30.03026,-1.93974],[30.03019,-1.93965],[30.03011,-1.93959],[30.03009,-1.93949],[30.02999,-1.93915],[30.02993,-1.93884],[30.02993,-1.93866],[30.02995,-1.9385],[30.03002,-1.93836],[30.03011,-1.93826],[30.0302,-1.93822],[30.03025,-1.93824],[30.03028,-1.93808],[30.03024,-1.93788],[30.03002,-1.93749],[30.02973,-1.93675],[30.02956,-1.93583],[30.02949,-1.93567],[30.02935,-1.9354],[30.02919,-1.93522],[30.02915,-1.93525],[30.02912,-1.93525],[30.02888,-1.93514],[30.02882,-1.9351],[30.02867,-1.93507],[30.0285,-1.9349],[30.02855,-1.93473],[30.02853,-1.93468],[30.0286,-1.93454],[30.02877,-1.93427],[30.02891,-1.93413],[30.02899,-1.93412],[30.02907,-1.93408],[30.0292,-1.93405],[30.02924,-1.93404],[30.02927,-1.93407],[30.02987,-1.93393],[30.02994,-1.93393],[30.03016,-1.93383],[30.03044,-1.93367],[30.03048,-1.93359],[30.03048,-1.93342],[30.03045,-1.93328],[30.03043,-1.93322],[30.03027,-1.93304],[30.03019,-1.93285],[30.03018,-1.93278],[30.03022,-1.93272],[30.0303,-1.93263],[30.03055,-1.93239],[30.03065,-1.93224],[30.03068,-1.93191],[30.03065,-1.93162],[30.03067,-1.93139],[30.03077,-1.93096],[30.03085,-1.93024],[30.03089,-1.93009],[30.03104,-1.92989],[30.03118,-1.92965],[30.03086,-1.92933],[30.03071,-1.92924],[30.0306,-1.92914],[30.03047,-1.92907],[30.03031,-1.92905],[30.03015,-1.92908],[30.02998,-1.92901],[30.02984,-1.92891],[30.02976,-1.92878],[30.02954,-1.92861],[30.02893,-1.92867],[30.0286,-1.92842],[30.02845,-1.92826],[30.02839,-1.92816],[30.02824,-1.92787],[30.02822,-1.92765],[30.02823,-1.92751],[30.02817,-1.92696],[30.02771,-1.92671],[30.02731,-1.92667],[30.02731,-1.92669],[30.02696,-1.92672],[30.02681,-1.92674],[30.02677,-1.92677],[30.02673,-1.92676],[30.02668,-1.92666],[30.02662,-1.92664],[30.02655,-1.92659],[30.02611,-1.9261],[30.02566,-1.92579],[30.02523,-1.92558],[30.02493,-1.92551],[30.02466,-1.92548],[30.02451,-1.92545],[30.02416,-1.92535],[30.024,-1.92524],[30.02397,-1.9252],[30.02397,-1.92516],[30.02389,-1.92493],[30.02384,-1.92468],[30.02363,-1.92417],[30.02358,-1.92411],[30.02347,-1.92393],[30.02348,-1.92378],[30.02343,-1.92357],[30.02323,-1.9233],[30.02256,-1.92307],[30.02221,-1.9228],[30.02204,-1.92259],[30.02198,-1.92236],[30.022,-1.92195],[30.02199,-1.92156],[30.02204,-1.92136],[30.02241,-1.92087],[30.02247,-1.92068],[30.02249,-1.9205],[30.0224,-1.91988],[30.02235,-1.91971],[30.02232,-1.91951],[30.02244,-1.91939],[30.02245,-1.91922],[30.0224,-1.91902],[30.02238,-1.91899],[30.02192,-1.91855],[30.02173,-1.91843],[30.02129,-1.91828],[30.02102,-1.91825],[30.02085,-1.91828],[30.02077,-1.91833],[30.02067,-1.91845],[30.0205,-1.91853],[30.02007,-1.91862],[30.01967,-1.91866],[30.01929,-1.91887],[30.01909,-1.91909],[30.01884,-1.91927],[30.01858,-1.91938],[30.01821,-1.91948],[30.01812,-1.91954],[30.01807,-1.91959],[30.01798,-1.91971],[30.01792,-1.91984],[30.01785,-1.91992],[30.01751,-1.92007],[30.01716,-1.92026],[30.01697,-1.9204],[30.0165,-1.9206],[30.01629,-1.92066],[30.01606,-1.92076],[30.01599,-1.92076],[30.01589,-1.92072],[30.01553,-1.92041],[30.01538,-1.92033],[30.01528,-1.92025],[30.01511,-1.9202],[30.01492,-1.92043],[30.01489,-1.92049],[30.0148,-1.92059],[30.01468,-1.92067],[30.01456,-1.92074],[30.01434,-1.92078],[30.01423,-1.92074],[30.01414,-1.92067],[30.01409,-1.92054],[30.01409,-1.92031],[30.01425,-1.91991],[30.01434,-1.91928],[30.01433,-1.91909],[30.0143,-1.91897],[30.01429,-1.91885],[30.01408,-1.91806],[30.01406,-1.91792],[30.01407,-1.91776],[30.01413,-1.91747],[30.01426,-1.91726],[30.01446,-1.9168],[30.01476,-1.91632],[30.01484,-1.91629],[30.01491,-1.91631],[30.01507,-1.91624],[30.01523,-1.91614],[30.01544,-1.91608],[30.01592,-1.91602],[30.01649,-1.91589],[30.01669,-1.91591],[30.01691,-1.91598],[30.01705,-1.91597],[30.01725,-1.91588],[30.01745,-1.91583],[30.01766,-1.91589],[30.01783,-1.91605],[30.01784,-1.91604],[30.01801,-1.91618],[30.01811,-1.91623],[30.01833,-1.91625],[30.01838,-1.91622],[30.01847,-1.9162],[30.01853,-1.91622],[30.01857,-1.91626],[30.01869,-1.91624],[30.01894,-1.91586],[30.01895,-1.91581],[30.01894,-1.91573],[30.01897,-1.91564],[30.01913,-1.91536],[30.01917,-1.91521],[30.01917,-1.91511],[30.01911,-1.91487],[30.01908,-1.91467],[30.0191,-1.91464],[30.01943,-1.91448],[30.01956,-1.91435],[30.01967,-1.91421],[30.01971,-1.91396],[30.01953,-1.91383],[30.01933,-1.91373],[30.01924,-1.91371],[30.01915,-1.91362],[30.01891,-1.9135],[30.01878,-1.91342],[30.01831,-1.91323],[30.01823,-1.91316],[30.01806,-1.91274],[30.01794,-1.91263],[30.01787,-1.91255],[30.01773,-1.91249],[30.01767,-1.91248],[30.01757,-1.91248],[30.01751,-1.91252],[30.01747,-1.91252],[30.01736,-1.9125],[30.01724,-1.91243],[30.01703,-1.91235],[30.01684,-1.91232],[30.01675,-1.91229],[30.01666,-1.91229],[30.01654,-1.91228],[30.01648,-1.91223],[30.01642,-1.91209],[30.01634,-1.91206],[30.0163,-1.91208],[30.01624,-1.91216],[30.01618,-1.91233],[30.01614,-1.91239],[30.01604,-1.91244],[30.01597,-1.91244],[30.0159,-1.91243],[30.01585,-1.91238],[30.0158,-1.91227],[30.01577,-1.91189],[30.01578,-1.9118],[30.01575,-1.91162],[30.01569,-1.91158],[30.0156,-1.91157],[30.01547,-1.91149],[30.01538,-1.9114],[30.01533,-1.91138],[30.01519,-1.91115],[30.01508,-1.911],[30.01495,-1.91087],[30.01486,-1.91072],[30.01476,-1.91062],[30.01468,-1.91057],[30.01447,-1.91052],[30.01439,-1.91047],[30.01427,-1.91047],[30.0142,-1.9105],[30.01414,-1.91051],[30.01399,-1.91063],[30.01396,-1.91067],[30.01382,-1.91077],[30.01368,-1.91071],[30.01365,-1.91068],[30.01349,-1.91038],[30.01338,-1.91028],[30.01298,-1.91001],[30.01266,-1.90987],[30.01252,-1.90975],[30.0124,-1.90954],[30.0123,-1.90949],[30.01193,-1.90941],[30.01178,-1.90933],[30.01165,-1.90925],[30.01161,-1.90916],[30.01145,-1.90902],[30.01136,-1.90898],[30.01111,-1.90891],[30.01095,-1.90881],[30.01086,-1.90883],[30.01043,-1.90879],[30.00993,-1.90869],[30.00976,-1.90874],[30.00962,-1.90885],[30.00949,-1.90888],[30.00947,-1.90885],[30.00923,-1.90868],[30.00873,-1.90846],[30.00852,-1.90833],[30.00829,-1.90822],[30.00809,-1.90821],[30.00809,-1.90819],[30.00805,-1.90819],[30.00778,-1.90823],[30.00774,-1.90821],[30.00769,-1.90812],[30.0077,-1.90798],[30.00769,-1.90792],[30.00768,-1.90777],[30.00752,-1.90776],[30.00746,-1.9077],[30.00738,-1.90774],[30.0072,-1.90779],[30.00712,-1.90773],[30.00701,-1.90763],[30.00685,-1.9074],[30.00657,-1.9071],[30.00625,-1.9068],[30.00616,-1.90675],[30.006,-1.90672],[30.00595,-1.90668],[30.00589,-1.90659],[30.00567,-1.90635],[30.00538,-1.9061]]]}},{"type":"Feature","properties":{"d":"Kicukiro","s":"Gatenga","c":"Nyanza"},"geometry":{"type":"Polygon","coordinates":[[[30.09984,-1.9797],[30.09969,-1.97945],[30.0996,-1.97951],[30.09938,-1.97961],[30.09872,-1.97983],[30.09797,-1.97994],[30.09716,-1.97995],[30.09713,-1.97991],[30.0963,-1.97995],[30.09618,-1.97996],[30.09586,-1.98007],[30.0958,-1.98009],[30.09558,-1.98022],[30.09493,-1.98078],[30.09464,-1.98093],[30.09455,-1.98094],[30.09417,-1.98087],[30.09392,-1.9814],[30.09384,-1.98174],[30.09375,-1.98187],[30.09373,-1.98195],[30.09368,-1.98203],[30.09356,-1.98247],[30.09342,-1.98298],[30.09326,-1.98371],[30.09312,-1.98405],[30.09306,-1.98458],[30.09294,-1.98498],[30.09286,-1.98535],[30.09291,-1.98584],[30.09298,-1.98618],[30.09297,-1.98638],[30.09284,-1.9869],[30.09271,-1.98724],[30.09271,-1.98719],[30.09261,-1.98704],[30.09252,-1.98698],[30.09233,-1.98694],[30.09211,-1.98694],[30.09188,-1.98701],[30.09138,-1.98727],[30.09118,-1.98741],[30.0914,-1.98697],[30.09161,-1.98638],[30.09167,-1.98629],[30.09146,-1.98585],[30.09138,-1.98563],[30.09127,-1.98525],[30.09117,-1.98514],[30.09104,-1.98508],[30.09115,-1.98491],[30.09134,-1.98437],[30.09142,-1.9842],[30.09162,-1.98373],[30.09171,-1.98346],[30.09198,-1.98316],[30.09201,-1.983],[30.09195,-1.98281],[30.09184,-1.98258],[30.09181,-1.98233],[30.09183,-1.98224],[30.09146,-1.98217],[30.09122,-1.98204],[30.09077,-1.98204],[30.09045,-1.98221],[30.09039,-1.98244],[30.09016,-1.98252],[30.0901,-1.98246],[30.09001,-1.98241],[30.08992,-1.98244],[30.08992,-1.98245],[30.08949,-1.98235],[30.08926,-1.98232],[30.08894,-1.98226],[30.08846,-1.98185],[30.08843,-1.98185],[30.08825,-1.98196],[30.08818,-1.98191],[30.08797,-1.9818],[30.08787,-1.98209],[30.08736,-1.98245],[30.08735,-1.98248],[30.08633,-1.98224],[30.08611,-1.98221],[30.08597,-1.98219],[30.08609,-1.98239],[30.08612,-1.98248],[30.08628,-1.98249],[30.08626,-1.98258],[30.08623,-1.98265],[30.08586,-1.98244],[30.08585,-1.98242],[30.08563,-1.98233],[30.08562,-1.98247],[30.08563,-1.98251],[30.08563,-1.98257],[30.08564,-1.98257],[30.08563,-1.98261],[30.08554,-1.98265],[30.08554,-1.98269],[30.08545,-1.98284],[30.08543,-1.98287],[30.08544,-1.98288],[30.08525,-1.98315],[30.08506,-1.98333],[30.08485,-1.98347],[30.08459,-1.98359],[30.08478,-1.98399],[30.08485,-1.98414],[30.08519,-1.9848],[30.08548,-1.98538],[30.0855,-1.98547],[30.08556,-1.98569],[30.08572,-1.98592],[30.0863,-1.98647],[30.08627,-1.98649],[30.08637,-1.98662],[30.0866,-1.98689],[30.08677,-1.98708],[30.08704,-1.98738],[30.08709,-1.98741],[30.08711,-1.98746],[30.0873,-1.98768],[30.08733,-1.98769],[30.08722,-1.98793],[30.08701,-1.98851],[30.08704,-1.98852],[30.08701,-1.98868],[30.08699,-1.9889],[30.08693,-1.9889],[30.08694,-1.98903],[30.08693,-1.98903],[30.08693,-1.98912],[30.08692,-1.98913],[30.0867,-1.98912],[30.0867,-1.98915],[30.08667,-1.98918],[30.08661,-1.98967],[30.08654,-1.98969],[30.08649,-1.98968],[30.08646,-1.98975],[30.08641,-1.98979],[30.08637,-1.98976],[30.08633,-1.98982],[30.08619,-1.98991],[30.08617,-1.98988],[30.08601,-1.98999],[30.08598,-1.99001],[30.08603,-1.99009],[30.08607,-1.99028],[30.08604,-1.9904],[30.08603,-1.99052],[30.08601,-1.99053],[30.086,-1.99056],[30.08588,-1.99052],[30.08586,-1.99058],[30.08588,-1.9906],[30.08585,-1.99071],[30.08582,-1.99073],[30.08578,-1.99081],[30.08577,-1.99083],[30.08581,-1.99085],[30.08575,-1.99099],[30.08567,-1.99106],[30.08556,-1.99113],[30.08549,-1.99122],[30.08538,-1.99132],[30.08521,-1.99112],[30.08512,-1.99119],[30.08508,-1.99127],[30.08513,-1.99144],[30.08524,-1.99152],[30.08534,-1.99168],[30.08527,-1.99183],[30.08526,-1.99188],[30.08528,-1.99207],[30.08524,-1.99218],[30.08516,-1.99227],[30.08514,-1.99239],[30.08515,-1.99246],[30.08512,-1.9926],[30.08514,-1.99268],[30.08514,-1.99277],[30.08512,-1.99291],[30.08516,-1.99294],[30.08522,-1.99302],[30.08524,-1.99315],[30.08523,-1.99333],[30.08525,-1.99339],[30.08525,-1.99342],[30.08515,-1.99347],[30.08514,-1.99354],[30.08518,-1.99364],[30.08517,-1.99374],[30.08519,-1.99378],[30.08536,-1.99394],[30.08536,-1.99404],[30.08547,-1.99421],[30.08548,-1.99425],[30.08545,-1.99431],[30.08541,-1.99436],[30.08541,-1.9946],[30.08522,-1.99473],[30.08502,-1.99483],[30.08481,-1.99497],[30.08473,-1.99505],[30.0846,-1.99537],[30.08441,-1.99538],[30.08441,-1.99533],[30.08393,-1.99534],[30.08357,-1.99537],[30.08357,-1.99535],[30.08376,-1.9951],[30.08354,-1.99515],[30.08344,-1.9952],[30.08311,-1.99551],[30.08295,-1.99564],[30.08277,-1.99575],[30.08273,-1.99581],[30.0828,-1.99589],[30.0828,-1.99591],[30.08277,-1.99594],[30.08275,-1.99593],[30.08273,-1.99594],[30.08253,-1.99619],[30.08234,-1.99592],[30.08214,-1.99569],[30.08106,-1.99467],[30.08042,-1.99404],[30.08025,-1.99383],[30.07967,-1.99417],[30.0797,-1.99423],[30.07939,-1.99436],[30.07877,-1.99467],[30.07873,-1.99468],[30.07923,-1.99512],[30.08212,-1.99773],[30.08529,-2.00055],[30.08583,-2.00093],[30.08617,-2.00118],[30.08715,-2.00178],[30.08787,-2.00214],[30.08853,-2.00235],[30.08886,-2.0023],[30.08923,-2.00212],[30.08989,-2.00186],[30.09052,-2.00182],[30.0905,-2.00174],[30.09099,-2.00175],[30.09138,-2.00172],[30.09182,-2.00174],[30.09183,-2.00147],[30.09191,-2.00096],[30.09208,-2.00067],[30.09236,-2.00031],[30.09276,-2.00006],[30.09334,-1.99985],[30.09355,-1.99981],[30.09372,-1.99968],[30.09392,-1.99957],[30.09422,-1.99927],[30.09471,-1.99847],[30.0949,-1.99813],[30.09599,-1.99692],[30.09617,-1.99645],[30.09621,-1.99618],[30.0962,-1.9958],[30.09615,-1.99501],[30.09615,-1.99485],[30.09618,-1.99386],[30.09634,-1.99282],[30.09662,-1.99156],[30.0968,-1.99089],[30.09702,-1.99052],[30.09749,-1.9902],[30.09796,-1.99008],[30.09961,-1.99012],[30.10011,-1.99003],[30.10063,-1.98972],[30.10092,-1.98937],[30.1011,-1.98893],[30.10119,-1.98852],[30.10105,-1.98716],[30.10112,-1.98674],[30.10135,-1.98623],[30.1015,-1.98607],[30.1016,-1.98596],[30.10244,-1.9855],[30.10273,-1.98531],[30.10292,-1.98509],[30.10311,-1.98482],[30.10368,-1.9836],[30.10419,-1.9824],[30.10411,-1.98234],[30.10403,-1.98223],[30.10372,-1.98167],[30.10342,-1.98129],[30.10332,-1.98118],[30.10319,-1.98108],[30.10292,-1.98095],[30.10285,-1.98102],[30.10208,-1.98083],[30.10153,-1.98076],[30.10093,-1.98052],[30.10025,-1.98013],[30.10006,-1.97997],[30.09984,-1.9797]]]}},{"type":"Feature","properties":{"d":"Nyarugenge","s":"Mageregere","c":"Nyarufunzo"},"geometry":{"type":"Polygon","coordinates":[[[30.05198,-2.0017],[30.0515,-2.00171],[30.05093,-2.00176],[30.05073,-2.00173],[30.05062,-2.00172],[30.05047,-2.00181],[30.05031,-2.00189],[30.04996,-2.00211],[30.04931,-2.00237],[30.04915,-2.00253],[30.04854,-2.00277],[30.04851,-2.00276],[30.04852,-2.00302],[30.04846,-2.00329],[30.04841,-2.00343],[30.04816,-2.00405],[30.04792,-2.00402],[30.0477,-2.00405],[30.04736,-2.00426],[30.04719,-2.00458],[30.04685,-2.00501],[30.0467,-2.00517],[30.04658,-2.00544],[30.04655,-2.00631],[30.04638,-2.00686],[30.04637,-2.00694],[30.04636,-2.00702],[30.04622,-2.0071],[30.0462,-2.00734],[30.04623,-2.00751],[30.04614,-2.00775],[30.046,-2.00793],[30.04575,-2.00812],[30.04537,-2.00898],[30.04494,-2.00971],[30.04418,-2.0109],[30.04334,-2.01182],[30.04347,-2.0121],[30.04366,-2.01242],[30.04325,-2.01291],[30.04307,-2.01306],[30.04238,-2.01386],[30.04182,-2.01432],[30.04172,-2.0144],[30.04121,-2.01463],[30.04075,-2.01458],[30.0407,-2.01464],[30.04039,-2.01462],[30.04032,-2.0146],[30.04032,-2.01462],[30.04022,-2.01461],[30.03839,-2.0153],[30.03831,-2.01529],[30.03818,-2.01534],[30.03803,-2.01541],[30.0388,-2.01613],[30.03968,-2.01701],[30.04002,-2.01741],[30.04005,-2.01739],[30.04013,-2.01753],[30.04019,-2.0176],[30.04005,-2.01773],[30.03975,-2.01835],[30.03983,-2.01832],[30.03983,-2.01853],[30.03995,-2.01877],[30.03997,-2.01885],[30.03994,-2.01913],[30.0399,-2.01925],[30.0399,-2.01935],[30.03987,-2.01946],[30.03987,-2.01957],[30.03993,-2.01986],[30.03992,-2.02007],[30.03988,-2.02028],[30.03987,-2.02043],[30.04001,-2.02055],[30.04008,-2.02072],[30.04014,-2.02078],[30.04024,-2.02112],[30.04031,-2.02152],[30.04048,-2.02172],[30.04059,-2.02189],[30.04063,-2.02199],[30.04069,-2.02224],[30.04076,-2.02243],[30.04091,-2.0229],[30.04085,-2.02295],[30.04123,-2.02343],[30.04153,-2.0237],[30.04173,-2.02389],[30.04214,-2.0245],[30.04275,-2.02588],[30.04302,-2.02666],[30.04393,-2.02877],[30.0441,-2.02925],[30.04424,-2.02996],[30.04448,-2.0304],[30.04475,-2.03076],[30.04517,-2.03132],[30.04555,-2.03174],[30.04553,-2.03245],[30.04555,-2.03289],[30.04544,-2.03338],[30.04509,-2.03377],[30.04467,-2.03415],[30.0442,-2.03419],[30.0441,-2.03418],[30.04428,-2.0343],[30.04451,-2.03469],[30.04445,-2.03492],[30.04482,-2.03508],[30.04556,-2.03502],[30.04558,-2.03503],[30.04634,-2.0345],[30.04702,-2.03428],[30.04752,-2.03413],[30.04783,-2.0341],[30.04841,-2.03408],[30.0487,-2.03398],[30.04928,-2.03372],[30.04981,-2.03358],[30.05031,-2.03332],[30.05065,-2.03303],[30.05103,-2.03281],[30.05117,-2.03273],[30.05163,-2.03262],[30.05298,-2.03115],[30.0532,-2.03089],[30.0534,-2.0306],[30.05346,-2.03041],[30.05343,-2.03016],[30.05345,-2.0299],[30.05352,-2.0297],[30.05384,-2.0293],[30.05397,-2.02924],[30.05423,-2.02915],[30.05444,-2.02894],[30.05465,-2.02866],[30.05489,-2.02836],[30.05507,-2.0282],[30.0563,-2.02747],[30.05645,-2.02736],[30.05739,-2.02664],[30.05789,-2.02633],[30.05837,-2.02614],[30.05859,-2.02596],[30.05904,-2.02553],[30.05979,-2.02489],[30.06058,-2.02437],[30.06125,-2.02398],[30.06146,-2.02386],[30.06214,-2.02354],[30.06221,-2.02349],[30.06235,-2.02338],[30.06277,-2.02304],[30.06347,-2.02199],[30.0641,-2.02144],[30.0647,-2.02117],[30.06529,-2.02114],[30.06573,-2.02105],[30.06578,-2.02074],[30.0658,-2.02069],[30.06579,-2.02068],[30.06593,-2.01983],[30.06595,-2.01948],[30.06529,-2.01945],[30.06498,-2.01935],[30.06489,-2.0193],[30.06492,-2.01926],[30.06498,-2.01919],[30.06507,-2.01877],[30.06511,-2.01831],[30.0651,-2.01808],[30.06508,-2.01808],[30.06508,-2.01796],[30.06487,-2.01723],[30.06485,-2.01679],[30.06476,-2.01674],[30.06469,-2.01658],[30.06463,-2.0165],[30.06453,-2.01642],[30.06453,-2.01636],[30.06438,-2.01615],[30.06479,-2.01626],[30.06518,-2.01638],[30.06504,-2.01578],[30.0648,-2.01433],[30.06475,-2.01416],[30.06469,-2.01369],[30.06464,-2.01353],[30.06451,-2.01322],[30.06442,-2.01241],[30.06438,-2.01229],[30.06429,-2.0121],[30.06414,-2.01184],[30.06392,-2.01112],[30.06378,-2.01069],[30.06376,-2.00967],[30.06387,-2.00925],[30.06383,-2.00922],[30.06387,-2.00901],[30.06402,-2.00869],[30.06406,-2.00853],[30.06451,-2.00773],[30.06446,-2.0077],[30.06429,-2.00771],[30.06339,-2.00746],[30.06307,-2.00732],[30.06279,-2.00722],[30.06251,-2.00716],[30.06174,-2.00682],[30.06106,-2.00661],[30.0608,-2.00636],[30.06044,-2.00621],[30.06032,-2.00632],[30.0603,-2.00638],[30.06023,-2.00637],[30.06008,-2.00642],[30.05939,-2.00644],[30.05918,-2.00635],[30.05915,-2.00644],[30.05834,-2.00616],[30.05756,-2.00559],[30.05711,-2.00483],[30.05696,-2.00469],[30.05514,-2.00347],[30.05457,-2.00319],[30.05452,-2.00308],[30.05449,-2.00302],[30.05313,-2.00208],[30.05296,-2.00192],[30.05267,-2.00189],[30.05259,-2.00186],[30.05251,-2.00185],[30.05236,-2.00177],[30.05198,-2.0017]]]}},{"type":"Feature","properties":{"d":"Kicukiro","s":"Gatenga","c":"Nyarurama"},"geometry":{"type":"Polygon","coordinates":[[[30.07508,-1.99369],[30.07447,-1.99359],[30.0741,-1.99359],[30.07379,-1.99361],[30.0736,-1.99374],[30.07324,-1.99405],[30.07212,-1.99504],[30.07202,-1.99513],[30.07072,-1.99837],[30.07042,-1.99959],[30.07027,-2.00039],[30.07027,-2.00048],[30.07009,-2.00138],[30.06959,-2.00287],[30.06941,-2.0031],[30.06906,-2.00313],[30.06836,-2.00284],[30.06772,-2.00323],[30.06719,-2.00378],[30.06667,-2.0045],[30.06593,-2.00583],[30.06564,-2.00622],[30.06481,-2.0072],[30.06451,-2.00773],[30.06406,-2.00853],[30.06402,-2.00869],[30.06387,-2.00901],[30.06383,-2.00922],[30.06387,-2.00925],[30.06376,-2.00967],[30.06378,-2.01069],[30.06392,-2.01112],[30.06414,-2.01184],[30.06429,-2.0121],[30.06438,-2.01229],[30.06442,-2.01241],[30.06451,-2.01322],[30.06464,-2.01353],[30.06469,-2.01369],[30.06475,-2.01416],[30.0648,-2.01433],[30.06504,-2.01578],[30.06518,-2.01638],[30.06479,-2.01626],[30.06438,-2.01615],[30.06453,-2.01636],[30.06453,-2.01642],[30.06463,-2.0165],[30.06469,-2.01658],[30.06476,-2.01674],[30.06485,-2.01679],[30.06487,-2.01723],[30.06508,-2.01796],[30.06508,-2.01808],[30.0651,-2.01808],[30.06511,-2.01831],[30.06507,-2.01877],[30.06498,-2.01919],[30.06492,-2.01926],[30.06489,-2.0193],[30.06498,-2.01935],[30.06529,-2.01945],[30.06595,-2.01948],[30.06597,-2.01911],[30.06603,-2.01907],[30.06606,-2.01908],[30.06629,-2.01929],[30.06658,-2.01943],[30.06676,-2.01955],[30.06695,-2.01954],[30.06768,-2.01941],[30.06858,-2.01916],[30.06891,-2.01909],[30.06897,-2.01915],[30.06899,-2.01907],[30.06886,-2.01871],[30.06888,-2.0185],[30.06893,-2.01845],[30.069,-2.01845],[30.06921,-2.0186],[30.06957,-2.01878],[30.06972,-2.01889],[30.06993,-2.01907],[30.07008,-2.01917],[30.07036,-2.0194],[30.07042,-2.01942],[30.07062,-2.01958],[30.07103,-2.01983],[30.07142,-2.02011],[30.07167,-2.02019],[30.07188,-2.02033],[30.07216,-2.02062],[30.07228,-2.0208],[30.07248,-2.02093],[30.07264,-2.02097],[30.07286,-2.02121],[30.07296,-2.02147],[30.07305,-2.02196],[30.07325,-2.02275],[30.07332,-2.02319],[30.07346,-2.02356],[30.07365,-2.02382],[30.07369,-2.02398],[30.07374,-2.02447],[30.07377,-2.02475],[30.07419,-2.02611],[30.07406,-2.02612],[30.07401,-2.02665],[30.07385,-2.0271],[30.07401,-2.0271],[30.07399,-2.02757],[30.07411,-2.02755],[30.07398,-2.02767],[30.07429,-2.0283],[30.0749,-2.02909],[30.07526,-2.02944],[30.07637,-2.03013],[30.07638,-2.03002],[30.07656,-2.03006],[30.0765,-2.03036],[30.07683,-2.03052],[30.07691,-2.03065],[30.07694,-2.03065],[30.07716,-2.03062],[30.0775,-2.03096],[30.07786,-2.03114],[30.0783,-2.03173],[30.07838,-2.03166],[30.07839,-2.03167],[30.07827,-2.0305],[30.07826,-2.03022],[30.078,-2.02983],[30.07788,-2.0294],[30.07784,-2.0293],[30.07784,-2.02925],[30.07796,-2.0288],[30.07797,-2.02872],[30.07793,-2.02866],[30.07792,-2.02863],[30.07801,-2.02833],[30.07811,-2.02812],[30.07812,-2.02799],[30.07815,-2.02791],[30.07829,-2.0277],[30.07855,-2.02727],[30.07857,-2.02709],[30.07863,-2.02705],[30.07867,-2.02698],[30.07871,-2.02696],[30.07874,-2.02689],[30.07875,-2.0268],[30.07878,-2.02672],[30.0789,-2.02659],[30.07892,-2.02653],[30.07896,-2.02645],[30.07909,-2.02637],[30.0792,-2.02625],[30.0792,-2.02621],[30.07916,-2.02616],[30.07917,-2.02606],[30.07926,-2.02587],[30.07942,-2.02555],[30.07947,-2.02531],[30.07949,-2.02514],[30.07952,-2.02512],[30.07961,-2.02512],[30.07964,-2.0251],[30.07969,-2.02502],[30.0799,-2.02475],[30.08019,-2.02456],[30.08031,-2.02436],[30.08044,-2.02415],[30.0806,-2.02395],[30.08072,-2.02367],[30.08073,-2.02355],[30.08069,-2.02348],[30.08072,-2.02327],[30.08067,-2.02288],[30.08068,-2.02254],[30.08074,-2.02209],[30.08082,-2.02183],[30.08088,-2.02148],[30.08094,-2.02097],[30.081,-2.02064],[30.08108,-2.0201],[30.08108,-2.01976],[30.08105,-2.01961],[30.0811,-2.01925],[30.08115,-2.01905],[30.08121,-2.01891],[30.08131,-2.0186],[30.08137,-2.01846],[30.08155,-2.01824],[30.08157,-2.01817],[30.08158,-2.01802],[30.08162,-2.01788],[30.08193,-2.01717],[30.08213,-2.01657],[30.08219,-2.01634],[30.08231,-2.01603],[30.08245,-2.01573],[30.08244,-2.01566],[30.08248,-2.01557],[30.0825,-2.01538],[30.08255,-2.0153],[30.08251,-2.01513],[30.08253,-2.0151],[30.08258,-2.01509],[30.08257,-2.01497],[30.08265,-2.01466],[30.08275,-2.01455],[30.08323,-2.0143],[30.08325,-2.01422],[30.08328,-2.01402],[30.08329,-2.01395],[30.08327,-2.01343],[30.08328,-2.01339],[30.08352,-2.0133],[30.08358,-2.01313],[30.08432,-2.01272],[30.0843,-2.01261],[30.08431,-2.01254],[30.08438,-2.01251],[30.08438,-2.01247],[30.08475,-2.01175],[30.08476,-2.01155],[30.08493,-2.01149],[30.08504,-2.01147],[30.08498,-2.01133],[30.08495,-2.01131],[30.0849,-2.01133],[30.08475,-2.01118],[30.08475,-2.01112],[30.08476,-2.0111],[30.08475,-2.01109],[30.08475,-2.0109],[30.08468,-2.01083],[30.08474,-2.01076],[30.08474,-2.01067],[30.08451,-2.0105],[30.08446,-2.01051],[30.0844,-2.01048],[30.08426,-2.01033],[30.08426,-2.0103],[30.08467,-2.01009],[30.0852,-2.00985],[30.08536,-2.00972],[30.08547,-2.00958],[30.08543,-2.0095],[30.08569,-2.00923],[30.08585,-2.00909],[30.08608,-2.00884],[30.08639,-2.00863],[30.08648,-2.00862],[30.08656,-2.00859],[30.08665,-2.0085],[30.08662,-2.00848],[30.08668,-2.00841],[30.08674,-2.00834],[30.08688,-2.00825],[30.08723,-2.00797],[30.08754,-2.00766],[30.08763,-2.00744],[30.08776,-2.00743],[30.08799,-2.00696],[30.088,-2.00682],[30.08813,-2.00662],[30.08818,-2.00659],[30.0883,-2.00634],[30.08823,-2.00628],[30.08833,-2.006],[30.08832,-2.00596],[30.08832,-2.00581],[30.08793,-2.00585],[30.08804,-2.0048],[30.08853,-2.00484],[30.0888,-2.00491],[30.08908,-2.00512],[30.08994,-2.00561],[30.0904,-2.00554],[30.09115,-2.00534],[30.09179,-2.00234],[30.09182,-2.00174],[30.09138,-2.00172],[30.09099,-2.00175],[30.0905,-2.00174],[30.09052,-2.00182],[30.08989,-2.00186],[30.08923,-2.00212],[30.08886,-2.0023],[30.08853,-2.00235],[30.08787,-2.00214],[30.08715,-2.00178],[30.08617,-2.00118],[30.08583,-2.00093],[30.08529,-2.00055],[30.08212,-1.99773],[30.07923,-1.99512],[30.07873,-1.99468],[30.07859,-1.99457],[30.07754,-1.99433],[30.07609,-1.994],[30.07609,-1.99396],[30.07582,-1.99387],[30.07565,-1.99384],[30.07557,-1.99384],[30.07508,-1.99369]]]}},{"type":"Feature","properties":{"d":"Kicukiro","s":"Kigarama","c":"Nyarurama"},"geometry":{"type":"Polygon","coordinates":[[[30.06215,-1.97799],[30.0616,-1.9777],[30.06154,-1.9778],[30.06165,-1.97803],[30.06165,-1.9781],[30.06144,-1.97817],[30.06143,-1.9782],[30.06146,-1.97821],[30.06144,-1.97839],[30.06139,-1.9785],[30.06131,-1.97863],[30.06128,-1.9788],[30.06125,-1.97891],[30.06118,-1.97904],[30.06112,-1.97912],[30.0611,-1.97916],[30.06107,-1.97933],[30.06103,-1.97943],[30.06096,-1.97958],[30.06082,-1.9798],[30.06066,-1.97994],[30.06039,-1.98025],[30.06031,-1.98036],[30.06019,-1.98044],[30.06013,-1.98055],[30.06005,-1.98061],[30.05995,-1.98073],[30.0598,-1.98083],[30.05972,-1.9809],[30.05941,-1.98132],[30.05939,-1.98139],[30.0593,-1.98156],[30.05916,-1.9817],[30.0591,-1.98179],[30.05906,-1.98189],[30.05905,-1.98208],[30.05876,-1.9825],[30.0585,-1.9828],[30.05792,-1.98331],[30.05787,-1.98337],[30.05768,-1.98349],[30.05757,-1.98354],[30.05733,-1.98365],[30.05707,-1.98394],[30.05703,-1.98395],[30.05699,-1.98392],[30.05696,-1.98391],[30.05678,-1.98403],[30.05667,-1.98414],[30.05664,-1.98427],[30.05659,-1.98444],[30.05656,-1.98449],[30.05651,-1.98451],[30.05648,-1.98455],[30.0564,-1.98487],[30.0562,-1.98531],[30.05616,-1.98535],[30.05611,-1.98538],[30.05604,-1.98537],[30.05598,-1.98533],[30.05594,-1.98534],[30.05579,-1.98561],[30.0556,-1.9858],[30.05546,-1.98588],[30.05536,-1.98592],[30.05525,-1.98597],[30.05497,-1.98613],[30.05477,-1.98621],[30.0547,-1.98633],[30.05458,-1.9864],[30.05453,-1.98645],[30.05427,-1.98677],[30.05423,-1.98678],[30.05412,-1.98677],[30.05408,-1.9868],[30.05402,-1.9869],[30.05395,-1.98697],[30.05394,-1.98701],[30.05381,-1.98717],[30.05375,-1.98731],[30.05364,-1.98745],[30.05343,-1.98764],[30.05287,-1.98817],[30.05282,-1.98823],[30.05276,-1.98829],[30.05275,-1.98832],[30.05271,-1.98851],[30.05265,-1.98859],[30.05249,-1.98924],[30.05235,-1.98956],[30.05217,-1.98997],[30.05196,-1.99017],[30.05195,-1.99021],[30.0519,-1.9902],[30.05179,-1.9903],[30.05176,-1.99037],[30.05159,-1.99054],[30.05113,-1.99117],[30.05115,-1.99121],[30.05111,-1.99125],[30.05096,-1.9915],[30.05043,-1.99201],[30.05039,-1.99201],[30.05026,-1.99193],[30.05023,-1.99196],[30.0502,-1.99193],[30.05005,-1.99206],[30.04982,-1.99219],[30.04968,-1.99227],[30.04953,-1.99231],[30.04929,-1.99245],[30.04918,-1.99248],[30.04909,-1.99248],[30.04891,-1.99244],[30.04883,-1.9924],[30.04876,-1.99269],[30.04876,-1.99292],[30.04886,-1.99308],[30.04913,-1.99323],[30.04938,-1.99339],[30.0497,-1.99367],[30.04981,-1.99383],[30.04992,-1.99403],[30.05,-1.99424],[30.05005,-1.99444],[30.05025,-1.99504],[30.05031,-1.99527],[30.05035,-1.99567],[30.05029,-1.99596],[30.0503,-1.99607],[30.05024,-1.99628],[30.0501,-1.99651],[30.04994,-1.99669],[30.0498,-1.99688],[30.04958,-1.99732],[30.04938,-1.99765],[30.04944,-1.99772],[30.04965,-1.99813],[30.04957,-1.99832],[30.04954,-1.99836],[30.04951,-1.99846],[30.04945,-1.99858],[30.04938,-1.99883],[30.04934,-1.99889],[30.04933,-1.99898],[30.04931,-1.999],[30.04923,-1.99902],[30.04924,-1.99909],[30.04912,-1.99956],[30.04926,-1.99996],[30.04929,-2.00011],[30.04927,-2.00042],[30.04915,-2.00078],[30.04902,-2.00104],[30.0488,-2.00135],[30.04863,-2.00163],[30.04849,-2.00194],[30.04847,-2.00219],[30.04851,-2.00276],[30.04854,-2.00277],[30.04915,-2.00253],[30.04931,-2.00237],[30.04996,-2.00211],[30.05031,-2.00189],[30.05047,-2.00181],[30.05062,-2.00172],[30.05073,-2.00173],[30.05093,-2.00176],[30.0515,-2.00171],[30.05198,-2.0017],[30.05236,-2.00177],[30.05251,-2.00185],[30.05259,-2.00186],[30.05267,-2.00189],[30.05296,-2.00192],[30.05313,-2.00208],[30.05449,-2.00302],[30.05452,-2.00308],[30.05457,-2.00319],[30.05514,-2.00347],[30.05696,-2.00469],[30.05711,-2.00483],[30.05756,-2.00559],[30.05834,-2.00616],[30.05915,-2.00644],[30.05918,-2.00635],[30.05939,-2.00644],[30.06008,-2.00642],[30.06023,-2.00637],[30.0603,-2.00638],[30.06032,-2.00632],[30.06044,-2.00621],[30.0608,-2.00636],[30.06106,-2.00661],[30.06174,-2.00682],[30.06152,-2.00664],[30.06145,-2.00661],[30.06115,-2.0064],[30.06105,-2.00627],[30.06085,-2.00585],[30.06048,-2.00583],[30.06024,-2.00578],[30.05962,-2.00556],[30.05947,-2.00554],[30.05942,-2.00529],[30.05943,-2.00477],[30.05942,-2.00393],[30.05966,-2.00373],[30.05969,-2.00368],[30.05987,-2.00352],[30.06011,-2.00335],[30.06014,-2.00336],[30.06009,-2.00325],[30.06146,-2.00307],[30.06181,-2.00318],[30.0618,-2.00313],[30.06181,-2.00313],[30.0619,-2.00295],[30.06155,-2.00272],[30.06132,-2.00254],[30.06158,-2.00235],[30.0618,-2.00222],[30.06163,-2.00201],[30.06149,-2.00174],[30.06144,-2.00185],[30.06124,-2.00174],[30.06145,-2.00144],[30.06128,-2.00123],[30.0611,-2.00107],[30.06079,-2.00065],[30.0607,-2.00055],[30.06061,-2.00047],[30.06045,-2.00038],[30.06025,-2.00023],[30.06005,-2.00003],[30.05992,-1.99986],[30.05976,-1.99959],[30.05968,-1.99943],[30.05936,-1.99922],[30.05931,-1.9992],[30.05923,-1.99919],[30.05924,-1.99907],[30.05916,-1.99895],[30.05909,-1.99879],[30.05884,-1.99844],[30.05862,-1.99795],[30.05857,-1.99778],[30.05869,-1.99736],[30.05876,-1.99721],[30.05902,-1.9967],[30.05917,-1.99656],[30.05919,-1.99651],[30.05916,-1.99642],[30.05916,-1.99631],[30.05894,-1.99619],[30.05899,-1.99597],[30.05905,-1.99568],[30.05912,-1.99554],[30.05912,-1.99545],[30.05922,-1.99545],[30.05927,-1.99549],[30.05935,-1.99547],[30.05944,-1.99549],[30.05954,-1.99548],[30.05949,-1.9953],[30.05962,-1.99527],[30.05969,-1.99523],[30.05979,-1.99512],[30.05987,-1.99507],[30.05986,-1.99504],[30.05976,-1.99491],[30.05999,-1.99471],[30.05999,-1.99468],[30.05993,-1.99467],[30.05991,-1.99464],[30.05993,-1.99462],[30.05953,-1.99426],[30.05961,-1.99416],[30.05963,-1.99412],[30.05956,-1.99407],[30.05956,-1.99405],[30.05965,-1.99396],[30.05968,-1.99398],[30.05982,-1.99387],[30.05983,-1.99374],[30.05982,-1.99351],[30.05978,-1.99337],[30.05952,-1.99333],[30.05939,-1.99329],[30.05938,-1.99325],[30.0593,-1.99326],[30.05929,-1.99322],[30.05928,-1.99312],[30.05923,-1.99308],[30.05919,-1.993],[30.05916,-1.993],[30.05906,-1.99287],[30.05902,-1.99286],[30.05895,-1.99277],[30.05898,-1.99275],[30.05896,-1.99268],[30.0589,-1.9926],[30.05876,-1.9925],[30.05911,-1.99226],[30.0593,-1.99216],[30.05942,-1.99206],[30.05949,-1.99203],[30.05962,-1.99195],[30.05976,-1.99189],[30.05993,-1.99177],[30.0598,-1.99164],[30.05945,-1.99155],[30.0592,-1.99136],[30.05888,-1.99069],[30.05895,-1.99064],[30.059,-1.99064],[30.05918,-1.99049],[30.05928,-1.99032],[30.05932,-1.99006],[30.05924,-1.98962],[30.05924,-1.98893],[30.05925,-1.98879],[30.05937,-1.98839],[30.0595,-1.98814],[30.05964,-1.98803],[30.05978,-1.98799],[30.05999,-1.98798],[30.0601,-1.98798],[30.06039,-1.98875],[30.06044,-1.98885],[30.06096,-1.98966],[30.06137,-1.9902],[30.06146,-1.99041],[30.06193,-1.99056],[30.06242,-1.99079],[30.06281,-1.99084],[30.06296,-1.99068],[30.06313,-1.9903],[30.06333,-1.98998],[30.06366,-1.9893],[30.06372,-1.98861],[30.06378,-1.9883],[30.06379,-1.98817],[30.06391,-1.98787],[30.06373,-1.98769],[30.06372,-1.98765],[30.06381,-1.98753],[30.06382,-1.98749],[30.06383,-1.98739],[30.06402,-1.98719],[30.06402,-1.98705],[30.06397,-1.98679],[30.06375,-1.9864],[30.06374,-1.9863],[30.06371,-1.98613],[30.06372,-1.98553],[30.0637,-1.98535],[30.06368,-1.98467],[30.06358,-1.98421],[30.06337,-1.9837],[30.06324,-1.98333],[30.06324,-1.98318],[30.06318,-1.98281],[30.06305,-1.98214],[30.06309,-1.98173],[30.06336,-1.98125],[30.0635,-1.98088],[30.06363,-1.98036],[30.0637,-1.98026],[30.06386,-1.98008],[30.06393,-1.98006],[30.06397,-1.98001],[30.06417,-1.97987],[30.06457,-1.97972],[30.06438,-1.97907],[30.06425,-1.97873],[30.06423,-1.97873],[30.06421,-1.97869],[30.06419,-1.9786],[30.06399,-1.97821],[30.06393,-1.97816],[30.06372,-1.9782],[30.06351,-1.97821],[30.06333,-1.9782],[30.06327,-1.97821],[30.0632,-1.97814],[30.06298,-1.97806],[30.06271,-1.97801],[30.06265,-1.97802],[30.06262,-1.97805],[30.06223,-1.97802],[30.06216,-1.97802],[30.06215,-1.97799]]]}},{"type":"Feature","properties":{"d":"Nyarugenge","s":"Mageregere","c":"Nyarurenzi"},"geometry":{"type":"Polygon","coordinates":[[[30.05393,-2.03183],[30.05394,-2.03182],[30.05389,-2.03164],[30.0538,-2.03111],[30.05379,-2.0309],[30.05375,-2.0308],[30.05364,-2.03068],[30.05347,-2.03043],[30.05346,-2.03041],[30.0534,-2.0306],[30.0532,-2.03089],[30.05298,-2.03115],[30.05163,-2.03262],[30.05117,-2.03273],[30.05103,-2.03281],[30.05065,-2.03303],[30.05031,-2.03332],[30.04981,-2.03358],[30.04928,-2.03372],[30.0487,-2.03398],[30.04841,-2.03408],[30.04783,-2.0341],[30.04752,-2.03413],[30.04702,-2.03428],[30.04634,-2.0345],[30.04558,-2.03503],[30.0452,-2.03527],[30.04438,-2.0359],[30.04248,-2.03669],[30.04225,-2.03691],[30.04173,-2.03733],[30.04165,-2.03735],[30.04157,-2.03739],[30.04127,-2.03758],[30.04119,-2.03767],[30.04079,-2.03785],[30.0403,-2.03817],[30.03995,-2.03844],[30.03967,-2.03868],[30.03912,-2.03902],[30.03813,-2.0393],[30.03692,-2.03934],[30.03663,-2.03935],[30.03592,-2.03932],[30.03565,-2.03941],[30.0351,-2.03966],[30.0349,-2.03987],[30.0345,-2.04042],[30.03429,-2.04074],[30.03464,-2.04105],[30.03582,-2.04132],[30.03605,-2.04153],[30.03649,-2.0418],[30.03637,-2.04201],[30.03657,-2.04214],[30.03657,-2.04225],[30.03671,-2.04237],[30.03686,-2.04245],[30.03699,-2.0424],[30.03761,-2.04268],[30.03748,-2.04292],[30.03734,-2.04326],[30.03725,-2.04375],[30.03727,-2.04388],[30.03735,-2.04402],[30.03742,-2.04419],[30.03753,-2.0445],[30.03761,-2.0446],[30.03772,-2.04485],[30.03779,-2.04541],[30.03825,-2.04563],[30.03852,-2.04585],[30.03895,-2.04581],[30.0396,-2.04612],[30.03965,-2.04624],[30.03955,-2.04627],[30.03953,-2.0463],[30.03957,-2.04646],[30.03957,-2.04653],[30.03959,-2.04664],[30.03959,-2.04677],[30.03963,-2.0471],[30.03964,-2.04726],[30.03979,-2.04777],[30.03987,-2.04793],[30.0399,-2.04791],[30.03997,-2.04818],[30.0401,-2.0485],[30.04018,-2.0485],[30.04046,-2.04841],[30.04052,-2.04851],[30.04064,-2.04881],[30.04083,-2.0488],[30.04093,-2.04883],[30.041,-2.04895],[30.04107,-2.04916],[30.04115,-2.04932],[30.04117,-2.04935],[30.04141,-2.04933],[30.04151,-2.04963],[30.04162,-2.0498],[30.04168,-2.04993],[30.04206,-2.04973],[30.04207,-2.0497],[30.04247,-2.05],[30.04371,-2.05219],[30.04421,-2.05287],[30.04441,-2.05349],[30.04423,-2.05557],[30.04426,-2.05577],[30.04443,-2.056],[30.04457,-2.05609],[30.04466,-2.05585],[30.0458,-2.05516],[30.04648,-2.05482],[30.04671,-2.05467],[30.04704,-2.05467],[30.04775,-2.05459],[30.049,-2.05482],[30.05009,-2.0551],[30.05051,-2.05519],[30.0506,-2.0552],[30.05058,-2.05524],[30.0513,-2.05536],[30.05239,-2.05536],[30.05299,-2.05479],[30.05373,-2.05444],[30.05435,-2.05434],[30.05487,-2.05446],[30.05612,-2.05504],[30.05682,-2.05525],[30.05756,-2.05545],[30.05799,-2.05577],[30.05816,-2.05646],[30.05792,-2.05709],[30.05789,-2.05722],[30.05778,-2.05779],[30.05792,-2.05965],[30.05795,-2.05966],[30.05794,-2.05961],[30.05904,-2.05906],[30.06013,-2.05831],[30.06113,-2.05789],[30.06205,-2.05697],[30.06287,-2.05627],[30.06372,-2.05581],[30.06404,-2.05567],[30.06435,-2.05495],[30.06467,-2.05474],[30.06518,-2.05462],[30.06556,-2.05437],[30.06681,-2.05311],[30.06747,-2.05245],[30.06799,-2.05179],[30.06833,-2.05054],[30.06866,-2.04911],[30.0686,-2.04837],[30.06865,-2.04801],[30.06856,-2.048],[30.06851,-2.04781],[30.06857,-2.04715],[30.06853,-2.04716],[30.06833,-2.04677],[30.06815,-2.04622],[30.06782,-2.04616],[30.06781,-2.04627],[30.06775,-2.0461],[30.06775,-2.04606],[30.06773,-2.04606],[30.06744,-2.04546],[30.06685,-2.04453],[30.06665,-2.04422],[30.06574,-2.04316],[30.06528,-2.0425],[30.0634,-2.04044],[30.06265,-2.03972],[30.06138,-2.03882],[30.05956,-2.0375],[30.05903,-2.03686],[30.05804,-2.03627],[30.05782,-2.03602],[30.05768,-2.03598],[30.05667,-2.03617],[30.05649,-2.03616],[30.05635,-2.03613],[30.05596,-2.03594],[30.05573,-2.03575],[30.05549,-2.03546],[30.05545,-2.03539],[30.05528,-2.03441],[30.05418,-2.03421],[30.05418,-2.03424],[30.05397,-2.03411],[30.0537,-2.03398],[30.05343,-2.03374],[30.05365,-2.0334],[30.05391,-2.03307],[30.05407,-2.03289],[30.05405,-2.03287],[30.05401,-2.03238],[30.05402,-2.03217],[30.05398,-2.03195],[30.05396,-2.03195],[30.05393,-2.03183]]]}},{"type":"Feature","properties":{"d":"Gasabo","s":"Remera","c":"Nyarutarama"},"geometry":{"type":"Polygon","coordinates":[[[30.10457,-1.9261],[30.1046,-1.92603],[30.10461,-1.92584],[30.10465,-1.92568],[30.10471,-1.92494],[30.10477,-1.92458],[30.10484,-1.92406],[30.10481,-1.92381],[30.10479,-1.92377],[30.10474,-1.92377],[30.10473,-1.92375],[30.1044,-1.9239],[30.104,-1.92416],[30.10255,-1.92522],[30.1009,-1.92661],[30.10071,-1.92669],[30.10037,-1.92685],[30.09945,-1.92694],[30.09902,-1.9269],[30.09838,-1.92676],[30.09833,-1.92675],[30.09828,-1.92674],[30.09783,-1.92657],[30.09798,-1.92676],[30.09779,-1.92693],[30.09781,-1.92696],[30.09744,-1.92727],[30.09706,-1.92688],[30.09682,-1.92646],[30.09671,-1.92634],[30.09649,-1.92625],[30.09633,-1.92629],[30.09616,-1.92641],[30.09606,-1.92655],[30.09599,-1.92672],[30.09594,-1.92711],[30.09595,-1.92743],[30.0959,-1.92768],[30.09582,-1.9279],[30.09574,-1.92803],[30.09539,-1.92833],[30.09474,-1.92873],[30.09465,-1.92874],[30.09455,-1.92881],[30.094,-1.92932],[30.09332,-1.92999],[30.09312,-1.93022],[30.09291,-1.93057],[30.09277,-1.93078],[30.0926,-1.93096],[30.09245,-1.93107],[30.09229,-1.93113],[30.09211,-1.93118],[30.09154,-1.93213],[30.09137,-1.93247],[30.09136,-1.93259],[30.09145,-1.93276],[30.09155,-1.93287],[30.0919,-1.93333],[30.09199,-1.9334],[30.09391,-1.9349],[30.0943,-1.93515],[30.09301,-1.93655],[30.09283,-1.93676],[30.09284,-1.93678],[30.09282,-1.93678],[30.09338,-1.9376],[30.09395,-1.93825],[30.0949,-1.93801],[30.09495,-1.93803],[30.09495,-1.93808],[30.09498,-1.93807],[30.09705,-1.93867],[30.09813,-1.93935],[30.09854,-1.93983],[30.09861,-1.94095],[30.09856,-1.94202],[30.09826,-1.94354],[30.09887,-1.94396],[30.09909,-1.94429],[30.09959,-1.94546],[30.09991,-1.94682],[30.10027,-1.94729],[30.10108,-1.94839],[30.10156,-1.94895],[30.10164,-1.94916],[30.10159,-1.94961],[30.10137,-1.9501],[30.10133,-1.95053],[30.10145,-1.95095],[30.10155,-1.95104],[30.10156,-1.95111],[30.10159,-1.95112],[30.10149,-1.95198],[30.10177,-1.95213],[30.1017,-1.95243],[30.10164,-1.95242],[30.10161,-1.95244],[30.1016,-1.95252],[30.10153,-1.95257],[30.10147,-1.95275],[30.10143,-1.95295],[30.10181,-1.95303],[30.10209,-1.95307],[30.10197,-1.95339],[30.10216,-1.95356],[30.10224,-1.95364],[30.1026,-1.95395],[30.10285,-1.95378],[30.10304,-1.95375],[30.10399,-1.95364],[30.10405,-1.95373],[30.10411,-1.95371],[30.10457,-1.95342],[30.10461,-1.9534],[30.1046,-1.95338],[30.10511,-1.95307],[30.10517,-1.95301],[30.10515,-1.95298],[30.10515,-1.95293],[30.10519,-1.95293],[30.10531,-1.95289],[30.10548,-1.95271],[30.10561,-1.95264],[30.10573,-1.9526],[30.10576,-1.95256],[30.10583,-1.95253],[30.10587,-1.95258],[30.10591,-1.95259],[30.10599,-1.95266],[30.10618,-1.95274],[30.10643,-1.95278],[30.10645,-1.95277],[30.10645,-1.9527],[30.10639,-1.95237],[30.10651,-1.95206],[30.10658,-1.95193],[30.10645,-1.95186],[30.10653,-1.95176],[30.1066,-1.95168],[30.10661,-1.9516],[30.10659,-1.95155],[30.10668,-1.95137],[30.1067,-1.95124],[30.10683,-1.95102],[30.10696,-1.95064],[30.10701,-1.95043],[30.10702,-1.95039],[30.10713,-1.95026],[30.10715,-1.95016],[30.10716,-1.95009],[30.10718,-1.95],[30.10718,-1.94988],[30.10715,-1.94981],[30.10716,-1.94966],[30.10719,-1.94953],[30.10719,-1.9495],[30.10716,-1.94939],[30.10715,-1.94918],[30.10716,-1.94913],[30.10733,-1.94873],[30.10745,-1.94851],[30.10776,-1.94785],[30.10782,-1.94764],[30.10797,-1.9477],[30.10829,-1.94693],[30.10831,-1.94683],[30.10833,-1.94671],[30.10835,-1.94666],[30.10841,-1.94625],[30.10842,-1.94624],[30.10851,-1.94625],[30.10854,-1.94597],[30.10846,-1.94596],[30.10843,-1.9458],[30.1084,-1.94575],[30.10839,-1.94565],[30.10839,-1.9456],[30.10856,-1.9456],[30.10856,-1.94541],[30.10845,-1.9454],[30.10846,-1.94534],[30.10843,-1.94534],[30.10846,-1.94526],[30.10846,-1.94517],[30.10844,-1.94495],[30.10842,-1.9449],[30.10832,-1.94488],[30.1083,-1.94485],[30.10834,-1.94433],[30.10826,-1.94401],[30.10819,-1.94379],[30.10813,-1.94342],[30.1082,-1.9434],[30.1082,-1.94326],[30.10812,-1.94306],[30.10802,-1.94306],[30.10799,-1.94289],[30.10782,-1.94242],[30.10783,-1.94232],[30.10781,-1.94221],[30.10782,-1.9422],[30.1078,-1.94199],[30.1076,-1.94126],[30.10758,-1.94126],[30.10748,-1.9407],[30.1074,-1.94025],[30.10741,-1.94025],[30.10726,-1.93965],[30.10718,-1.93882],[30.10738,-1.93832],[30.10779,-1.93786],[30.10789,-1.93775],[30.10755,-1.93725],[30.10744,-1.93701],[30.10722,-1.93669],[30.10692,-1.93624],[30.10666,-1.93583],[30.1065,-1.93527],[30.10643,-1.9351],[30.10607,-1.93415],[30.10607,-1.93412],[30.10612,-1.93407],[30.10601,-1.93368],[30.1058,-1.93321],[30.10573,-1.93297],[30.10569,-1.93288],[30.10556,-1.93243],[30.10551,-1.93214],[30.10542,-1.93191],[30.10536,-1.93141],[30.10543,-1.93066],[30.10532,-1.93018],[30.10529,-1.93006],[30.10519,-1.93002],[30.10514,-1.92998],[30.10504,-1.9298],[30.10483,-1.92953],[30.10469,-1.92941],[30.1046,-1.9294],[30.10453,-1.92923],[30.1045,-1.92903],[30.10447,-1.92886],[30.10447,-1.92875],[30.10442,-1.92849],[30.10438,-1.92843],[30.10435,-1.92837],[30.10434,-1.9283],[30.10435,-1.92802],[30.10439,-1.92769],[30.10449,-1.92707],[30.10457,-1.9261]]]}},{"type":"Feature","properties":{"d":"Nyarugenge","s":"Kanyinya","c":"Nzove"},"geometry":{"type":"Polygon","coordinates":[[[29.99194,-1.90878],[29.99206,-1.90859],[29.9922,-1.90796],[29.99235,-1.9076],[29.99169,-1.90809],[29.99161,-1.90817],[29.99127,-1.90839],[29.98884,-1.91016],[29.98785,-1.91065],[29.98783,-1.91066],[29.98735,-1.9109],[29.987,-1.91119],[29.98674,-1.91127],[29.98629,-1.91146],[29.98603,-1.91151],[29.9859,-1.91151],[29.98571,-1.91158],[29.98564,-1.91188],[29.98494,-1.9119],[29.9846,-1.91205],[29.98451,-1.91208],[29.98452,-1.91209],[29.9842,-1.91223],[29.98411,-1.9123],[29.98416,-1.91234],[29.98409,-1.91238],[29.98407,-1.91236],[29.98403,-1.9124],[29.98404,-1.91241],[29.98378,-1.91254],[29.98343,-1.9128],[29.98276,-1.91347],[29.98332,-1.91418],[29.98357,-1.91492],[29.98388,-1.91604],[29.98406,-1.91686],[29.9841,-1.91736],[29.98419,-1.91848],[29.98422,-1.91876],[29.9843,-1.91929],[29.98487,-1.9212],[29.98525,-1.92187],[29.98545,-1.92213],[29.98571,-1.92227],[29.98576,-1.9224],[29.98655,-1.92266],[29.98677,-1.92282],[29.9869,-1.92287],[29.98746,-1.92337],[29.98783,-1.9238],[29.98796,-1.92405],[29.9882,-1.92438],[29.98845,-1.92492],[29.98857,-1.92532],[29.98854,-1.92614],[29.98844,-1.92648],[29.98842,-1.92651],[29.98804,-1.92672],[29.98794,-1.92676],[29.98775,-1.92678],[29.98747,-1.92677],[29.98731,-1.92679],[29.98688,-1.92681],[29.98666,-1.92684],[29.98648,-1.9269],[29.98628,-1.92695],[29.98597,-1.9271],[29.98568,-1.9273],[29.98551,-1.92749],[29.98537,-1.9278],[29.9853,-1.92806],[29.98526,-1.92865],[29.98527,-1.92886],[29.98544,-1.92878],[29.98549,-1.92919],[29.98577,-1.92943],[29.98607,-1.92952],[29.98652,-1.92954],[29.98712,-1.92942],[29.98741,-1.92945],[29.98885,-1.92936],[29.9899,-1.92972],[29.9899,-1.93011],[29.98976,-1.93059],[29.9889,-1.9312],[29.98751,-1.93143],[29.9874,-1.93136],[29.98704,-1.93157],[29.98743,-1.93256],[29.98771,-1.93306],[29.98792,-1.93335],[29.98855,-1.93407],[29.9893,-1.93451],[29.98986,-1.93474],[29.99012,-1.93497],[29.99037,-1.93509],[29.99048,-1.9352],[29.99069,-1.93527],[29.99176,-1.93629],[29.99184,-1.93659],[29.99198,-1.93683],[29.99198,-1.93719],[29.99203,-1.93739],[29.99198,-1.93748],[29.99179,-1.9382],[29.99189,-1.93874],[29.99248,-1.93935],[29.99304,-1.93951],[29.9933,-1.93978],[29.99396,-1.94052],[29.99409,-1.94058],[29.99442,-1.94052],[29.99463,-1.94038],[29.99477,-1.93992],[29.99477,-1.93965],[29.99466,-1.93936],[29.99458,-1.93922],[29.99449,-1.93871],[29.99477,-1.93833],[29.99495,-1.93837],[29.99546,-1.93855],[29.99631,-1.93929],[29.99639,-1.94023],[29.99639,-1.94073],[29.99627,-1.94118],[29.99629,-1.94159],[29.9963,-1.94171],[29.99648,-1.94196],[29.99665,-1.94201],[29.99708,-1.94177],[29.99773,-1.94057],[29.99814,-1.94024],[29.99818,-1.94023],[29.99832,-1.94024],[29.99851,-1.94024],[29.9987,-1.94057],[29.9987,-1.94122],[29.99851,-1.94187],[29.99834,-1.94224],[29.99781,-1.94353],[29.99779,-1.94482],[29.99767,-1.945],[29.9974,-1.94523],[29.99663,-1.94535],[29.99575,-1.94536],[29.99555,-1.94545],[29.99555,-1.94597],[29.99597,-1.94629],[29.99652,-1.94662],[29.99717,-1.94685],[29.99773,-1.94708],[29.99819,-1.94745],[29.99851,-1.94792],[29.99856,-1.94857],[29.99851,-1.94908],[29.99847,-1.94927],[29.99844,-1.94958],[29.99823,-1.9502],[29.99823,-1.95036],[29.99834,-1.95092],[29.99874,-1.95155],[29.99884,-1.95173],[29.99906,-1.95205],[29.99909,-1.95213],[29.99917,-1.95204],[29.99927,-1.95187],[29.99937,-1.95169],[29.9995,-1.95135],[29.99952,-1.95125],[29.99947,-1.95107],[29.99945,-1.95088],[29.99949,-1.95083],[29.99957,-1.95077],[29.99965,-1.95074],[29.99971,-1.95069],[29.99972,-1.95054],[29.99976,-1.9505],[29.99983,-1.95052],[29.99996,-1.95059],[30.0,-1.95059],[30.00022,-1.95047],[30.00038,-1.95033],[30.00066,-1.95022],[30.00097,-1.95023],[30.00107,-1.95037],[30.00118,-1.95084],[30.0013,-1.95097],[30.0014,-1.95066],[30.00163,-1.95041],[30.00178,-1.95061],[30.002,-1.95097],[30.00218,-1.95119],[30.00231,-1.95106],[30.00242,-1.95091],[30.00256,-1.9509],[30.00282,-1.95095],[30.00301,-1.95085],[30.00302,-1.95048],[30.00349,-1.95048],[30.00363,-1.95032],[30.00343,-1.95024],[30.00336,-1.95006],[30.00342,-1.94979],[30.00391,-1.94952],[30.00395,-1.94934],[30.00355,-1.94926],[30.00365,-1.94882],[30.00377,-1.94877],[30.00408,-1.94894],[30.00437,-1.94904],[30.00421,-1.94874],[30.00422,-1.94858],[30.0046,-1.94865],[30.00475,-1.94857],[30.0046,-1.94829],[30.00487,-1.94831],[30.00503,-1.94828],[30.00506,-1.94792],[30.00592,-1.94863],[30.00613,-1.94852],[30.00616,-1.94834],[30.00611,-1.94816],[30.00631,-1.94815],[30.00661,-1.94821],[30.00689,-1.94826],[30.00696,-1.94806],[30.00679,-1.94764],[30.00727,-1.94778],[30.00796,-1.94757],[30.00823,-1.94749],[30.0083,-1.94789],[30.00859,-1.94811],[30.00935,-1.94812],[30.00966,-1.94771],[30.0099,-1.94794],[30.01021,-1.94799],[30.01041,-1.94782],[30.01022,-1.94723],[30.01048,-1.94669],[30.0109,-1.94701],[30.01129,-1.94679],[30.01139,-1.94637],[30.01164,-1.94637],[30.01201,-1.94646],[30.01262,-1.94653],[30.01294,-1.94648],[30.01298,-1.94694],[30.01344,-1.94679],[30.0138,-1.94679],[30.01388,-1.94701],[30.01383,-1.9473],[30.01405,-1.94748],[30.01428,-1.9478],[30.01464,-1.9479],[30.01496,-1.94812],[30.0155,-1.9482],[30.01572,-1.94812],[30.01582,-1.94782],[30.01595,-1.9477],[30.01664,-1.94759],[30.01685,-1.94782],[30.01703,-1.94812],[30.01797,-1.94815],[30.0186,-1.94804],[30.01855,-1.94873],[30.01867,-1.94882],[30.0192,-1.94884],[30.02007,-1.94895],[30.02046,-1.94872],[30.02057,-1.94855],[30.02103,-1.94861],[30.02112,-1.94848],[30.02104,-1.94793],[30.02128,-1.94758],[30.02139,-1.94743],[30.02152,-1.94743],[30.02174,-1.94737],[30.02201,-1.94713],[30.02236,-1.94729],[30.02259,-1.94727],[30.02236,-1.94673],[30.02252,-1.94659],[30.02275,-1.94654],[30.02292,-1.94673],[30.02311,-1.94715],[30.02336,-1.94684],[30.02365,-1.9471],[30.02378,-1.94713],[30.02397,-1.94713],[30.02423,-1.94713],[30.02447,-1.94719],[30.02437,-1.94762],[30.02452,-1.94789],[30.0248,-1.94786],[30.02528,-1.94776],[30.0261,-1.94722],[30.02661,-1.9471],[30.02676,-1.94706],[30.02687,-1.9471],[30.02711,-1.94718],[30.02755,-1.947],[30.02803,-1.94656],[30.02805,-1.94652],[30.0284,-1.94577],[30.0285,-1.94567],[30.02869,-1.94542],[30.02875,-1.94498],[30.02929,-1.94491],[30.02924,-1.94444],[30.02916,-1.9443],[30.02909,-1.9441],[30.02896,-1.94392],[30.02819,-1.9425],[30.02779,-1.94289],[30.02722,-1.94295],[30.02712,-1.94297],[30.02706,-1.94299],[30.02681,-1.94327],[30.02652,-1.94356],[30.02634,-1.94357],[30.02567,-1.94323],[30.02536,-1.94328],[30.02519,-1.94345],[30.02383,-1.94176],[30.02231,-1.94006],[30.02195,-1.94018],[30.02161,-1.94057],[30.02132,-1.94113],[30.02106,-1.94128],[30.02091,-1.94133],[30.02051,-1.94136],[30.02039,-1.94134],[30.02016,-1.94129],[30.01974,-1.94106],[30.01943,-1.94074],[30.019,-1.94038],[30.0178,-1.9388],[30.01679,-1.93823],[30.01628,-1.93775],[30.01588,-1.9373],[30.01551,-1.93661],[30.01382,-1.93663],[30.01359,-1.9366],[30.01333,-1.93645],[30.01241,-1.93618],[30.0115,-1.93559],[30.01117,-1.93489],[30.01109,-1.93452],[30.01115,-1.93375],[30.01115,-1.93338],[30.01108,-1.93256],[30.01064,-1.93151],[30.01022,-1.93033],[30.01009,-1.92963],[30.00993,-1.92927],[30.0098,-1.92902],[30.00972,-1.92864],[30.00973,-1.92849],[30.0097,-1.92819],[30.0092,-1.92741],[30.00914,-1.92733],[30.00928,-1.92841],[30.00917,-1.92907],[30.00882,-1.92977],[30.00737,-1.9314],[30.00702,-1.93051],[30.00709,-1.92996],[30.00736,-1.92931],[30.00609,-1.92905],[30.00555,-1.92864],[30.00516,-1.92816],[30.00502,-1.92792],[30.00478,-1.92755],[30.0048,-1.92727],[30.00494,-1.92721],[30.00481,-1.9269],[30.0049,-1.92684],[30.00477,-1.92632],[30.00478,-1.92604],[30.00442,-1.92584],[30.00403,-1.92476],[30.004,-1.92459],[30.00397,-1.92451],[30.00388,-1.92434],[30.00382,-1.92418],[30.00372,-1.92211],[30.00367,-1.92183],[30.00349,-1.92167],[30.00324,-1.92155],[30.00231,-1.92145],[30.00151,-1.92172],[30.00136,-1.92147],[30.00107,-1.92166],[30.00094,-1.92144],[30.00045,-1.92055],[30.00105,-1.92055],[30.00148,-1.92031],[30.00124,-1.91898],[30.00023,-1.917],[29.99943,-1.91544],[29.9979,-1.91317],[29.99785,-1.91311],[29.99754,-1.91283],[29.99724,-1.91271],[29.9968,-1.91218],[29.99673,-1.91225],[29.99597,-1.91192],[29.99578,-1.91145],[29.99553,-1.91115],[29.99549,-1.91099],[29.99514,-1.91062],[29.99495,-1.91072],[29.9947,-1.91065],[29.99424,-1.91024],[29.99287,-1.90993],[29.99267,-1.9097],[29.99269,-1.90921],[29.99233,-1.90877],[29.99197,-1.90889],[29.99194,-1.90878]]]}},{"type":"Feature","properties":{"d":"Kicukiro","s":"Kanombe","c":"Rubirizi"},"geometry":{"type":"Polygon","coordinates":[[[30.13183,-1.97002],[30.13188,-1.96961],[30.13029,-1.96932],[30.13027,-1.96932],[30.13025,-1.96934],[30.13011,-1.97007],[30.13009,-1.97014],[30.13007,-1.97015],[30.13017,-1.97021],[30.13001,-1.97047],[30.12994,-1.97054],[30.12985,-1.97069],[30.12983,-1.97077],[30.12972,-1.97094],[30.12962,-1.97118],[30.12951,-1.97161],[30.12962,-1.97164],[30.12951,-1.97186],[30.12951,-1.97192],[30.12941,-1.9719],[30.12933,-1.97185],[30.12926,-1.97186],[30.12926,-1.97204],[30.12919,-1.97205],[30.12922,-1.97226],[30.12925,-1.97234],[30.12942,-1.97239],[30.12937,-1.97268],[30.12935,-1.97268],[30.12947,-1.97275],[30.12935,-1.97292],[30.12919,-1.97295],[30.12917,-1.97333],[30.12892,-1.97342],[30.12912,-1.97391],[30.1291,-1.97466],[30.12913,-1.97467],[30.12901,-1.9747],[30.12896,-1.97493],[30.12892,-1.97507],[30.12881,-1.97532],[30.12847,-1.97593],[30.12841,-1.97601],[30.12827,-1.97631],[30.12819,-1.97655],[30.12728,-1.97744],[30.127,-1.97774],[30.12677,-1.97804],[30.12356,-1.97973],[30.12318,-1.97986],[30.12314,-1.97986],[30.12312,-1.97989],[30.12322,-1.97999],[30.12371,-1.98068],[30.12399,-1.98078],[30.12457,-1.98095],[30.12461,-1.98098],[30.12467,-1.98104],[30.1248,-1.98124],[30.1251,-1.98177],[30.1251,-1.98181],[30.12473,-1.98256],[30.12485,-1.98314],[30.12486,-1.98333],[30.12489,-1.98331],[30.1253,-1.98537],[30.12588,-1.98638],[30.12706,-1.99028],[30.12772,-1.99103],[30.12782,-1.99112],[30.12853,-1.99191],[30.12818,-1.99297],[30.12903,-1.99317],[30.12909,-1.99332],[30.13053,-1.99657],[30.13063,-1.99692],[30.13068,-1.99721],[30.13073,-1.99732],[30.13078,-1.99748],[30.13162,-1.99869],[30.13167,-1.99867],[30.13398,-1.99792],[30.13698,-1.9968],[30.137,-1.99679],[30.13818,-1.99314],[30.13862,-1.99262],[30.13864,-1.99257],[30.13871,-1.9924],[30.13875,-1.99223],[30.13878,-1.99203],[30.13893,-1.99154],[30.13891,-1.99145],[30.13886,-1.99137],[30.13879,-1.99133],[30.13828,-1.99108],[30.1381,-1.99102],[30.13767,-1.99094],[30.13749,-1.99092],[30.13712,-1.99091],[30.13693,-1.99093],[30.13705,-1.99063],[30.13746,-1.98982],[30.13755,-1.98955],[30.13782,-1.9885],[30.1379,-1.98789],[30.13794,-1.98746],[30.13787,-1.98637],[30.13802,-1.98557],[30.1382,-1.98493],[30.13849,-1.98399],[30.13878,-1.98322],[30.13925,-1.98217],[30.1402,-1.98079],[30.14061,-1.98024],[30.14122,-1.97935],[30.1417,-1.97849],[30.14202,-1.97812],[30.14211,-1.97817],[30.14222,-1.97821],[30.1428,-1.97791],[30.14352,-1.97757],[30.14436,-1.97726],[30.14475,-1.97705],[30.14522,-1.97683],[30.14541,-1.97671],[30.14566,-1.97661],[30.14602,-1.97639],[30.14623,-1.97632],[30.14654,-1.97622],[30.14665,-1.97615],[30.14719,-1.97604],[30.14755,-1.97591],[30.1476,-1.97586],[30.14779,-1.97587],[30.14797,-1.9759],[30.14808,-1.97588],[30.14815,-1.97589],[30.14822,-1.97593],[30.14825,-1.97598],[30.14829,-1.97598],[30.1483,-1.97604],[30.14833,-1.97605],[30.14837,-1.97604],[30.14836,-1.97601],[30.14847,-1.97595],[30.14854,-1.97587],[30.14911,-1.97616],[30.14936,-1.9763],[30.14968,-1.9765],[30.14971,-1.97652],[30.14972,-1.97656],[30.1499,-1.97661],[30.15007,-1.9767],[30.15016,-1.97673],[30.15054,-1.97671],[30.15066,-1.97673],[30.15072,-1.97676],[30.15091,-1.97677],[30.151,-1.97682],[30.1511,-1.97692],[30.15112,-1.97693],[30.15106,-1.97685],[30.15102,-1.97674],[30.151,-1.97665],[30.151,-1.97656],[30.15102,-1.97646],[30.15107,-1.9764],[30.15119,-1.97608],[30.15119,-1.97594],[30.15126,-1.97571],[30.15132,-1.97543],[30.15131,-1.9754],[30.15127,-1.97535],[30.15116,-1.97466],[30.15112,-1.97465],[30.1511,-1.97462],[30.15109,-1.97423],[30.15086,-1.97369],[30.1505,-1.97324],[30.14945,-1.97288],[30.14921,-1.97288],[30.14879,-1.97288],[30.14743,-1.97303],[30.14712,-1.97294],[30.14657,-1.97256],[30.1461,-1.97233],[30.14529,-1.97222],[30.14447,-1.97211],[30.14266,-1.9717],[30.14013,-1.97136],[30.13952,-1.97133],[30.13911,-1.97125],[30.13863,-1.97116],[30.13817,-1.97112],[30.13761,-1.97131],[30.13727,-1.9712],[30.13725,-1.9712],[30.13721,-1.97118],[30.13658,-1.97098],[30.13639,-1.97086],[30.13602,-1.97055],[30.13576,-1.97041],[30.13529,-1.97034],[30.13451,-1.97015],[30.13221,-1.96986],[30.13198,-1.96994],[30.13186,-1.97004],[30.13183,-1.97002]]]}},{"type":"Feature","properties":{"d":"Gasabo","s":"Ndera","c":"Rudashya"},"geometry":{"type":"Polygon","coordinates":[[[30.21247,-1.95642],[30.21235,-1.95613],[30.212,-1.95511],[30.21187,-1.95462],[30.21171,-1.95421],[30.21154,-1.95395],[30.21145,-1.95383],[30.21119,-1.95363],[30.21098,-1.9535],[30.21092,-1.9534],[30.21079,-1.95317],[30.20995,-1.95089],[30.20953,-1.94967],[30.20881,-1.9485],[30.20787,-1.94675],[30.20708,-1.94536],[30.20695,-1.94506],[30.20678,-1.94468],[30.20655,-1.9441],[30.20612,-1.94236],[30.20606,-1.94203],[30.20563,-1.94237],[30.20536,-1.94261],[30.20511,-1.94303],[30.2047,-1.9436],[30.20451,-1.94395],[30.20425,-1.94426],[30.20409,-1.94461],[30.20407,-1.94468],[30.204,-1.94503],[30.20399,-1.94512],[30.20391,-1.94521],[30.20341,-1.94543],[30.20304,-1.94561],[30.20267,-1.94604],[30.20255,-1.94617],[30.20211,-1.9467],[30.20188,-1.94691],[30.20163,-1.94714],[30.2016,-1.94717],[30.20115,-1.94743],[30.20081,-1.94767],[30.19993,-1.94814],[30.19983,-1.94827],[30.19973,-1.94852],[30.19959,-1.94898],[30.19939,-1.94911],[30.19823,-1.94948],[30.1979,-1.94963],[30.19766,-1.94983],[30.19713,-1.95052],[30.19696,-1.95069],[30.1968,-1.95082],[30.19654,-1.95092],[30.19619,-1.95097],[30.19608,-1.95106],[30.19603,-1.95124],[30.19596,-1.95184],[30.19561,-1.95217],[30.19485,-1.95268],[30.19427,-1.95329],[30.19389,-1.95405],[30.19386,-1.95415],[30.19358,-1.95538],[30.19338,-1.95675],[30.19217,-1.95841],[30.19217,-1.95841],[30.19217,-1.95841],[30.19193,-1.95873],[30.19174,-1.95905],[30.19143,-1.95947],[30.19126,-1.95971],[30.19086,-1.96031],[30.19035,-1.96102],[30.18999,-1.96167],[30.18967,-1.96228],[30.18927,-1.96311],[30.18851,-1.96469],[30.18788,-1.96599],[30.18763,-1.96654],[30.18746,-1.96689],[30.18739,-1.96716],[30.1873,-1.96775],[30.18696,-1.9698],[30.18678,-1.97071],[30.18675,-1.97082],[30.18664,-1.97102],[30.18616,-1.97125],[30.18538,-1.97154],[30.18484,-1.97178],[30.18438,-1.97191],[30.18397,-1.97217],[30.1839,-1.97225],[30.18369,-1.97265],[30.18353,-1.97273],[30.18336,-1.97271],[30.18325,-1.97265],[30.18271,-1.97211],[30.18258,-1.97207],[30.18241,-1.97212],[30.18215,-1.97234],[30.18127,-1.97318],[30.1811,-1.97332],[30.18092,-1.97322],[30.18079,-1.97313],[30.18077,-1.97312],[30.18078,-1.97443],[30.18086,-1.97453],[30.18117,-1.97482],[30.18124,-1.97495],[30.18247,-1.97646],[30.18292,-1.97716],[30.18339,-1.9781],[30.18346,-1.97859],[30.18356,-1.97857],[30.18358,-1.97863],[30.18407,-1.97889],[30.18423,-1.97883],[30.18419,-1.97837],[30.18478,-1.97834],[30.18508,-1.97801],[30.18504,-1.97761],[30.18536,-1.9773],[30.18578,-1.97709],[30.1862,-1.97628],[30.18624,-1.97622],[30.1862,-1.97619],[30.18624,-1.9762],[30.18626,-1.97619],[30.18646,-1.97595],[30.18642,-1.97591],[30.18658,-1.97579],[30.18686,-1.97544],[30.18805,-1.97437],[30.18871,-1.97368],[30.18949,-1.97255],[30.18974,-1.97218],[30.18986,-1.97203],[30.18998,-1.9719],[30.19066,-1.97129],[30.19106,-1.97088],[30.19136,-1.97062],[30.19156,-1.9704],[30.19169,-1.9703],[30.1923,-1.96964],[30.19259,-1.9694],[30.19288,-1.96921],[30.19325,-1.96898],[30.19333,-1.96889],[30.19379,-1.9686],[30.19448,-1.96834],[30.19553,-1.96798],[30.19591,-1.96787],[30.19613,-1.96786],[30.19662,-1.96793],[30.19662,-1.96799],[30.19676,-1.96801],[30.19736,-1.96785],[30.19806,-1.9674],[30.19898,-1.96715],[30.19964,-1.96712],[30.20004,-1.96699],[30.20085,-1.9672],[30.20085,-1.96718],[30.20102,-1.96718],[30.20138,-1.9671],[30.20182,-1.96696],[30.20239,-1.96673],[30.20341,-1.96702],[30.20396,-1.9672],[30.20423,-1.96724],[30.20452,-1.96726],[30.20472,-1.96731],[30.20502,-1.96736],[30.20519,-1.96737],[30.20597,-1.96743],[30.20613,-1.96748],[30.20628,-1.96754],[30.20761,-1.9676],[30.2078,-1.96756],[30.20803,-1.9674],[30.20947,-1.96728],[30.21006,-1.96723],[30.21152,-1.96743],[30.21282,-1.96751],[30.21389,-1.96742],[30.2149,-1.96701],[30.2149,-1.96699],[30.21493,-1.96698],[30.215,-1.96696],[30.21511,-1.96685],[30.21502,-1.96568],[30.2151,-1.96473],[30.21501,-1.96412],[30.21461,-1.96285],[30.21447,-1.96211],[30.21447,-1.96173],[30.21429,-1.96105],[30.21423,-1.96091],[30.2142,-1.96079],[30.21421,-1.96075],[30.2138,-1.95977],[30.2133,-1.95785],[30.2128,-1.95717],[30.21242,-1.95694],[30.21248,-1.95688],[30.21261,-1.95677],[30.21266,-1.95667],[30.21269,-1.95667],[30.21247,-1.95642]]]}},{"type":"Feature","properties":{"d":"Gasabo","s":"Kimihurura","c":"Rugando"},"geometry":{"type":"Polygon","coordinates":[[[30.09083,-1.95223],[30.08916,-1.95126],[30.08795,-1.95082],[30.08625,-1.95054],[30.08557,-1.9505],[30.08523,-1.95064],[30.08511,-1.95069],[30.0849,-1.95104],[30.08518,-1.95132],[30.08583,-1.95192],[30.08605,-1.95217],[30.08619,-1.9525],[30.08622,-1.95286],[30.08619,-1.95312],[30.0863,-1.95345],[30.08639,-1.95361],[30.08649,-1.95383],[30.08657,-1.95388],[30.08681,-1.95401],[30.08694,-1.95411],[30.08707,-1.95424],[30.08721,-1.95441],[30.0873,-1.95456],[30.08737,-1.95475],[30.08741,-1.95496],[30.08743,-1.95521],[30.08735,-1.9556],[30.08727,-1.95579],[30.08718,-1.95595],[30.08705,-1.95608],[30.08681,-1.95628],[30.08656,-1.95642],[30.08624,-1.9565],[30.086,-1.95649],[30.08579,-1.95647],[30.08553,-1.9564],[30.08535,-1.9563],[30.08497,-1.95713],[30.08466,-1.95774],[30.08512,-1.95797],[30.08632,-1.95847],[30.08587,-1.95936],[30.08577,-1.9595],[30.08597,-1.9597],[30.08648,-1.96006],[30.08664,-1.96016],[30.08702,-1.96035],[30.0874,-1.96043],[30.08763,-1.96045],[30.08774,-1.96049],[30.08741,-1.96094],[30.08737,-1.96096],[30.08758,-1.96145],[30.08781,-1.9618],[30.08783,-1.9618],[30.08786,-1.96183],[30.08783,-1.96185],[30.08787,-1.96193],[30.08784,-1.96195],[30.08788,-1.962],[30.0879,-1.96199],[30.08797,-1.96207],[30.08818,-1.96229],[30.08821,-1.96229],[30.08823,-1.96231],[30.08831,-1.96245],[30.0883,-1.96262],[30.08832,-1.96266],[30.08831,-1.96292],[30.08843,-1.96291],[30.08842,-1.96309],[30.08842,-1.96324],[30.08847,-1.96343],[30.08846,-1.9639],[30.08847,-1.96444],[30.08958,-1.96466],[30.09043,-1.96477],[30.09048,-1.9648],[30.09065,-1.96483],[30.09093,-1.96492],[30.09128,-1.96498],[30.09201,-1.96516],[30.09221,-1.96518],[30.09217,-1.96516],[30.09217,-1.96511],[30.09224,-1.96503],[30.09232,-1.96488],[30.09233,-1.96476],[30.09238,-1.96471],[30.09245,-1.96467],[30.09273,-1.96469],[30.09309,-1.96476],[30.09334,-1.96468],[30.09338,-1.9647],[30.09339,-1.96477],[30.09343,-1.96478],[30.09357,-1.96475],[30.09374,-1.96464],[30.09384,-1.96454],[30.09388,-1.96447],[30.09399,-1.96439],[30.09411,-1.96427],[30.09411,-1.96423],[30.09405,-1.96406],[30.09401,-1.96385],[30.09401,-1.96382],[30.09404,-1.9638],[30.09428,-1.96379],[30.09439,-1.96375],[30.09471,-1.96358],[30.09474,-1.96359],[30.09492,-1.96376],[30.09515,-1.96368],[30.09587,-1.96358],[30.09591,-1.96358],[30.09593,-1.9636],[30.096,-1.96359],[30.09611,-1.96356],[30.09611,-1.96354],[30.09627,-1.96351],[30.09645,-1.96353],[30.09648,-1.96363],[30.09658,-1.96363],[30.09665,-1.96359],[30.09678,-1.96338],[30.09686,-1.96331],[30.09711,-1.9632],[30.0973,-1.96316],[30.09761,-1.96297],[30.09768,-1.96293],[30.09769,-1.96295],[30.09773,-1.96293],[30.09781,-1.9629],[30.09797,-1.96281],[30.09822,-1.96259],[30.09839,-1.96236],[30.09841,-1.96231],[30.09843,-1.96213],[30.0985,-1.96198],[30.09867,-1.96176],[30.09868,-1.96165],[30.09892,-1.96154],[30.09905,-1.96143],[30.09908,-1.9614],[30.09903,-1.96133],[30.09905,-1.96132],[30.09919,-1.96117],[30.09926,-1.96111],[30.09931,-1.96103],[30.09934,-1.961],[30.09935,-1.96102],[30.0994,-1.96098],[30.09939,-1.96097],[30.09943,-1.96094],[30.09942,-1.96093],[30.09945,-1.96088],[30.09962,-1.96075],[30.09967,-1.96072],[30.0998,-1.96059],[30.09994,-1.96037],[30.10002,-1.96029],[30.1002,-1.96004],[30.10037,-1.95984],[30.10051,-1.95975],[30.10062,-1.95962],[30.10067,-1.95963],[30.10079,-1.95945],[30.10082,-1.95932],[30.10087,-1.95924],[30.10085,-1.95923],[30.10087,-1.95918],[30.10086,-1.95918],[30.10094,-1.95882],[30.10099,-1.95871],[30.10097,-1.9587],[30.10099,-1.95859],[30.10108,-1.95757],[30.10116,-1.95647],[30.10145,-1.95588],[30.10131,-1.95525],[30.10119,-1.95493],[30.10119,-1.95483],[30.10121,-1.9547],[30.10085,-1.95436],[30.10034,-1.95405],[30.10119,-1.95382],[30.10197,-1.95339],[30.10086,-1.95306],[30.09993,-1.95307],[30.09857,-1.95333],[30.09611,-1.95387],[30.09571,-1.95396],[30.09577,-1.9541],[30.09499,-1.95421],[30.09422,-1.95417],[30.0938,-1.95411],[30.09322,-1.95397],[30.09306,-1.95397],[30.09302,-1.95399],[30.09282,-1.95414],[30.09268,-1.95423],[30.09251,-1.95431],[30.09227,-1.95431],[30.09219,-1.95434],[30.09213,-1.95432],[30.09218,-1.9541],[30.09201,-1.95403],[30.09191,-1.95393],[30.09184,-1.9538],[30.09182,-1.95359],[30.09185,-1.95347],[30.09194,-1.95327],[30.092,-1.9532],[30.09222,-1.95309],[30.0919,-1.95316],[30.09083,-1.95223]]]}},{"type":"Feature","properties":{"d":"Nyarugenge","s":"Nyamirambo","c":"Rugarama"},"geometry":{"type":"Polygon","coordinates":[[[30.04156,-1.98295],[30.04156,-1.98294],[30.04154,-1.98292],[30.04142,-1.98269],[30.04131,-1.98276],[30.04119,-1.98306],[30.04109,-1.98354],[30.04108,-1.9837],[30.04107,-1.98378],[30.04111,-1.98392],[30.04129,-1.98428],[30.04147,-1.98456],[30.0415,-1.98474],[30.0415,-1.9848],[30.04143,-1.98504],[30.04128,-1.9852],[30.04098,-1.9853],[30.04032,-1.98546],[30.03999,-1.98559],[30.03964,-1.98587],[30.03945,-1.98607],[30.0394,-1.98618],[30.03939,-1.98629],[30.03941,-1.98638],[30.03952,-1.98652],[30.03977,-1.98672],[30.04025,-1.98696],[30.04124,-1.98742],[30.04137,-1.9875],[30.04144,-1.98761],[30.04149,-1.98769],[30.04154,-1.98796],[30.04147,-1.98828],[30.04138,-1.98841],[30.04079,-1.98831],[30.04004,-1.9882],[30.03901,-1.98826],[30.0387,-1.98818],[30.03828,-1.98802],[30.03788,-1.98794],[30.03753,-1.98795],[30.03711,-1.98799],[30.0366,-1.98796],[30.03639,-1.98801],[30.03635,-1.9881],[30.03627,-1.98806],[30.03571,-1.98803],[30.03551,-1.98839],[30.03528,-1.98858],[30.03479,-1.98861],[30.03471,-1.98867],[30.03466,-1.98868],[30.03466,-1.98869],[30.03455,-1.98879],[30.03395,-1.98884],[30.03377,-1.98829],[30.03363,-1.98851],[30.03321,-1.98898],[30.03285,-1.98921],[30.03274,-1.98923],[30.03249,-1.98886],[30.03223,-1.98874],[30.03229,-1.98913],[30.03167,-1.98923],[30.03135,-1.98916],[30.03133,-1.98935],[30.03144,-1.98969],[30.03155,-1.99],[30.03149,-1.9908],[30.03139,-1.99127],[30.0311,-1.99231],[30.0311,-1.99245],[30.03115,-1.99261],[30.03124,-1.99276],[30.03131,-1.99339],[30.0313,-1.99368],[30.03131,-1.99415],[30.03141,-1.99483],[30.03138,-1.99528],[30.03209,-1.99536],[30.03224,-1.99536],[30.03302,-1.99548],[30.03311,-1.99512],[30.03313,-1.99522],[30.03334,-1.99525],[30.0334,-1.99527],[30.03347,-1.99527],[30.03376,-1.99537],[30.03395,-1.9954],[30.03391,-1.99583],[30.03418,-1.99586],[30.03421,-1.99584],[30.03429,-1.99585],[30.0343,-1.99587],[30.03433,-1.9957],[30.03437,-1.99569],[30.03448,-1.99572],[30.03457,-1.99577],[30.0346,-1.99581],[30.03457,-1.99592],[30.03465,-1.99594],[30.03476,-1.99597],[30.03479,-1.99603],[30.03483,-1.99604],[30.03524,-1.99614],[30.03551,-1.99625],[30.03576,-1.99631],[30.03585,-1.99636],[30.03612,-1.99643],[30.0363,-1.99647],[30.03633,-1.99642],[30.03674,-1.99645],[30.03677,-1.99646],[30.03677,-1.99653],[30.03684,-1.99657],[30.03689,-1.99654],[30.03697,-1.99663],[30.03698,-1.99667],[30.03717,-1.99666],[30.03722,-1.99665],[30.03736,-1.99667],[30.03736,-1.9967],[30.03757,-1.99673],[30.03757,-1.99659],[30.03767,-1.9966],[30.03769,-1.99663],[30.03772,-1.99664],[30.03782,-1.99665],[30.0379,-1.99669],[30.03794,-1.99668],[30.03825,-1.99677],[30.03828,-1.99678],[30.03832,-1.99672],[30.03843,-1.99676],[30.03846,-1.99681],[30.03864,-1.99685],[30.03865,-1.99686],[30.03868,-1.99688],[30.03868,-1.99689],[30.03879,-1.99693],[30.03901,-1.99696],[30.03984,-1.99702],[30.03998,-1.99703],[30.04033,-1.99721],[30.04061,-1.99738],[30.04118,-1.99766],[30.04151,-1.99792],[30.0416,-1.99795],[30.04172,-1.99796],[30.04178,-1.99794],[30.04208,-1.99796],[30.04229,-1.99807],[30.04269,-1.99824],[30.04306,-1.99833],[30.04338,-1.99846],[30.04335,-1.99846],[30.04399,-1.9986],[30.04407,-1.99861],[30.04417,-1.99867],[30.04421,-1.99865],[30.04425,-1.99872],[30.04453,-1.99891],[30.04464,-1.99896],[30.04464,-1.99892],[30.04492,-1.99915],[30.04523,-1.99929],[30.04561,-1.99957],[30.04586,-1.99984],[30.04616,-2.00016],[30.04629,-2.00028],[30.04666,-2.00065],[30.04688,-2.00114],[30.04693,-2.00122],[30.04707,-2.0014],[30.04737,-2.00178],[30.04739,-2.00187],[30.04738,-2.0022],[30.04741,-2.00278],[30.04776,-2.0031],[30.04763,-2.00342],[30.04771,-2.00346],[30.04769,-2.00353],[30.04746,-2.00379],[30.0477,-2.00405],[30.04792,-2.00402],[30.04816,-2.00405],[30.04841,-2.00343],[30.04846,-2.00329],[30.04852,-2.00302],[30.04851,-2.00276],[30.04847,-2.00219],[30.04849,-2.00194],[30.04863,-2.00163],[30.0488,-2.00135],[30.04902,-2.00104],[30.04915,-2.00078],[30.04927,-2.00042],[30.04929,-2.00011],[30.04926,-1.99996],[30.04912,-1.99956],[30.04924,-1.99909],[30.04923,-1.99902],[30.04931,-1.999],[30.04933,-1.99898],[30.04934,-1.99889],[30.04938,-1.99883],[30.04945,-1.99858],[30.04951,-1.99846],[30.04954,-1.99836],[30.04957,-1.99832],[30.04965,-1.99813],[30.04944,-1.99772],[30.04938,-1.99765],[30.04958,-1.99732],[30.0498,-1.99688],[30.04994,-1.99669],[30.0501,-1.99651],[30.05024,-1.99628],[30.0503,-1.99607],[30.05029,-1.99596],[30.05035,-1.99567],[30.05031,-1.99527],[30.05025,-1.99504],[30.05005,-1.99444],[30.05,-1.99424],[30.04992,-1.99403],[30.04981,-1.99383],[30.0497,-1.99367],[30.04938,-1.99339],[30.04913,-1.99323],[30.04886,-1.99308],[30.04876,-1.99292],[30.04876,-1.99269],[30.04883,-1.9924],[30.04891,-1.99244],[30.04909,-1.99248],[30.04918,-1.99248],[30.04929,-1.99245],[30.04953,-1.99231],[30.04968,-1.99227],[30.04982,-1.99219],[30.05005,-1.99206],[30.0502,-1.99193],[30.05023,-1.99196],[30.05026,-1.99193],[30.05039,-1.99201],[30.05043,-1.99201],[30.05096,-1.9915],[30.05111,-1.99125],[30.05115,-1.99121],[30.05113,-1.99117],[30.05159,-1.99054],[30.05176,-1.99037],[30.05179,-1.9903],[30.0519,-1.9902],[30.05195,-1.99021],[30.05196,-1.99017],[30.05217,-1.98997],[30.05235,-1.98956],[30.05249,-1.98924],[30.05265,-1.98859],[30.05271,-1.98851],[30.05275,-1.98832],[30.05276,-1.98829],[30.05282,-1.98823],[30.05287,-1.98817],[30.05343,-1.98764],[30.05364,-1.98745],[30.05375,-1.98731],[30.05381,-1.98717],[30.05394,-1.98701],[30.05395,-1.98697],[30.05402,-1.9869],[30.05408,-1.9868],[30.05412,-1.98677],[30.05423,-1.98678],[30.05427,-1.98677],[30.05453,-1.98645],[30.05424,-1.98628],[30.05426,-1.98623],[30.0542,-1.98613],[30.05408,-1.98605],[30.05404,-1.98608],[30.05393,-1.98611],[30.05373,-1.98613],[30.05365,-1.98613],[30.05349,-1.98592],[30.05333,-1.9858],[30.05312,-1.98567],[30.05284,-1.98546],[30.05272,-1.9854],[30.05252,-1.98541],[30.05227,-1.98525],[30.05196,-1.985],[30.0515,-1.98551],[30.05136,-1.98561],[30.0512,-1.98567],[30.05046,-1.98575],[30.05038,-1.98575],[30.05016,-1.98572],[30.05007,-1.98569],[30.04991,-1.98576],[30.04929,-1.98562],[30.04908,-1.9856],[30.04858,-1.98561],[30.04836,-1.98564],[30.04814,-1.98569],[30.04789,-1.98577],[30.04743,-1.98587],[30.04712,-1.98595],[30.04669,-1.9861],[30.04649,-1.98622],[30.04635,-1.98642],[30.04619,-1.98684],[30.04612,-1.98693],[30.04576,-1.98672],[30.04574,-1.98674],[30.04566,-1.98666],[30.04536,-1.98648],[30.04522,-1.98637],[30.04479,-1.98615],[30.04444,-1.98594],[30.04445,-1.98589],[30.04397,-1.98534],[30.04373,-1.98527],[30.04355,-1.9851],[30.04337,-1.98493],[30.04324,-1.98488],[30.04302,-1.98487],[30.043,-1.98482],[30.0429,-1.98468],[30.04281,-1.9846],[30.04272,-1.98445],[30.04265,-1.98442],[30.04254,-1.98427],[30.04251,-1.98428],[30.04214,-1.98387],[30.04209,-1.98379],[30.04211,-1.98378],[30.04205,-1.98366],[30.04201,-1.98367],[30.04188,-1.98347],[30.04165,-1.9831],[30.04162,-1.98302],[30.0416,-1.98302],[30.04156,-1.98295]]]}},{"type":"Feature","properties":{"d":"Nyarugenge","s":"Muhima","c":"Rugenge"},"geometry":{"type":"Polygon","coordinates":[[[30.06761,-1.93846],[30.06744,-1.93826],[30.06724,-1.93815],[30.06715,-1.93808],[30.06705,-1.93798],[30.06701,-1.93791],[30.06651,-1.93855],[30.06654,-1.93857],[30.06646,-1.93855],[30.06643,-1.93856],[30.0664,-1.93855],[30.06619,-1.93886],[30.06617,-1.9389],[30.06598,-1.9391],[30.06588,-1.93899],[30.06571,-1.93917],[30.06554,-1.93939],[30.06547,-1.93945],[30.06545,-1.93945],[30.06544,-1.93949],[30.06545,-1.93954],[30.06543,-1.93958],[30.06522,-1.93987],[30.06516,-1.93998],[30.06504,-1.9401],[30.06503,-1.94009],[30.06499,-1.94013],[30.06503,-1.94017],[30.06497,-1.94028],[30.06493,-1.94029],[30.0648,-1.94041],[30.06476,-1.94037],[30.0647,-1.94044],[30.06474,-1.94048],[30.06458,-1.94067],[30.06467,-1.94075],[30.06465,-1.94079],[30.06458,-1.94075],[30.06448,-1.94086],[30.06442,-1.94099],[30.0644,-1.94112],[30.06447,-1.94121],[30.06512,-1.94139],[30.06529,-1.94146],[30.0655,-1.94149],[30.06649,-1.94203],[30.06723,-1.94259],[30.06815,-1.94356],[30.06776,-1.9441],[30.06786,-1.94429],[30.06784,-1.94431],[30.06791,-1.94439],[30.06794,-1.94444],[30.06833,-1.94477],[30.06937,-1.94592],[30.06964,-1.94624],[30.0697,-1.94637],[30.06976,-1.94643],[30.07,-1.94658],[30.07037,-1.94677],[30.07063,-1.9468],[30.07076,-1.9468],[30.07088,-1.94673],[30.07105,-1.94683],[30.0712,-1.94687],[30.07149,-1.94688],[30.07151,-1.94625],[30.07141,-1.94614],[30.07147,-1.94604],[30.07165,-1.9459],[30.07184,-1.94564],[30.0719,-1.94567],[30.07198,-1.94553],[30.07239,-1.94538],[30.07279,-1.94512],[30.07285,-1.94505],[30.0731,-1.94541],[30.07325,-1.94567],[30.07404,-1.94546],[30.07414,-1.94541],[30.07427,-1.94535],[30.0743,-1.94534],[30.07429,-1.94504],[30.07425,-1.945],[30.07321,-1.94367],[30.07239,-1.94288],[30.07216,-1.94254],[30.07203,-1.94245],[30.07169,-1.94206],[30.0713,-1.94159],[30.07095,-1.94124],[30.07082,-1.94117],[30.07061,-1.941],[30.07047,-1.94087],[30.0705,-1.94083],[30.07001,-1.94041],[30.0695,-1.94009],[30.06919,-1.93997],[30.0688,-1.93959],[30.06849,-1.93934],[30.06837,-1.93918],[30.06819,-1.93899],[30.06799,-1.93875],[30.06761,-1.93846]]]}},{"type":"Feature","properties":{"d":"Gasabo","s":"Rusororo","c":"Ruhanga"},"geometry":{"type":"Polygon","coordinates":[[[30.26048,-1.92546],[30.26031,-1.92519],[30.26,-1.92495],[30.25983,-1.92465],[30.2597,-1.92448],[30.25946,-1.92438],[30.25969,-1.92362],[30.25946,-1.92344],[30.25975,-1.92303],[30.26006,-1.9228],[30.25999,-1.92275],[30.25987,-1.92258],[30.25933,-1.92232],[30.2589,-1.92206],[30.25864,-1.92185],[30.25826,-1.92157],[30.25718,-1.92226],[30.25658,-1.92281],[30.25613,-1.92366],[30.25571,-1.92418],[30.25535,-1.92501],[30.25515,-1.92511],[30.25503,-1.92545],[30.25487,-1.92562],[30.25479,-1.92569],[30.25471,-1.92572],[30.25458,-1.92576],[30.25412,-1.92574],[30.25404,-1.92576],[30.25402,-1.92583],[30.25402,-1.92608],[30.25396,-1.92627],[30.25387,-1.92639],[30.25381,-1.92655],[30.25366,-1.92673],[30.25374,-1.92672],[30.25367,-1.92677],[30.2531,-1.92709],[30.25222,-1.92756],[30.2518,-1.9278],[30.25129,-1.92795],[30.25113,-1.92805],[30.25089,-1.92827],[30.25067,-1.92841],[30.24881,-1.92878],[30.24802,-1.92891],[30.24771,-1.92899],[30.24764,-1.92916],[30.24765,-1.92963],[30.24772,-1.93014],[30.24775,-1.93018],[30.24773,-1.93019],[30.2478,-1.9307],[30.24781,-1.93118],[30.24781,-1.93131],[30.24719,-1.93166],[30.24694,-1.93189],[30.24681,-1.93203],[30.2466,-1.93221],[30.2465,-1.93228],[30.24618,-1.9327],[30.24523,-1.93366],[30.24476,-1.93388],[30.24389,-1.93478],[30.24388,-1.93478],[30.24368,-1.93498],[30.2433,-1.93532],[30.24314,-1.93556],[30.24313,-1.9356],[30.24302,-1.93599],[30.24307,-1.936],[30.24307,-1.93602],[30.24303,-1.93613],[30.24294,-1.93627],[30.24272,-1.9365],[30.24228,-1.93691],[30.24209,-1.9371],[30.2414,-1.93771],[30.24083,-1.93814],[30.24069,-1.93822],[30.23942,-1.93914],[30.23757,-1.93896],[30.23731,-1.93908],[30.23798,-1.94037],[30.23808,-1.94063],[30.23807,-1.94078],[30.23775,-1.94207],[30.23913,-1.94752],[30.23987,-1.95044],[30.23987,-1.95057],[30.23986,-1.95303],[30.23963,-1.95418],[30.23965,-1.95458],[30.24058,-1.95645],[30.24147,-1.95588],[30.24213,-1.95551],[30.24242,-1.9553],[30.24293,-1.95489],[30.24306,-1.95475],[30.24315,-1.95472],[30.24437,-1.95456],[30.2452,-1.95426],[30.2468,-1.95364],[30.24965,-1.95275],[30.24986,-1.9527],[30.25038,-1.95273],[30.25061,-1.95271],[30.25248,-1.95204],[30.25426,-1.95131],[30.25664,-1.95175],[30.26038,-1.95247],[30.26374,-1.9531],[30.26527,-1.95339],[30.26608,-1.95146],[30.26684,-1.94932],[30.26741,-1.94817],[30.26758,-1.94776],[30.26864,-1.94678],[30.26847,-1.94665],[30.26826,-1.94645],[30.26809,-1.94657],[30.26789,-1.94639],[30.26793,-1.94612],[30.26787,-1.9458],[30.26786,-1.94567],[30.26794,-1.94531],[30.26792,-1.94523],[30.26797,-1.9449],[30.2679,-1.94478],[30.26738,-1.94442],[30.26728,-1.94433],[30.26747,-1.94408],[30.2676,-1.94394],[30.26778,-1.94376],[30.26792,-1.94366],[30.26797,-1.94361],[30.26695,-1.94299],[30.26696,-1.94295],[30.26704,-1.94287],[30.26707,-1.94275],[30.26699,-1.94252],[30.26678,-1.94217],[30.26645,-1.94176],[30.26617,-1.94146],[30.26587,-1.94111],[30.26599,-1.94112],[30.2658,-1.941],[30.26526,-1.94041],[30.26495,-1.94013],[30.26486,-1.94003],[30.2648,-1.93992],[30.26478,-1.93977],[30.26473,-1.93962],[30.26471,-1.93932],[30.26472,-1.93899],[30.2647,-1.9389],[30.26463,-1.93879],[30.26463,-1.93872],[30.26464,-1.9385],[30.26471,-1.93816],[30.26476,-1.93808],[30.26495,-1.93796],[30.26509,-1.9378],[30.26525,-1.93726],[30.26533,-1.93684],[30.26542,-1.93663],[30.26545,-1.93664],[30.26571,-1.93677],[30.26585,-1.93643],[30.26593,-1.93593],[30.26599,-1.93572],[30.266,-1.93557],[30.26538,-1.93555],[30.26476,-1.93548],[30.26448,-1.93541],[30.26395,-1.93514],[30.26379,-1.93509],[30.2634,-1.93509],[30.26324,-1.93511],[30.26315,-1.93515],[30.26317,-1.93512],[30.26322,-1.93511],[30.26315,-1.93488],[30.26264,-1.93474],[30.26265,-1.93455],[30.26275,-1.93427],[30.26283,-1.93395],[30.26259,-1.93374],[30.26246,-1.93365],[30.26237,-1.93354],[30.26266,-1.9334],[30.26345,-1.93318],[30.26387,-1.93326],[30.26392,-1.93288],[30.26397,-1.93239],[30.26406,-1.93186],[30.2642,-1.93139],[30.26381,-1.93103],[30.26352,-1.93086],[30.26348,-1.93068],[30.26318,-1.93039],[30.26294,-1.93004],[30.26264,-1.92952],[30.26247,-1.92919],[30.26231,-1.92917],[30.26221,-1.92901],[30.26209,-1.92867],[30.26191,-1.92851],[30.26167,-1.9281],[30.26146,-1.92764],[30.26113,-1.9272],[30.26096,-1.92658],[30.26085,-1.92612],[30.26061,-1.92581],[30.26048,-1.92546]]]}},{"type":"Feature","properties":{"d":"Gasabo","s":"Gisozi","c":"Ruhango"},"geometry":{"type":"Polygon","coordinates":[[[30.05459,-1.90607],[30.05456,-1.90583],[30.05461,-1.90568],[30.05452,-1.90556],[30.05451,-1.90551],[30.05443,-1.90529],[30.05426,-1.90526],[30.05428,-1.90524],[30.05386,-1.90449],[30.05383,-1.9045],[30.05358,-1.90472],[30.05323,-1.90499],[30.05308,-1.90514],[30.05271,-1.90539],[30.05236,-1.90569],[30.05229,-1.90574],[30.05226,-1.90574],[30.0522,-1.90604],[30.05218,-1.90611],[30.05225,-1.90608],[30.05225,-1.90614],[30.05241,-1.90622],[30.05232,-1.90633],[30.05217,-1.90641],[30.05204,-1.90651],[30.0519,-1.90673],[30.05185,-1.90677],[30.05181,-1.90675],[30.05176,-1.90681],[30.05168,-1.90696],[30.0516,-1.90717],[30.05136,-1.90762],[30.05107,-1.90803],[30.05075,-1.90855],[30.05074,-1.9086],[30.05057,-1.90889],[30.05049,-1.90899],[30.05024,-1.90912],[30.05018,-1.90921],[30.05015,-1.90928],[30.0501,-1.90934],[30.05007,-1.90946],[30.04993,-1.90961],[30.04978,-1.90985],[30.04962,-1.90999],[30.04951,-1.91014],[30.04947,-1.91032],[30.04948,-1.91051],[30.04955,-1.91077],[30.04953,-1.9108],[30.04943,-1.91084],[30.04943,-1.91094],[30.04946,-1.91099],[30.04965,-1.91127],[30.04973,-1.91135],[30.04986,-1.91147],[30.04989,-1.91152],[30.04988,-1.91161],[30.0498,-1.91182],[30.04975,-1.91192],[30.04968,-1.91201],[30.04967,-1.91205],[30.04973,-1.91218],[30.04994,-1.91231],[30.05004,-1.9124],[30.05012,-1.91243],[30.05017,-1.91251],[30.0502,-1.91256],[30.05024,-1.91271],[30.0503,-1.91284],[30.05028,-1.91303],[30.05032,-1.91328],[30.05029,-1.91332],[30.05023,-1.91333],[30.0502,-1.91336],[30.05018,-1.91356],[30.05012,-1.91369],[30.05009,-1.91388],[30.0501,-1.91403],[30.05021,-1.91437],[30.05023,-1.91453],[30.05021,-1.91463],[30.05015,-1.91468],[30.05006,-1.9147],[30.05,-1.91467],[30.04987,-1.91468],[30.04969,-1.91475],[30.04952,-1.91477],[30.04949,-1.91479],[30.04947,-1.91487],[30.04947,-1.91494],[30.04959,-1.91511],[30.04972,-1.91523],[30.04989,-1.91536],[30.04994,-1.91553],[30.04991,-1.91567],[30.04989,-1.91572],[30.04963,-1.91581],[30.04955,-1.91588],[30.0495,-1.91596],[30.04948,-1.9161],[30.04949,-1.91634],[30.04953,-1.91669],[30.0495,-1.91691],[30.0494,-1.91708],[30.0494,-1.91713],[30.0495,-1.91723],[30.04957,-1.91735],[30.04966,-1.91744],[30.04967,-1.91747],[30.04964,-1.91759],[30.04965,-1.91762],[30.04988,-1.9177],[30.04992,-1.91778],[30.05005,-1.91786],[30.05006,-1.9179],[30.05002,-1.91798],[30.04992,-1.91809],[30.0499,-1.91819],[30.05018,-1.91848],[30.05023,-1.91863],[30.05022,-1.91872],[30.05017,-1.91878],[30.05012,-1.91879],[30.05005,-1.91878],[30.04993,-1.91873],[30.04987,-1.91871],[30.04981,-1.91875],[30.04975,-1.91883],[30.04972,-1.91894],[30.04971,-1.91907],[30.04965,-1.91922],[30.04946,-1.91936],[30.04933,-1.91949],[30.04919,-1.91985],[30.04922,-1.92017],[30.04927,-1.92041],[30.04932,-1.92053],[30.0494,-1.92058],[30.04949,-1.92062],[30.0497,-1.92084],[30.04973,-1.92093],[30.04974,-1.921],[30.04966,-1.92114],[30.0495,-1.92125],[30.04945,-1.9214],[30.04946,-1.92153],[30.0494,-1.92172],[30.04939,-1.9218],[30.04941,-1.92192],[30.0493,-1.92217],[30.04914,-1.92228],[30.04904,-1.92239],[30.04902,-1.92243],[30.049,-1.92272],[30.04898,-1.92279],[30.04882,-1.92301],[30.04869,-1.9231],[30.04864,-1.92319],[30.04862,-1.92325],[30.0487,-1.92356],[30.04867,-1.92382],[30.04877,-1.92412],[30.04884,-1.92449],[30.0488,-1.9247],[30.04871,-1.9249],[30.04866,-1.92504],[30.04864,-1.92516],[30.04864,-1.92534],[30.04861,-1.92566],[30.04863,-1.92595],[30.04861,-1.92627],[30.04863,-1.92634],[30.04866,-1.92637],[30.04872,-1.92637],[30.04885,-1.92633],[30.0489,-1.92637],[30.04898,-1.92646],[30.04919,-1.92685],[30.04918,-1.92701],[30.04911,-1.92711],[30.04908,-1.92722],[30.04912,-1.92755],[30.04908,-1.92809],[30.04911,-1.92819],[30.04911,-1.92841],[30.04911,-1.92841],[30.04913,-1.9286],[30.04919,-1.92878],[30.0492,-1.92892],[30.04917,-1.92918],[30.04922,-1.92943],[30.04924,-1.92971],[30.04921,-1.9299],[30.04921,-1.93001],[30.04925,-1.9302],[30.04925,-1.93062],[30.04929,-1.93071],[30.04931,-1.93082],[30.0493,-1.93118],[30.04932,-1.93123],[30.04933,-1.93169],[30.04932,-1.93183],[30.04936,-1.93252],[30.04935,-1.93312],[30.04941,-1.93334],[30.04941,-1.93341],[30.04937,-1.93363],[30.04935,-1.93368],[30.04933,-1.93385],[30.04934,-1.93406],[30.04931,-1.93412],[30.0492,-1.93449],[30.04958,-1.93449],[30.05064,-1.93419],[30.05132,-1.93417],[30.05427,-1.93431],[30.05476,-1.93423],[30.05496,-1.93421],[30.0552,-1.93398],[30.05543,-1.934],[30.05577,-1.93389],[30.05613,-1.93389],[30.05699,-1.9339],[30.0572,-1.93379],[30.0577,-1.93352],[30.05811,-1.93365],[30.0584,-1.93372],[30.05845,-1.9337],[30.05853,-1.93368],[30.05873,-1.9337],[30.05913,-1.93365],[30.05909,-1.93356],[30.0598,-1.93328],[30.06042,-1.93291],[30.06069,-1.93271],[30.06089,-1.93243],[30.06241,-1.93115],[30.06313,-1.93036],[30.06457,-1.92963],[30.06468,-1.92874],[30.06472,-1.92851],[30.06474,-1.92843],[30.06458,-1.92786],[30.06441,-1.92769],[30.06421,-1.92742],[30.06411,-1.9272],[30.06394,-1.92712],[30.06352,-1.92669],[30.06333,-1.92666],[30.06327,-1.9265],[30.06326,-1.9265],[30.06324,-1.92646],[30.06326,-1.92644],[30.06323,-1.9264],[30.0632,-1.92627],[30.0632,-1.92621],[30.06317,-1.92613],[30.06316,-1.92606],[30.06311,-1.92585],[30.06313,-1.92583],[30.06302,-1.92551],[30.06278,-1.92499],[30.06275,-1.92499],[30.06273,-1.92495],[30.06274,-1.92494],[30.06269,-1.92486],[30.06266,-1.92486],[30.06251,-1.92461],[30.06252,-1.9246],[30.06242,-1.92438],[30.06234,-1.92435],[30.06219,-1.92417],[30.06205,-1.92405],[30.06204,-1.92405],[30.06184,-1.92389],[30.0617,-1.9238],[30.0615,-1.9236],[30.06141,-1.92356],[30.06124,-1.92356],[30.06102,-1.9235],[30.06099,-1.92339],[30.061,-1.92325],[30.06104,-1.92305],[30.06097,-1.92281],[30.0609,-1.92267],[30.06079,-1.92253],[30.06061,-1.92245],[30.06074,-1.92164],[30.06064,-1.92161],[30.06041,-1.92103],[30.06046,-1.92102],[30.06063,-1.92106],[30.0609,-1.9211],[30.06092,-1.92084],[30.06079,-1.92039],[30.06125,-1.91996],[30.06117,-1.91988],[30.06122,-1.91976],[30.06123,-1.9197],[30.0612,-1.91966],[30.06111,-1.91961],[30.06091,-1.91951],[30.06098,-1.91933],[30.06086,-1.91929],[30.06086,-1.91928],[30.06069,-1.91918],[30.06055,-1.91913],[30.06058,-1.91904],[30.06056,-1.91904],[30.06057,-1.91891],[30.06054,-1.91889],[30.06054,-1.91882],[30.06052,-1.9188],[30.06053,-1.91871],[30.06045,-1.91858],[30.06044,-1.91832],[30.06039,-1.91818],[30.06034,-1.91809],[30.06028,-1.91781],[30.06022,-1.91768],[30.06017,-1.91761],[30.06002,-1.91755],[30.05998,-1.9175],[30.05991,-1.91733],[30.05989,-1.91724],[30.05983,-1.9172],[30.05971,-1.91712],[30.05973,-1.91674],[30.05963,-1.91671],[30.05993,-1.91608],[30.05994,-1.91605],[30.05974,-1.91572],[30.05969,-1.91566],[30.05969,-1.91563],[30.05966,-1.91563],[30.0595,-1.91531],[30.05947,-1.9152],[30.05925,-1.91495],[30.05923,-1.91488],[30.05913,-1.91474],[30.05914,-1.91465],[30.05914,-1.91451],[30.05912,-1.91451],[30.05912,-1.91448],[30.05914,-1.9144],[30.05914,-1.91426],[30.05917,-1.9141],[30.05928,-1.9138],[30.05932,-1.91363],[30.05935,-1.91356],[30.05946,-1.91345],[30.05945,-1.9134],[30.05943,-1.91338],[30.05916,-1.91327],[30.05917,-1.91323],[30.05928,-1.91301],[30.05921,-1.91295],[30.0593,-1.91279],[30.05932,-1.91279],[30.05933,-1.91276],[30.05934,-1.91265],[30.05933,-1.91262],[30.05934,-1.91252],[30.05949,-1.91255],[30.05955,-1.91235],[30.05954,-1.91234],[30.05959,-1.91215],[30.05954,-1.91208],[30.05953,-1.91202],[30.05955,-1.91188],[30.05958,-1.91185],[30.05958,-1.91177],[30.05964,-1.91151],[30.05968,-1.91146],[30.05964,-1.91144],[30.05956,-1.91147],[30.05956,-1.91122],[30.05938,-1.91122],[30.05935,-1.91098],[30.05935,-1.91088],[30.05939,-1.91089],[30.05935,-1.91074],[30.05928,-1.91065],[30.05925,-1.91064],[30.05915,-1.91075],[30.05909,-1.91084],[30.05897,-1.91099],[30.05894,-1.91099],[30.05882,-1.91104],[30.05865,-1.91109],[30.05861,-1.91113],[30.05851,-1.91117],[30.05833,-1.91123],[30.05827,-1.91124],[30.05826,-1.91123],[30.05803,-1.91121],[30.05789,-1.91118],[30.05754,-1.91121],[30.05743,-1.91121],[30.05742,-1.91113],[30.05745,-1.91102],[30.05742,-1.911],[30.05746,-1.9109],[30.05742,-1.91087],[30.05745,-1.91077],[30.05751,-1.91074],[30.05759,-1.91058],[30.05764,-1.91051],[30.05759,-1.91037],[30.0575,-1.90997],[30.05753,-1.90996],[30.05764,-1.90984],[30.05766,-1.9098],[30.05762,-1.90968],[30.05756,-1.90954],[30.05729,-1.90911],[30.05716,-1.9089],[30.05703,-1.90864],[30.05684,-1.90852],[30.05666,-1.90838],[30.05642,-1.90825],[30.0563,-1.90823],[30.05643,-1.90844],[30.05642,-1.90863],[30.05638,-1.90866],[30.05634,-1.90866],[30.0562,-1.90861],[30.05615,-1.90857],[30.05609,-1.9085],[30.056,-1.90814],[30.05548,-1.90878],[30.05544,-1.90895],[30.05533,-1.90864],[30.0552,-1.90823],[30.0551,-1.90782],[30.05499,-1.90717],[30.05482,-1.90678],[30.05459,-1.90607]]]}},{"type":"Feature","properties":{"d":"Kicukiro","s":"Kagarama","c":"Rukatsa"},"geometry":{"type":"Polygon","coordinates":[[[30.10636,-1.98434],[30.106,-1.98426],[30.10556,-1.98421],[30.10472,-1.98415],[30.10436,-1.98409],[30.10427,-1.98399],[30.10368,-1.9836],[30.10311,-1.98482],[30.10292,-1.98509],[30.10273,-1.98531],[30.10244,-1.9855],[30.1016,-1.98596],[30.1015,-1.98607],[30.10135,-1.98623],[30.10112,-1.98674],[30.10105,-1.98716],[30.10119,-1.98852],[30.1011,-1.98893],[30.10092,-1.98937],[30.10063,-1.98972],[30.10011,-1.99003],[30.09961,-1.99012],[30.09796,-1.99008],[30.09749,-1.9902],[30.09702,-1.99052],[30.0968,-1.99089],[30.09662,-1.99156],[30.09634,-1.99282],[30.09618,-1.99386],[30.09615,-1.99485],[30.09615,-1.99501],[30.0962,-1.9958],[30.09621,-1.99618],[30.09617,-1.99645],[30.09599,-1.99692],[30.0949,-1.99813],[30.09471,-1.99847],[30.09422,-1.99927],[30.09392,-1.99957],[30.09372,-1.99968],[30.09355,-1.99981],[30.09334,-1.99985],[30.09276,-2.00006],[30.09236,-2.00031],[30.09208,-2.00067],[30.09191,-2.00096],[30.09183,-2.00147],[30.09182,-2.00174],[30.09179,-2.00234],[30.09186,-2.00298],[30.09199,-2.00338],[30.09233,-2.00391],[30.09292,-2.00473],[30.09374,-2.00581],[30.09479,-2.00679],[30.09552,-2.00732],[30.09639,-2.00787],[30.09661,-2.00798],[30.09719,-2.00828],[30.09845,-2.00861],[30.09909,-2.00878],[30.0998,-2.00888],[30.10011,-2.00893],[30.10132,-2.0089],[30.10268,-2.00862],[30.10344,-2.00839],[30.10367,-2.00835],[30.10388,-2.00829],[30.10448,-2.00817],[30.10465,-2.00817],[30.10431,-2.00695],[30.10479,-2.00678],[30.10479,-2.00674],[30.10481,-2.00672],[30.10497,-2.00664],[30.105,-2.00654],[30.10498,-2.00644],[30.10495,-2.00612],[30.10497,-2.00609],[30.10505,-2.00606],[30.1054,-2.00516],[30.10538,-2.00511],[30.10541,-2.00493],[30.10522,-2.00489],[30.10519,-2.00469],[30.10504,-2.00418],[30.10507,-2.00395],[30.10474,-2.00375],[30.10441,-2.00334],[30.10362,-2.00272],[30.10298,-2.002],[30.10293,-2.00186],[30.10299,-2.00177],[30.10342,-2.00152],[30.10385,-2.00121],[30.10417,-2.00096],[30.10439,-2.00088],[30.10455,-2.00084],[30.10479,-2.00075],[30.10492,-2.00068],[30.10513,-2.00065],[30.10532,-2.00054],[30.10544,-2.00049],[30.10559,-2.0004],[30.10568,-2.00028],[30.10576,-2.00022],[30.10595,-2.00013],[30.10599,-2.0],[30.10622,-1.99978],[30.10632,-1.99971],[30.10637,-1.99962],[30.10638,-1.99952],[30.10634,-1.99945],[30.10636,-1.99942],[30.10638,-1.99941],[30.10663,-1.99942],[30.10677,-1.99941],[30.10702,-1.9993],[30.10727,-1.99922],[30.10747,-1.99918],[30.10766,-1.99917],[30.10779,-1.99905],[30.10806,-1.99895],[30.10812,-1.99898],[30.10833,-1.99903],[30.10857,-1.999],[30.10871,-1.99896],[30.10882,-1.99885],[30.10892,-1.99877],[30.10928,-1.99859],[30.10955,-1.9987],[30.10964,-1.99869],[30.10972,-1.99863],[30.10989,-1.99863],[30.11001,-1.99872],[30.11008,-1.99882],[30.11028,-1.99894],[30.11036,-1.99888],[30.11043,-1.99866],[30.11068,-1.99852],[30.11074,-1.99845],[30.11082,-1.99827],[30.11088,-1.9982],[30.11102,-1.99808],[30.11112,-1.99804],[30.11127,-1.99806],[30.11134,-1.99813],[30.11137,-1.99823],[30.11161,-1.99848],[30.11182,-1.99858],[30.11214,-1.99863],[30.11225,-1.99867],[30.11245,-1.99879],[30.11246,-1.99885],[30.11258,-1.99889],[30.11295,-1.99957],[30.11291,-1.99992],[30.11295,-2.0],[30.11361,-2.00033],[30.11396,-2.00036],[30.11414,-2.00032],[30.11435,-2.00034],[30.11446,-2.00032],[30.11469,-2.00044],[30.11476,-2.00043],[30.11487,-2.00036],[30.11502,-2.00034],[30.11503,-2.00034],[30.11496,-2.00002],[30.11477,-1.9999],[30.11473,-1.99974],[30.11486,-1.99958],[30.11493,-1.99944],[30.11507,-1.99934],[30.11519,-1.99921],[30.1152,-1.99896],[30.11561,-1.9988],[30.11608,-1.99842],[30.11645,-1.99805],[30.11626,-1.99782],[30.11614,-1.9977],[30.11611,-1.9976],[30.11587,-1.99733],[30.1156,-1.99708],[30.11555,-1.99702],[30.11538,-1.99687],[30.11531,-1.99678],[30.11524,-1.99665],[30.11517,-1.99649],[30.11519,-1.9964],[30.11519,-1.99639],[30.11525,-1.99633],[30.11516,-1.99574],[30.11507,-1.99544],[30.11498,-1.99518],[30.11463,-1.99453],[30.1142,-1.99386],[30.11399,-1.99348],[30.11382,-1.99325],[30.11379,-1.99311],[30.11364,-1.99295],[30.11352,-1.9927],[30.11271,-1.99184],[30.11237,-1.99152],[30.11213,-1.99134],[30.11178,-1.99113],[30.11169,-1.99105],[30.11124,-1.99083],[30.11089,-1.99071],[30.11062,-1.99056],[30.11031,-1.99037],[30.11011,-1.99018],[30.11,-1.99012],[30.10967,-1.98963],[30.1095,-1.98927],[30.10915,-1.98826],[30.10904,-1.98798],[30.10893,-1.98779],[30.10842,-1.98693],[30.10779,-1.98587],[30.10663,-1.98438],[30.10655,-1.98442],[30.10636,-1.98434]]]}},{"type":"Feature","properties":{"d":"Gasabo","s":"Remera","c":"Rukiri I"},"geometry":{"type":"Polygon","coordinates":[[[30.10742,-1.95961],[30.10698,-1.95955],[30.10606,-1.95908],[30.10482,-1.95789],[30.10456,-1.9575],[30.10442,-1.95733],[30.10436,-1.95716],[30.10354,-1.95568],[30.10326,-1.95519],[30.10318,-1.95503],[30.10285,-1.95446],[30.10255,-1.95399],[30.10224,-1.95364],[30.10216,-1.95356],[30.10197,-1.95339],[30.10119,-1.95382],[30.10034,-1.95405],[30.10085,-1.95436],[30.10121,-1.9547],[30.10119,-1.95483],[30.10119,-1.95493],[30.10131,-1.95525],[30.10145,-1.95588],[30.10116,-1.95647],[30.10108,-1.95757],[30.10099,-1.95859],[30.10097,-1.9587],[30.10099,-1.95871],[30.10094,-1.95882],[30.10086,-1.95918],[30.10087,-1.95918],[30.10085,-1.95923],[30.10087,-1.95924],[30.10082,-1.95932],[30.10079,-1.95945],[30.10067,-1.95963],[30.10062,-1.95962],[30.10051,-1.95975],[30.10037,-1.95984],[30.1002,-1.96004],[30.10002,-1.96029],[30.09994,-1.96037],[30.0998,-1.96059],[30.09967,-1.96072],[30.09962,-1.96075],[30.09945,-1.96088],[30.09942,-1.96093],[30.09943,-1.96094],[30.09939,-1.96097],[30.0994,-1.96098],[30.09935,-1.96102],[30.09934,-1.961],[30.09931,-1.96103],[30.09926,-1.96111],[30.09919,-1.96117],[30.09905,-1.96132],[30.09903,-1.96133],[30.09908,-1.9614],[30.09905,-1.96143],[30.09892,-1.96154],[30.09868,-1.96165],[30.09867,-1.96176],[30.0985,-1.96198],[30.09843,-1.96213],[30.09841,-1.96231],[30.09839,-1.96236],[30.09822,-1.96259],[30.09797,-1.96281],[30.09781,-1.9629],[30.09773,-1.96293],[30.09769,-1.96295],[30.09768,-1.96293],[30.09761,-1.96297],[30.0973,-1.96316],[30.09711,-1.9632],[30.09686,-1.96331],[30.09678,-1.96338],[30.09665,-1.96359],[30.09658,-1.96363],[30.09648,-1.96363],[30.09645,-1.96353],[30.09627,-1.96351],[30.09611,-1.96354],[30.09611,-1.96356],[30.096,-1.96359],[30.09593,-1.9636],[30.09591,-1.96358],[30.09587,-1.96358],[30.09515,-1.96368],[30.09492,-1.96376],[30.09474,-1.96359],[30.09471,-1.96358],[30.09439,-1.96375],[30.09428,-1.96379],[30.09404,-1.9638],[30.09401,-1.96382],[30.09401,-1.96385],[30.09405,-1.96406],[30.09411,-1.96423],[30.09411,-1.96427],[30.09399,-1.96439],[30.09388,-1.96447],[30.09384,-1.96454],[30.09374,-1.96464],[30.09357,-1.96475],[30.09343,-1.96478],[30.09339,-1.96477],[30.09338,-1.9647],[30.09334,-1.96468],[30.09309,-1.96476],[30.09273,-1.96469],[30.09245,-1.96467],[30.09238,-1.96471],[30.09233,-1.96476],[30.09232,-1.96488],[30.09224,-1.96503],[30.09217,-1.96511],[30.09217,-1.96516],[30.09221,-1.96518],[30.0924,-1.9652],[30.09248,-1.96523],[30.09279,-1.96528],[30.09291,-1.96532],[30.09311,-1.96535],[30.09315,-1.96534],[30.09324,-1.96525],[30.09328,-1.96524],[30.09377,-1.96531],[30.09399,-1.96532],[30.09404,-1.9653],[30.09408,-1.96526],[30.09412,-1.96511],[30.09416,-1.96511],[30.09431,-1.96513],[30.09439,-1.96515],[30.09458,-1.96527],[30.09477,-1.96534],[30.09491,-1.96541],[30.09506,-1.96545],[30.09518,-1.96544],[30.09526,-1.9655],[30.09541,-1.96555],[30.0955,-1.96562],[30.09564,-1.96561],[30.09585,-1.96562],[30.09581,-1.96573],[30.09582,-1.96573],[30.09603,-1.96586],[30.09605,-1.96591],[30.09608,-1.96593],[30.09611,-1.96592],[30.09619,-1.96597],[30.09621,-1.96603],[30.09625,-1.96602],[30.09656,-1.96628],[30.0968,-1.9665],[30.09697,-1.96662],[30.09714,-1.96671],[30.0974,-1.96692],[30.09766,-1.96668],[30.09776,-1.96658],[30.09822,-1.96638],[30.09821,-1.96637],[30.09815,-1.9663],[30.09797,-1.96605],[30.09788,-1.96597],[30.09784,-1.96583],[30.09776,-1.96563],[30.09773,-1.96545],[30.09773,-1.96497],[30.09783,-1.9646],[30.09798,-1.96441],[30.09828,-1.9642],[30.09847,-1.96417],[30.09847,-1.96497],[30.0985,-1.96535],[30.09869,-1.96577],[30.09891,-1.96601],[30.09947,-1.96645],[30.1,-1.96683],[30.10055,-1.96727],[30.10079,-1.96744],[30.10088,-1.96751],[30.10094,-1.9676],[30.10121,-1.96774],[30.10126,-1.96781],[30.10133,-1.96784],[30.10134,-1.96788],[30.10107,-1.96829],[30.10083,-1.96863],[30.10068,-1.96894],[30.10099,-1.96883],[30.10124,-1.96867],[30.10164,-1.96829],[30.10197,-1.96791],[30.10224,-1.96769],[30.10276,-1.96698],[30.10283,-1.9668],[30.10299,-1.96632],[30.10308,-1.96617],[30.1032,-1.96589],[30.10319,-1.96589],[30.10362,-1.96519],[30.10372,-1.96508],[30.10392,-1.96494],[30.10454,-1.9648],[30.10494,-1.96469],[30.10601,-1.96396],[30.10622,-1.9639],[30.10658,-1.96384],[30.10722,-1.96383],[30.10749,-1.96383],[30.1077,-1.96377],[30.10804,-1.96361],[30.10814,-1.96354],[30.10972,-1.96244],[30.11044,-1.96203],[30.11039,-1.96196],[30.11077,-1.96179],[30.11124,-1.96159],[30.11153,-1.96149],[30.11159,-1.96148],[30.11177,-1.9614],[30.1118,-1.96137],[30.11195,-1.9613],[30.11241,-1.96114],[30.11277,-1.96099],[30.1128,-1.96107],[30.11281,-1.96107],[30.11288,-1.96102],[30.11363,-1.96071],[30.11393,-1.96063],[30.11427,-1.96055],[30.1144,-1.96054],[30.11461,-1.96049],[30.11507,-1.96036],[30.11563,-1.96017],[30.116,-1.96005],[30.11629,-1.95993],[30.11669,-1.95982],[30.1167,-1.95982],[30.11667,-1.95975],[30.11674,-1.95969],[30.11678,-1.95961],[30.11678,-1.95956],[30.11676,-1.95948],[30.11687,-1.95937],[30.11664,-1.95928],[30.11634,-1.95928],[30.11568,-1.95923],[30.11146,-1.96012],[30.11083,-1.96008],[30.10933,-1.96003],[30.10928,-1.95989],[30.10913,-1.95984],[30.10904,-1.95986],[30.10898,-1.95995],[30.10742,-1.95961]]]}},{"type":"Feature","properties":{"d":"Gasabo","s":"Remera","c":"Rukiri Ii"},"geometry":{"type":"Polygon","coordinates":[[[30.11941,-1.95347],[30.11973,-1.95321],[30.11909,-1.95228],[30.11831,-1.95091],[30.11815,-1.9505],[30.11799,-1.94995],[30.11663,-1.95086],[30.11649,-1.95096],[30.11608,-1.95132],[30.11589,-1.95146],[30.11569,-1.95155],[30.11522,-1.95192],[30.11436,-1.95273],[30.1136,-1.95361],[30.11326,-1.954],[30.11308,-1.95424],[30.11256,-1.95507],[30.11237,-1.95539],[30.11207,-1.95583],[30.1119,-1.95612],[30.11166,-1.95648],[30.11139,-1.9569],[30.11107,-1.95756],[30.11102,-1.95778],[30.11103,-1.95779],[30.11103,-1.95784],[30.11102,-1.95787],[30.11103,-1.95803],[30.1111,-1.95824],[30.11092,-1.95832],[30.11031,-1.95803],[30.11003,-1.95826],[30.10971,-1.95845],[30.10967,-1.95846],[30.10951,-1.95822],[30.10954,-1.95817],[30.10952,-1.95812],[30.10958,-1.95804],[30.10953,-1.95796],[30.10954,-1.95793],[30.1094,-1.95777],[30.1093,-1.95761],[30.1095,-1.95745],[30.10911,-1.95694],[30.10903,-1.95681],[30.10912,-1.95678],[30.10898,-1.95679],[30.10879,-1.95677],[30.10844,-1.95664],[30.1083,-1.95605],[30.10817,-1.95594],[30.10803,-1.95582],[30.10769,-1.95534],[30.10771,-1.95532],[30.10673,-1.95399],[30.10663,-1.95361],[30.1065,-1.95323],[30.10645,-1.95286],[30.10646,-1.95271],[30.10645,-1.9527],[30.10645,-1.95277],[30.10643,-1.95278],[30.10618,-1.95274],[30.10599,-1.95266],[30.10591,-1.95259],[30.10587,-1.95258],[30.10583,-1.95253],[30.10576,-1.95256],[30.10573,-1.9526],[30.10561,-1.95264],[30.10548,-1.95271],[30.10531,-1.95289],[30.10519,-1.95293],[30.10515,-1.95293],[30.10515,-1.95298],[30.10517,-1.95301],[30.10511,-1.95307],[30.1046,-1.95338],[30.10461,-1.9534],[30.10457,-1.95342],[30.10411,-1.95371],[30.10405,-1.95373],[30.10399,-1.95364],[30.10304,-1.95375],[30.10285,-1.95378],[30.1026,-1.95395],[30.10224,-1.95364],[30.10255,-1.95399],[30.10285,-1.95446],[30.10318,-1.95503],[30.10326,-1.95519],[30.10354,-1.95568],[30.10436,-1.95716],[30.10442,-1.95733],[30.10456,-1.9575],[30.10482,-1.95789],[30.10606,-1.95908],[30.10698,-1.95955],[30.10742,-1.95961],[30.10898,-1.95995],[30.10904,-1.95986],[30.10913,-1.95984],[30.10928,-1.95989],[30.10933,-1.96003],[30.11083,-1.96008],[30.11146,-1.96012],[30.11568,-1.95923],[30.11634,-1.95928],[30.11664,-1.95928],[30.11687,-1.95937],[30.11676,-1.95948],[30.11678,-1.95956],[30.11678,-1.95961],[30.11674,-1.95969],[30.11667,-1.95975],[30.1167,-1.95982],[30.11694,-1.95975],[30.11715,-1.95966],[30.11719,-1.95948],[30.11742,-1.95951],[30.118,-1.95979],[30.11854,-1.96009],[30.11927,-1.96056],[30.11996,-1.96087],[30.12068,-1.96104],[30.12109,-1.96112],[30.12171,-1.96128],[30.12205,-1.96143],[30.12244,-1.9616],[30.12319,-1.96204],[30.12329,-1.96208],[30.12374,-1.96228],[30.12385,-1.96204],[30.12396,-1.96187],[30.12393,-1.96182],[30.12407,-1.96171],[30.1241,-1.96172],[30.12414,-1.96176],[30.12425,-1.96162],[30.12434,-1.96157],[30.12441,-1.9615],[30.12464,-1.96143],[30.12472,-1.96134],[30.12482,-1.96132],[30.12499,-1.96116],[30.12501,-1.96119],[30.12506,-1.96115],[30.12514,-1.96102],[30.12524,-1.96093],[30.12526,-1.96083],[30.12535,-1.96077],[30.12537,-1.96074],[30.12523,-1.96027],[30.12532,-1.95986],[30.12552,-1.95953],[30.12572,-1.95934],[30.12599,-1.95907],[30.12618,-1.95886],[30.12609,-1.9585],[30.12605,-1.95836],[30.12587,-1.9579],[30.12577,-1.95779],[30.12496,-1.95688],[30.12465,-1.95661],[30.12458,-1.95666],[30.1245,-1.95716],[30.12438,-1.95755],[30.12424,-1.95786],[30.1241,-1.95807],[30.12404,-1.95818],[30.12393,-1.95811],[30.12333,-1.95791],[30.12271,-1.95765],[30.12189,-1.95742],[30.12153,-1.95731],[30.1203,-1.9568],[30.11997,-1.95664],[30.11966,-1.95647],[30.11961,-1.9565],[30.11961,-1.95639],[30.11926,-1.95602],[30.11916,-1.95593],[30.11914,-1.9559],[30.11903,-1.95578],[30.11881,-1.95491],[30.11867,-1.95429],[30.11862,-1.95411],[30.11866,-1.95404],[30.11927,-1.95359],[30.11941,-1.9535],[30.11948,-1.9535],[30.11941,-1.95347]]]}},{"type":"Feature","properties":{"d":"Nyarugenge","s":"Mageregere","c":"Runzenze"},"geometry":{"type":"Polygon","coordinates":[[[30.03671,-2.04237],[30.03657,-2.04225],[30.03657,-2.04214],[30.03637,-2.04201],[30.03649,-2.0418],[30.03605,-2.04153],[30.03582,-2.04132],[30.03464,-2.04105],[30.03429,-2.04074],[30.03423,-2.04084],[30.03409,-2.04118],[30.03403,-2.04143],[30.034,-2.04162],[30.03401,-2.04179],[30.03397,-2.04201],[30.0339,-2.04219],[30.03365,-2.04261],[30.03352,-2.04273],[30.03344,-2.04277],[30.03332,-2.0429],[30.03312,-2.04305],[30.03296,-2.04319],[30.03252,-2.04351],[30.03233,-2.04372],[30.03219,-2.04398],[30.03208,-2.04406],[30.03197,-2.04409],[30.03175,-2.04412],[30.03143,-2.04423],[30.03137,-2.04427],[30.03104,-2.04452],[30.03046,-2.04406],[30.03022,-2.0442],[30.02934,-2.04449],[30.02889,-2.0447],[30.0287,-2.04487],[30.028,-2.04507],[30.02762,-2.0451],[30.02736,-2.04507],[30.02708,-2.04497],[30.02687,-2.04483],[30.0268,-2.04477],[30.02657,-2.0449],[30.02624,-2.04517],[30.02611,-2.04523],[30.02603,-2.04524],[30.02592,-2.04528],[30.02568,-2.04542],[30.02548,-2.04556],[30.02504,-2.04559],[30.02494,-2.0457],[30.02484,-2.04586],[30.02451,-2.04578],[30.02373,-2.04539],[30.0234,-2.04522],[30.02311,-2.04504],[30.02292,-2.04488],[30.02263,-2.04471],[30.02139,-2.04442],[30.02097,-2.04429],[30.02075,-2.0442],[30.02034,-2.04406],[30.02013,-2.04401],[30.01916,-2.04401],[30.01883,-2.04402],[30.01876,-2.04405],[30.0184,-2.04417],[30.01849,-2.04478],[30.01891,-2.04567],[30.0191,-2.04567],[30.01927,-2.04565],[30.0192,-2.04583],[30.01909,-2.04605],[30.01908,-2.0464],[30.01916,-2.04677],[30.01915,-2.04688],[30.0193,-2.04772],[30.01941,-2.04801],[30.01972,-2.04837],[30.01947,-2.04864],[30.01957,-2.04879],[30.01978,-2.05056],[30.01961,-2.05125],[30.0195,-2.05139],[30.0194,-2.05212],[30.01946,-2.0527],[30.01947,-2.05355],[30.01953,-2.05395],[30.01951,-2.05426],[30.01954,-2.05449],[30.01961,-2.05478],[30.01964,-2.05495],[30.01962,-2.05512],[30.01965,-2.0553],[30.01975,-2.05561],[30.01973,-2.0557],[30.01976,-2.0558],[30.01982,-2.05601],[30.01986,-2.05608],[30.01998,-2.05611],[30.02002,-2.05629],[30.02059,-2.05745],[30.02091,-2.05797],[30.02102,-2.05812],[30.02124,-2.05836],[30.02152,-2.05849],[30.0216,-2.05896],[30.02173,-2.05923],[30.02177,-2.0592],[30.02173,-2.05924],[30.02179,-2.05941],[30.02184,-2.0594],[30.02185,-2.05955],[30.02233,-2.06076],[30.02181,-2.0623],[30.02189,-2.06318],[30.02213,-2.06382],[30.02304,-2.06743],[30.02377,-2.06913],[30.02389,-2.069],[30.02451,-2.06817],[30.025,-2.06817],[30.02549,-2.06839],[30.02612,-2.06934],[30.02642,-2.06951],[30.02648,-2.06974],[30.0271,-2.06981],[30.02725,-2.06978],[30.02737,-2.06987],[30.02747,-2.06975],[30.02764,-2.06966],[30.02782,-2.06945],[30.0278,-2.06915],[30.02768,-2.06888],[30.02685,-2.06762],[30.02668,-2.06676],[30.02662,-2.06585],[30.02662,-2.06542],[30.02668,-2.06479],[30.02685,-2.06435],[30.0272,-2.06393],[30.02769,-2.06413],[30.02947,-2.06524],[30.03208,-2.06648],[30.03213,-2.06644],[30.03213,-2.06646],[30.03271,-2.06675],[30.03365,-2.06715],[30.03575,-2.06715],[30.03655,-2.06751],[30.03705,-2.06782],[30.03891,-2.06881],[30.03935,-2.06891],[30.03992,-2.06846],[30.04021,-2.06804],[30.04062,-2.06645],[30.04054,-2.06602],[30.04029,-2.06566],[30.03994,-2.06566],[30.03966,-2.0658],[30.03933,-2.06572],[30.03898,-2.06588],[30.03853,-2.06622],[30.03792,-2.06641],[30.03733,-2.06644],[30.03694,-2.06633],[30.03659,-2.06563],[30.03672,-2.06508],[30.03755,-2.06409],[30.03928,-2.06281],[30.03992,-2.06211],[30.03992,-2.06154],[30.03924,-2.06073],[30.03861,-2.05993],[30.0385,-2.0593],[30.03881,-2.05898],[30.0389,-2.0589],[30.03975,-2.05872],[30.0405,-2.05832],[30.04141,-2.05803],[30.04255,-2.05809],[30.04313,-2.05851],[30.04349,-2.05872],[30.04424,-2.05929],[30.04492,-2.05954],[30.04497,-2.05954],[30.04506,-2.05958],[30.04512,-2.05955],[30.04523,-2.05955],[30.04542,-2.05936],[30.04552,-2.0593],[30.04552,-2.05924],[30.04552,-2.05896],[30.04533,-2.05859],[30.04518,-2.05838],[30.04463,-2.05772],[30.0445,-2.05743],[30.04432,-2.05671],[30.04457,-2.05609],[30.04443,-2.056],[30.04426,-2.05577],[30.04423,-2.05557],[30.04441,-2.05349],[30.04421,-2.05287],[30.04371,-2.05219],[30.04247,-2.05],[30.04207,-2.0497],[30.04206,-2.04973],[30.04168,-2.04993],[30.04162,-2.0498],[30.04151,-2.04963],[30.04141,-2.04933],[30.04117,-2.04935],[30.04115,-2.04932],[30.04107,-2.04916],[30.041,-2.04895],[30.04093,-2.04883],[30.04083,-2.0488],[30.04064,-2.04881],[30.04052,-2.04851],[30.04046,-2.04841],[30.04018,-2.0485],[30.0401,-2.0485],[30.03997,-2.04818],[30.0399,-2.04791],[30.03987,-2.04793],[30.03979,-2.04777],[30.03964,-2.04726],[30.03963,-2.0471],[30.03959,-2.04677],[30.03959,-2.04664],[30.03957,-2.04653],[30.03957,-2.04646],[30.03953,-2.0463],[30.03955,-2.04627],[30.03965,-2.04624],[30.0396,-2.04612],[30.03895,-2.04581],[30.03852,-2.04585],[30.03825,-2.04563],[30.03779,-2.04541],[30.03772,-2.04485],[30.03761,-2.0446],[30.03753,-2.0445],[30.03742,-2.04419],[30.03735,-2.04402],[30.03727,-2.04388],[30.03725,-2.04375],[30.03734,-2.04326],[30.03748,-2.04292],[30.03761,-2.04268],[30.03699,-2.0424],[30.03686,-2.04245],[30.03671,-2.04237]]]}},{"type":"Feature","properties":{"d":"Nyarugenge","s":"Kigali","c":"Ruriba"},"geometry":{"type":"Polygon","coordinates":[[[30.00905,-1.95924],[30.00895,-1.95923],[30.00896,-1.95929],[30.00894,-1.95928],[30.00889,-1.95964],[30.00891,-1.95981],[30.00882,-1.96016],[30.00873,-1.96017],[30.00868,-1.96018],[30.00862,-1.96042],[30.00861,-1.9607],[30.00857,-1.96072],[30.00856,-1.96074],[30.00855,-1.96073],[30.00833,-1.96086],[30.00832,-1.96088],[30.00827,-1.96093],[30.00841,-1.96149],[30.00851,-1.96193],[30.00834,-1.96261],[30.00803,-1.96339],[30.00784,-1.96429],[30.00773,-1.96454],[30.0077,-1.96454],[30.00769,-1.96458],[30.00761,-1.9649],[30.00757,-1.96516],[30.00746,-1.96569],[30.00738,-1.96599],[30.00725,-1.96635],[30.00721,-1.9666],[30.0071,-1.96688],[30.00681,-1.96815],[30.00678,-1.96826],[30.00676,-1.96832],[30.00651,-1.96828],[30.00622,-1.96809],[30.006,-1.96831],[30.00554,-1.96863],[30.0052,-1.96885],[30.00489,-1.96912],[30.0051,-1.9692],[30.00563,-1.96932],[30.00599,-1.96939],[30.00558,-1.96989],[30.00576,-1.97005],[30.0059,-1.97012],[30.00754,-1.9706],[30.00929,-1.97125],[30.01015,-1.97169],[30.01049,-1.97173],[30.01046,-1.97183],[30.01051,-1.97183],[30.01053,-1.97182],[30.01101,-1.97215],[30.01136,-1.97247],[30.01222,-1.9729],[30.01282,-1.97317],[30.01364,-1.97344],[30.01352,-1.97368],[30.01373,-1.97371],[30.0137,-1.97382],[30.01371,-1.97419],[30.01345,-1.9748],[30.01365,-1.97538],[30.01315,-1.97775],[30.01337,-1.9781],[30.01347,-1.9787],[30.01336,-1.97948],[30.01367,-1.97951],[30.01413,-1.97955],[30.01483,-1.97973],[30.01538,-1.98001],[30.0159,-1.98055],[30.01611,-1.98076],[30.0165,-1.98097],[30.0167,-1.98105],[30.01691,-1.98116],[30.01713,-1.98125],[30.01727,-1.98136],[30.01754,-1.98171],[30.01775,-1.98216],[30.01775,-1.98239],[30.01792,-1.9824],[30.01807,-1.9824],[30.0189,-1.98277],[30.01928,-1.98289],[30.01957,-1.98289],[30.02052,-1.98271],[30.02062,-1.98267],[30.02073,-1.98274],[30.02153,-1.98285],[30.02226,-1.98318],[30.02305,-1.98345],[30.02337,-1.98354],[30.02391,-1.9836],[30.02429,-1.98397],[30.02458,-1.98396],[30.02472,-1.98399],[30.02477,-1.98408],[30.02468,-1.98446],[30.02473,-1.98455],[30.02485,-1.98452],[30.02503,-1.9844],[30.02515,-1.98435],[30.02519,-1.98444],[30.02523,-1.98481],[30.02531,-1.98483],[30.02533,-1.98484],[30.02559,-1.98467],[30.02559,-1.98501],[30.02567,-1.98498],[30.02589,-1.98467],[30.02611,-1.98451],[30.02611,-1.9847],[30.02605,-1.98541],[30.02613,-1.98547],[30.02624,-1.98537],[30.02666,-1.98468],[30.02675,-1.98468],[30.02659,-1.98554],[30.02675,-1.98557],[30.02685,-1.98544],[30.02725,-1.98479],[30.02738,-1.98472],[30.0274,-1.98491],[30.02742,-1.98533],[30.02747,-1.98546],[30.02756,-1.98544],[30.02762,-1.98536],[30.02779,-1.985],[30.02803,-1.98474],[30.02855,-1.98454],[30.02916,-1.98453],[30.0295,-1.98458],[30.02985,-1.98495],[30.03016,-1.98537],[30.03038,-1.98562],[30.03085,-1.98576],[30.03109,-1.9858],[30.03141,-1.98572],[30.03158,-1.98556],[30.03235,-1.98507],[30.0324,-1.98491],[30.03273,-1.98418],[30.03281,-1.98414],[30.03299,-1.98416],[30.03348,-1.98427],[30.03374,-1.9842],[30.03414,-1.98382],[30.03439,-1.98352],[30.03483,-1.98277],[30.03529,-1.9819],[30.03538,-1.98166],[30.03559,-1.98123],[30.03562,-1.98078],[30.03571,-1.98035],[30.03592,-1.97958],[30.03632,-1.97847],[30.03638,-1.97819],[30.03639,-1.97789],[30.03642,-1.97763],[30.03647,-1.97746],[30.03652,-1.97738],[30.03663,-1.97716],[30.03667,-1.97699],[30.03663,-1.97668],[30.03653,-1.97639],[30.0365,-1.97615],[30.03649,-1.97599],[30.03653,-1.97589],[30.03665,-1.97585],[30.0368,-1.97586],[30.03694,-1.97586],[30.03713,-1.97574],[30.03726,-1.97552],[30.0374,-1.97508],[30.03744,-1.97479],[30.03785,-1.9734],[30.03808,-1.97301],[30.03819,-1.97262],[30.03828,-1.97205],[30.03838,-1.97141],[30.03815,-1.97147],[30.0376,-1.97126],[30.03734,-1.97133],[30.03716,-1.97222],[30.03698,-1.97287],[30.03685,-1.97343],[30.03677,-1.97369],[30.03654,-1.9739],[30.03625,-1.97401],[30.036,-1.97417],[30.03582,-1.97434],[30.03573,-1.97462],[30.03571,-1.97511],[30.03575,-1.97541],[30.03574,-1.97567],[30.03569,-1.97595],[30.03554,-1.97622],[30.03529,-1.97631],[30.03513,-1.97632],[30.03518,-1.9767],[30.03516,-1.97694],[30.03507,-1.97692],[30.03482,-1.97687],[30.0346,-1.97627],[30.03424,-1.97589],[30.0341,-1.97586],[30.03376,-1.9758],[30.03357,-1.97563],[30.03328,-1.97541],[30.03302,-1.97532],[30.03273,-1.97526],[30.03251,-1.97529],[30.0323,-1.9753],[30.03193,-1.97533],[30.03174,-1.9753],[30.03176,-1.97538],[30.03148,-1.97538],[30.03128,-1.97547],[30.03105,-1.97557],[30.03059,-1.97565],[30.03003,-1.97584],[30.0299,-1.97597],[30.02988,-1.976],[30.02977,-1.97595],[30.02745,-1.97461],[30.0272,-1.97433],[30.02666,-1.97404],[30.02613,-1.97384],[30.02605,-1.97384],[30.02595,-1.97381],[30.02547,-1.97359],[30.02531,-1.97349],[30.02505,-1.9733],[30.02487,-1.97319],[30.02478,-1.97301],[30.02468,-1.97289],[30.02466,-1.97285],[30.02467,-1.97284],[30.02389,-1.97228],[30.02227,-1.97166],[30.02242,-1.97111],[30.02298,-1.97066],[30.02319,-1.97025],[30.02306,-1.97018],[30.02307,-1.97015],[30.02297,-1.97013],[30.0229,-1.97008],[30.02274,-1.97003],[30.02255,-1.97],[30.02234,-1.96986],[30.02183,-1.96964],[30.02179,-1.96926],[30.02203,-1.96891],[30.02166,-1.96857],[30.02119,-1.96791],[30.01869,-1.96766],[30.01827,-1.96755],[30.01791,-1.9667],[30.0175,-1.96591],[30.01732,-1.96528],[30.01713,-1.96513],[30.01695,-1.96489],[30.0169,-1.96491],[30.01664,-1.96362],[30.01658,-1.96336],[30.01647,-1.96243],[30.01646,-1.96211],[30.01538,-1.96191],[30.0149,-1.96177],[30.01413,-1.96136],[30.01389,-1.96121],[30.01338,-1.96107],[30.01315,-1.96104],[30.01289,-1.96102],[30.01268,-1.96097],[30.01212,-1.96077],[30.01154,-1.96042],[30.01088,-1.96007],[30.01011,-1.95968],[30.01005,-1.95959],[30.00984,-1.9595],[30.00949,-1.95937],[30.00905,-1.95924]]]}},{"type":"Feature","properties":{"d":"Kicukiro","s":"Masaka","c":"Rusheshe"},"geometry":{"type":"Polygon","coordinates":[[[30.19432,-2.01905],[30.1939,-2.01867],[30.19369,-2.01852],[30.19349,-2.01839],[30.19329,-2.0183],[30.1932,-2.01825],[30.19294,-2.01815],[30.19251,-2.0181],[30.19196,-2.01815],[30.19164,-2.01822],[30.19149,-2.01827],[30.19113,-2.01829],[30.19044,-2.01839],[30.19009,-2.01847],[30.1902,-2.01921],[30.19034,-2.01991],[30.19036,-2.02005],[30.19034,-2.02005],[30.19044,-2.02043],[30.19049,-2.02089],[30.19059,-2.02144],[30.18968,-2.02157],[30.18924,-2.02161],[30.18869,-2.02169],[30.18788,-2.02177],[30.18771,-2.02179],[30.18771,-2.02182],[30.18788,-2.02287],[30.18795,-2.02317],[30.18801,-2.02372],[30.18802,-2.02372],[30.18808,-2.02404],[30.18817,-2.02459],[30.18871,-2.02449],[30.18873,-2.02453],[30.18872,-2.02454],[30.18875,-2.02501],[30.18882,-2.02524],[30.18886,-2.02576],[30.18839,-2.02602],[30.18769,-2.0267],[30.18784,-2.02729],[30.18743,-2.0283],[30.18717,-2.02867],[30.18587,-2.03019],[30.18489,-2.03092],[30.18448,-2.03165],[30.18403,-2.0327],[30.18384,-2.03355],[30.18308,-2.03524],[30.18246,-2.03602],[30.18291,-2.03615],[30.18316,-2.03633],[30.1828,-2.03722],[30.18276,-2.03795],[30.1829,-2.03834],[30.18316,-2.03854],[30.18397,-2.03827],[30.18482,-2.03817],[30.18545,-2.03819],[30.18591,-2.03851],[30.18643,-2.03927],[30.187,-2.03981],[30.18708,-2.04028],[30.18748,-2.04149],[30.18782,-2.04203],[30.1884,-2.04228],[30.18907,-2.04224],[30.18947,-2.04231],[30.19012,-2.04319],[30.19016,-2.04357],[30.1899,-2.04454],[30.18941,-2.04523],[30.18934,-2.04563],[30.18967,-2.04603],[30.19043,-2.04642],[30.19066,-2.04664],[30.19093,-2.04774],[30.19094,-2.04961],[30.19094,-2.04982],[30.19124,-2.05132],[30.1916,-2.05206],[30.19202,-2.05243],[30.1929,-2.05282],[30.19344,-2.05326],[30.19378,-2.05358],[30.19375,-2.05401],[30.19345,-2.05426],[30.19166,-2.05462],[30.19103,-2.05497],[30.19085,-2.05532],[30.19075,-2.05574],[30.19091,-2.05621],[30.19121,-2.05669],[30.19276,-2.05847],[30.19299,-2.05891],[30.19295,-2.05938],[30.19267,-2.06046],[30.1929,-2.06087],[30.19398,-2.06152],[30.19469,-2.06174],[30.1951,-2.06175],[30.19545,-2.06156],[30.19712,-2.05943],[30.19777,-2.0585],[30.19824,-2.05762],[30.19871,-2.05713],[30.19913,-2.05704],[30.19944,-2.05744],[30.19956,-2.05784],[30.19937,-2.05889],[30.19893,-2.05972],[30.19874,-2.06037],[30.19865,-2.06097],[30.19882,-2.06198],[30.19908,-2.06223],[30.19964,-2.06241],[30.20095,-2.0623],[30.20142,-2.06238],[30.20154,-2.06267],[30.20149,-2.06292],[30.20115,-2.06334],[30.20045,-2.06461],[30.20049,-2.06542],[30.20068,-2.06602],[30.20095,-2.06647],[30.20124,-2.06657],[30.20179,-2.0665],[30.20425,-2.06536],[30.20483,-2.06531],[30.20495,-2.0656],[30.20498,-2.06556],[30.20525,-2.06547],[30.20527,-2.06549],[30.20551,-2.06548],[30.20559,-2.06545],[30.20558,-2.06525],[30.2056,-2.06513],[30.20564,-2.06508],[30.20572,-2.06502],[30.20617,-2.06483],[30.20622,-2.06477],[30.20617,-2.06467],[30.20644,-2.06448],[30.20682,-2.06409],[30.20685,-2.06408],[30.20692,-2.06401],[30.20686,-2.06386],[30.20679,-2.06354],[30.20679,-2.06348],[30.20649,-2.06328],[30.20662,-2.063],[30.20704,-2.06263],[30.20709,-2.06215],[30.20701,-2.06192],[30.2076,-2.0621],[30.20825,-2.06192],[30.20878,-2.06153],[30.20942,-2.06093],[30.20936,-2.06069],[30.20939,-2.06032],[30.20935,-2.06028],[30.20922,-2.06011],[30.20919,-2.06003],[30.20905,-2.05964],[30.20893,-2.05926],[30.20875,-2.05888],[30.20876,-2.05881],[30.20878,-2.05873],[30.20882,-2.05872],[30.20888,-2.05865],[30.20901,-2.05845],[30.20943,-2.05803],[30.20946,-2.0579],[30.20945,-2.05773],[30.20942,-2.05765],[30.20945,-2.05749],[30.20946,-2.05722],[30.20949,-2.05716],[30.20966,-2.05694],[30.20966,-2.05687],[30.20969,-2.05687],[30.2097,-2.05664],[30.20967,-2.0564],[30.20967,-2.05628],[30.2099,-2.0555],[30.20996,-2.05521],[30.21028,-2.05497],[30.21062,-2.0547],[30.21087,-2.0543],[30.21104,-2.05386],[30.21119,-2.05305],[30.21144,-2.05244],[30.21162,-2.05224],[30.21192,-2.0519],[30.21262,-2.05136],[30.21345,-2.05075],[30.21391,-2.05026],[30.21453,-2.04854],[30.21472,-2.04787],[30.21511,-2.04677],[30.21511,-2.04533],[30.21516,-2.04494],[30.21524,-2.0447],[30.21548,-2.04426],[30.21568,-2.04404],[30.21597,-2.04368],[30.21631,-2.0428],[30.21646,-2.04241],[30.21676,-2.04136],[30.21676,-2.0412],[30.2168,-2.04105],[30.21684,-2.04073],[30.21687,-2.04046],[30.21682,-2.04037],[30.21679,-2.03994],[30.21663,-2.03899],[30.2166,-2.03867],[30.21668,-2.03768],[30.21668,-2.03751],[30.21556,-2.03733],[30.2156,-2.03727],[30.2156,-2.03713],[30.21568,-2.03649],[30.21564,-2.03618],[30.21555,-2.03602],[30.21555,-2.03559],[30.21568,-2.03552],[30.21578,-2.03549],[30.2157,-2.03511],[30.21547,-2.03529],[30.21483,-2.03482],[30.21382,-2.0348],[30.21386,-2.03436],[30.21376,-2.03439],[30.21372,-2.03437],[30.21354,-2.0341],[30.21347,-2.03373],[30.21334,-2.03351],[30.21314,-2.03341],[30.2128,-2.03304],[30.2122,-2.03296],[30.21199,-2.03284],[30.21185,-2.03268],[30.21164,-2.03251],[30.21145,-2.03233],[30.21141,-2.03232],[30.21136,-2.03226],[30.21129,-2.03218],[30.2112,-2.03213],[30.21104,-2.03199],[30.21107,-2.03181],[30.21105,-2.03174],[30.21051,-2.03099],[30.21043,-2.03086],[30.20968,-2.02986],[30.20954,-2.02973],[30.20921,-2.02965],[30.20853,-2.02954],[30.20836,-2.02951],[30.20771,-2.02958],[30.20769,-2.02973],[30.20745,-2.02974],[30.2072,-2.02978],[30.20679,-2.02991],[30.2067,-2.02992],[30.2063,-2.02992],[30.20599,-2.0299],[30.2055,-2.0299],[30.20503,-2.02991],[30.20479,-2.02989],[30.20421,-2.02989],[30.20383,-2.02986],[30.20346,-2.02987],[30.20246,-2.02984],[30.20227,-2.02985],[30.20099,-2.02985],[30.20082,-2.02982],[30.20011,-2.02978],[30.20011,-2.02979],[30.20033,-2.02902],[30.2004,-2.02897],[30.20044,-2.02882],[30.20065,-2.02795],[30.20068,-2.02771],[30.2007,-2.02749],[30.2007,-2.02645],[30.20073,-2.0261],[30.20072,-2.0258],[30.20029,-2.02534],[30.1997,-2.02466],[30.19967,-2.02467],[30.19951,-2.0245],[30.19945,-2.02438],[30.19942,-2.02403],[30.1994,-2.02393],[30.19921,-2.02333],[30.19918,-2.02314],[30.19917,-2.02283],[30.19848,-2.02295],[30.19797,-2.02302],[30.19732,-2.02308],[30.19718,-2.02307],[30.19713,-2.0231],[30.19646,-2.02321],[30.19642,-2.02324],[30.19638,-2.02284],[30.19627,-2.02246],[30.19623,-2.02224],[30.19623,-2.02164],[30.19627,-2.02133],[30.1963,-2.021],[30.19624,-2.02062],[30.19621,-2.02048],[30.19625,-2.02023],[30.19551,-2.02019],[30.19519,-2.02023],[30.19512,-2.02011],[30.19464,-2.01936],[30.19444,-2.01914],[30.19433,-2.01903],[30.19434,-2.01906],[30.19432,-2.01905]]]}},{"type":"Feature","properties":{"d":"Kicukiro","s":"Gahanga","c":"Rwabutenge"},"geometry":{"type":"Polygon","coordinates":[[[30.11388,-2.02202],[30.11379,-2.02199],[30.11362,-2.02197],[30.11365,-2.02211],[30.11351,-2.02214],[30.11339,-2.02218],[30.11322,-2.02228],[30.11395,-2.02275],[30.11398,-2.02288],[30.11394,-2.02323],[30.11393,-2.02375],[30.11388,-2.02402],[30.1138,-2.02419],[30.11374,-2.02433],[30.1137,-2.02436],[30.11371,-2.02441],[30.11369,-2.02445],[30.11336,-2.02482],[30.11291,-2.02502],[30.112,-2.02507],[30.11175,-2.02518],[30.11164,-2.0252],[30.1111,-2.02715],[30.11141,-2.0271],[30.11164,-2.0271],[30.11195,-2.02679],[30.11259,-2.02679],[30.1126,-2.0268],[30.11259,-2.02683],[30.11239,-2.02707],[30.11223,-2.02721],[30.11224,-2.02721],[30.11218,-2.02727],[30.11239,-2.02743],[30.11256,-2.02758],[30.11246,-2.02775],[30.11277,-2.02799],[30.11287,-2.02786],[30.11303,-2.02789],[30.11308,-2.02787],[30.11316,-2.0278],[30.11325,-2.02777],[30.1134,-2.02774],[30.1136,-2.02819],[30.11386,-2.02859],[30.11377,-2.0287],[30.11368,-2.02885],[30.11348,-2.02911],[30.11374,-2.0294],[30.11387,-2.02964],[30.11413,-2.02982],[30.11419,-2.02977],[30.11425,-2.02974],[30.11441,-2.02982],[30.11447,-2.02985],[30.11451,-2.0299],[30.11464,-2.02994],[30.11464,-2.03005],[30.11479,-2.0302],[30.11474,-2.03028],[30.11479,-2.03035],[30.11526,-2.03074],[30.11534,-2.03065],[30.11552,-2.03085],[30.11557,-2.03081],[30.11575,-2.03098],[30.11599,-2.03111],[30.11606,-2.03122],[30.11629,-2.03141],[30.11619,-2.0315],[30.11649,-2.03182],[30.11662,-2.03172],[30.11685,-2.03196],[30.11692,-2.03211],[30.11705,-2.03208],[30.11752,-2.03201],[30.11765,-2.03197],[30.11775,-2.03215],[30.11798,-2.0324],[30.11814,-2.03236],[30.11831,-2.0323],[30.11884,-2.03314],[30.11888,-2.03343],[30.11891,-2.0339],[30.1189,-2.03444],[30.11892,-2.03494],[30.11895,-2.03548],[30.11911,-2.03624],[30.11962,-2.0376],[30.11969,-2.03785],[30.1198,-2.03896],[30.11984,-2.03995],[30.1199,-2.0406],[30.11998,-2.04079],[30.12015,-2.04125],[30.12046,-2.04176],[30.12056,-2.04221],[30.1206,-2.0422],[30.12061,-2.04221],[30.12053,-2.04223],[30.12047,-2.04237],[30.12039,-2.04279],[30.12049,-2.04297],[30.12175,-2.04397],[30.12252,-2.04492],[30.12252,-2.04505],[30.1226,-2.04512],[30.1225,-2.04642],[30.12249,-2.04739],[30.12256,-2.04762],[30.12283,-2.04817],[30.12342,-2.04897],[30.12346,-2.04931],[30.12347,-2.0493],[30.12362,-2.04956],[30.12387,-2.04942],[30.12424,-2.04955],[30.12494,-2.05007],[30.12619,-2.05039],[30.12682,-2.051],[30.12701,-2.0514],[30.12736,-2.0527],[30.12755,-2.05285],[30.12792,-2.05282],[30.12845,-2.05235],[30.12874,-2.05166],[30.12869,-2.0512],[30.12894,-2.05083],[30.13,-2.04987],[30.13014,-2.04972],[30.13019,-2.04946],[30.13013,-2.04925],[30.12998,-2.0489],[30.12917,-2.04838],[30.12899,-2.04801],[30.12918,-2.04779],[30.12986,-2.04768],[30.13063,-2.04727],[30.13083,-2.04665],[30.13198,-2.04459],[30.1329,-2.04386],[30.13336,-2.04388],[30.13367,-2.04401],[30.13412,-2.04536],[30.13419,-2.04651],[30.13446,-2.04748],[30.13473,-2.04765],[30.13517,-2.04724],[30.13542,-2.0469],[30.13603,-2.04653],[30.13712,-2.04609],[30.13729,-2.04583],[30.1373,-2.0454],[30.13708,-2.04514],[30.13593,-2.04454],[30.13499,-2.04366],[30.13478,-2.04328],[30.13469,-2.04295],[30.13524,-2.04268],[30.13611,-2.04298],[30.13715,-2.04369],[30.13756,-2.04383],[30.13797,-2.04363],[30.1382,-2.04333],[30.13828,-2.04306],[30.13816,-2.0423],[30.13688,-2.04055],[30.13699,-2.03977],[30.13745,-2.03944],[30.13774,-2.03954],[30.13854,-2.04046],[30.13918,-2.04079],[30.13966,-2.04075],[30.14052,-2.04016],[30.14145,-2.03849],[30.14174,-2.0383],[30.14202,-2.03838],[30.14222,-2.03869],[30.14227,-2.03967],[30.14247,-2.04068],[30.14269,-2.04106],[30.14331,-2.04098],[30.14377,-2.04081],[30.14505,-2.03995],[30.14557,-2.03953],[30.14612,-2.03941],[30.14647,-2.03957],[30.14698,-2.04062],[30.14722,-2.04094],[30.14758,-2.04078],[30.14776,-2.04055],[30.14855,-2.03954],[30.14954,-2.03794],[30.14982,-2.03772],[30.15112,-2.03766],[30.15151,-2.03731],[30.15171,-2.03696],[30.15165,-2.03584],[30.15188,-2.03518],[30.15232,-2.0346],[30.15274,-2.03437],[30.15293,-2.03439],[30.15265,-2.03344],[30.15215,-2.0326],[30.15181,-2.03183],[30.15166,-2.03114],[30.15166,-2.03063],[30.15181,-2.03025],[30.15176,-2.02986],[30.15125,-2.02945],[30.15096,-2.02895],[30.15107,-2.02848],[30.15082,-2.02835],[30.15058,-2.02792],[30.14966,-2.02765],[30.14868,-2.02685],[30.14789,-2.02705],[30.14649,-2.02795],[30.14494,-2.02852],[30.14458,-2.02852],[30.14402,-2.02825],[30.14379,-2.02823],[30.14358,-2.02838],[30.14322,-2.02838],[30.14199,-2.02791],[30.14196,-2.02791],[30.14162,-2.02813],[30.14115,-2.0281],[30.14102,-2.02796],[30.14081,-2.02751],[30.13964,-2.02494],[30.13912,-2.0237],[30.13849,-2.02372],[30.13712,-2.02376],[30.13578,-2.02385],[30.13282,-2.02398],[30.13275,-2.02408],[30.13254,-2.02425],[30.13244,-2.02429],[30.13243,-2.02424],[30.13231,-2.02423],[30.13224,-2.02392],[30.13221,-2.0237],[30.13183,-2.02378],[30.13185,-2.02397],[30.13188,-2.02406],[30.13171,-2.02406],[30.13148,-2.0241],[30.13113,-2.02406],[30.13044,-2.02415],[30.13019,-2.02418],[30.12791,-2.02444],[30.12647,-2.02454],[30.12566,-2.02453],[30.12546,-2.02449],[30.12494,-2.02446],[30.12369,-2.02434],[30.12342,-2.02433],[30.12253,-2.02434],[30.12145,-2.0243],[30.12074,-2.02424],[30.12049,-2.0242],[30.1202,-2.02407],[30.11966,-2.02394],[30.11958,-2.02389],[30.11931,-2.02378],[30.11901,-2.02362],[30.11857,-2.02319],[30.11856,-2.02317],[30.11801,-2.0232],[30.11784,-2.02329],[30.11775,-2.0233],[30.11758,-2.02308],[30.11743,-2.02318],[30.11737,-2.02306],[30.11752,-2.02299],[30.11749,-2.02292],[30.11742,-2.02289],[30.11737,-2.02277],[30.11723,-2.02274],[30.11714,-2.02277],[30.11701,-2.02293],[30.11687,-2.02285],[30.11676,-2.02289],[30.11676,-2.023],[30.11661,-2.02303],[30.11651,-2.02307],[30.11636,-2.023],[30.11647,-2.02281],[30.11621,-2.02274],[30.11602,-2.02266],[30.11599,-2.02273],[30.11591,-2.02282],[30.1158,-2.02277],[30.11554,-2.02269],[30.1155,-2.02266],[30.11549,-2.0226],[30.11518,-2.02263],[30.11504,-2.02268],[30.11487,-2.02279],[30.11479,-2.02287],[30.11474,-2.02296],[30.11473,-2.023],[30.11465,-2.02296],[30.11446,-2.02292],[30.11439,-2.02285],[30.11432,-2.02265],[30.11455,-2.02245],[30.11457,-2.02241],[30.11458,-2.02227],[30.1146,-2.02218],[30.11427,-2.022],[30.11424,-2.02197],[30.11412,-2.02207],[30.11407,-2.02213],[30.11388,-2.02202]]]}},{"type":"Feature","properties":{"d":"Nyarugenge","s":"Nyarugenge","c":"Rwampara"},"geometry":{"type":"Polygon","coordinates":[[[30.06052,-1.96814],[30.06011,-1.96794],[30.05972,-1.96769],[30.05938,-1.96743],[30.05911,-1.96714],[30.05892,-1.96692],[30.05874,-1.96676],[30.05856,-1.9669],[30.05813,-1.96792],[30.05776,-1.96872],[30.05698,-1.97031],[30.05662,-1.97101],[30.05696,-1.97117],[30.05698,-1.97121],[30.05713,-1.97124],[30.05737,-1.97134],[30.05734,-1.97154],[30.05716,-1.9721],[30.05714,-1.97237],[30.05716,-1.97237],[30.05774,-1.97203],[30.05816,-1.97182],[30.05831,-1.9718],[30.05848,-1.97179],[30.05958,-1.97183],[30.05982,-1.97187],[30.05999,-1.97195],[30.06015,-1.97193],[30.06029,-1.97196],[30.06033,-1.97195],[30.06034,-1.97193],[30.06043,-1.97193],[30.06065,-1.97197],[30.06069,-1.97217],[30.0608,-1.97227],[30.06077,-1.97242],[30.06121,-1.97262],[30.06146,-1.97264],[30.06146,-1.97187],[30.06149,-1.97184],[30.0616,-1.97186],[30.06179,-1.97192],[30.06196,-1.97183],[30.06202,-1.97183],[30.06214,-1.97192],[30.06224,-1.97195],[30.06226,-1.97194],[30.06232,-1.97197],[30.06256,-1.97181],[30.06362,-1.97161],[30.06364,-1.97154],[30.06388,-1.9715],[30.06383,-1.97098],[30.06337,-1.97085],[30.06311,-1.9707],[30.06297,-1.97048],[30.06291,-1.97031],[30.06288,-1.97011],[30.06277,-1.97017],[30.06278,-1.96995],[30.06252,-1.96941],[30.06246,-1.9693],[30.06232,-1.96915],[30.06223,-1.96907],[30.06221,-1.96901],[30.06218,-1.96899],[30.06213,-1.96899],[30.06209,-1.96896],[30.06216,-1.96886],[30.06222,-1.96882],[30.06219,-1.96875],[30.06203,-1.96775],[30.06187,-1.96696],[30.06157,-1.96704],[30.06139,-1.96709],[30.06117,-1.96723],[30.06097,-1.96741],[30.0607,-1.96792],[30.06062,-1.96817],[30.06052,-1.96814]]]}},{"type":"Feature","properties":{"d":"Kicukiro","s":"Kigarama","c":"Rwampara"},"geometry":{"type":"Polygon","coordinates":[[[30.07208,-1.96254],[30.07192,-1.96253],[30.07189,-1.96239],[30.07187,-1.96201],[30.07178,-1.96095],[30.07167,-1.96009],[30.07163,-1.95971],[30.07174,-1.95907],[30.07191,-1.95864],[30.07224,-1.95796],[30.07223,-1.95795],[30.07216,-1.95793],[30.07213,-1.9579],[30.07214,-1.95793],[30.07214,-1.95795],[30.07191,-1.95832],[30.07164,-1.95882],[30.07157,-1.95907],[30.07157,-1.95928],[30.07149,-1.95951],[30.07148,-1.95962],[30.07142,-1.95978],[30.07142,-1.9599],[30.07148,-1.96014],[30.07145,-1.96027],[30.07147,-1.96035],[30.07151,-1.96039],[30.07152,-1.96043],[30.07149,-1.96056],[30.07149,-1.96071],[30.07147,-1.96098],[30.07144,-1.96108],[30.07144,-1.96146],[30.07132,-1.96182],[30.07124,-1.96257],[30.07133,-1.96289],[30.07141,-1.96299],[30.07143,-1.96304],[30.07141,-1.96397],[30.07144,-1.96422],[30.07139,-1.96507],[30.07139,-1.96553],[30.07128,-1.96582],[30.071,-1.9663],[30.07077,-1.96675],[30.07002,-1.96805],[30.06965,-1.96864],[30.06929,-1.96915],[30.06926,-1.96917],[30.06922,-1.96916],[30.06921,-1.96918],[30.06914,-1.96923],[30.06917,-1.96925],[30.06883,-1.96948],[30.06812,-1.96975],[30.06718,-1.97056],[30.06747,-1.97076],[30.06799,-1.97129],[30.06817,-1.97142],[30.0682,-1.97145],[30.06824,-1.97153],[30.06851,-1.97178],[30.0685,-1.97183],[30.06865,-1.97158],[30.06891,-1.97121],[30.0692,-1.97086],[30.06933,-1.97075],[30.06973,-1.97044],[30.07015,-1.97024],[30.07039,-1.97008],[30.07064,-1.96995],[30.07079,-1.96984],[30.07091,-1.96979],[30.07142,-1.96951],[30.0716,-1.96943],[30.07217,-1.96926],[30.0726,-1.96914],[30.0728,-1.96905],[30.07307,-1.96889],[30.07329,-1.96873],[30.07376,-1.96831],[30.0739,-1.96814],[30.07427,-1.96773],[30.07453,-1.96794],[30.07459,-1.96807],[30.07463,-1.96829],[30.07477,-1.96864],[30.07489,-1.96883],[30.07507,-1.9691],[30.0755,-1.96975],[30.07562,-1.96997],[30.07621,-1.96989],[30.07698,-1.96987],[30.07751,-1.96988],[30.07749,-1.96931],[30.0773,-1.96837],[30.07726,-1.96825],[30.07695,-1.96723],[30.07683,-1.96687],[30.07663,-1.96599],[30.07648,-1.96577],[30.07639,-1.96567],[30.07628,-1.96555],[30.07619,-1.9654],[30.07606,-1.96523],[30.07585,-1.96506],[30.07571,-1.96496],[30.07562,-1.96495],[30.07557,-1.96474],[30.0753,-1.96394],[30.07517,-1.9635],[30.07502,-1.96314],[30.07499,-1.96316],[30.07497,-1.96312],[30.07463,-1.96331],[30.07419,-1.96334],[30.07386,-1.96332],[30.07347,-1.96277],[30.07335,-1.9628],[30.07332,-1.96283],[30.07328,-1.96277],[30.07316,-1.96285],[30.0731,-1.96287],[30.07309,-1.96285],[30.07295,-1.96288],[30.07295,-1.96291],[30.07291,-1.96292],[30.07283,-1.96273],[30.07279,-1.96274],[30.07276,-1.96266],[30.07262,-1.96272],[30.07273,-1.96301],[30.07241,-1.96315],[30.07208,-1.96254]]]}},{"type":"Feature","properties":{"d":"Nyarugenge","s":"Kigali","c":"Rwesero"},"geometry":{"type":"Polygon","coordinates":[[[30.03145,-1.98871],[30.03144,-1.98863],[30.03114,-1.98851],[30.02961,-1.98843],[30.02894,-1.98878],[30.02847,-1.98866],[30.02816,-1.9885],[30.02565,-1.98855],[30.02305,-1.98885],[30.02185,-1.98871],[30.02054,-1.98903],[30.02036,-1.98907],[30.01996,-1.98928],[30.01891,-1.98982],[30.01759,-1.99085],[30.01587,-1.99172],[30.01523,-1.99184],[30.01521,-1.99198],[30.0145,-1.99266],[30.0141,-1.99308],[30.01361,-1.99424],[30.01304,-1.9953],[30.01269,-1.9957],[30.01227,-1.99649],[30.01226,-1.99648],[30.01199,-1.99694],[30.01146,-1.99784],[30.01137,-1.99783],[30.01137,-1.99788],[30.01017,-1.99862],[30.00936,-1.9995],[30.00745,-2.00081],[30.00577,-2.0017],[30.00388,-2.00232],[30.00388,-2.00306],[30.00346,-2.00357],[30.00313,-2.00405],[30.00308,-2.00429],[30.00318,-2.00442],[30.00343,-2.00471],[30.00412,-2.00494],[30.00467,-2.00504],[30.00526,-2.00527],[30.00532,-2.00547],[30.00545,-2.00566],[30.00522,-2.00613],[30.00452,-2.007],[30.00442,-2.0072],[30.00445,-2.0075],[30.00471,-2.00776],[30.00505,-2.00776],[30.00664,-2.00741],[30.00793,-2.00703],[30.00856,-2.00711],[30.00876,-2.00771],[30.00847,-2.00825],[30.00778,-2.00875],[30.00733,-2.0092],[30.00765,-2.00966],[30.00776,-2.00975],[30.00845,-2.01006],[30.0091,-2.01048],[30.00947,-2.01113],[30.0098,-2.01164],[30.0099,-2.01232],[30.01035,-2.01298],[30.01072,-2.01293],[30.01105,-2.01277],[30.01217,-2.01193],[30.01261,-2.01169],[30.01355,-2.01143],[30.01405,-2.01143],[30.01413,-2.01138],[30.01453,-2.01151],[30.01506,-2.01186],[30.01537,-2.01221],[30.01551,-2.01282],[30.0154,-2.01294],[30.01521,-2.01359],[30.01518,-2.01366],[30.01516,-2.01378],[30.01502,-2.01399],[30.01496,-2.01412],[30.01419,-2.01532],[30.01424,-2.0154],[30.01619,-2.01626],[30.01995,-2.01771],[30.0223,-2.0184],[30.02467,-2.01888],[30.02618,-2.01908],[30.02677,-2.01924],[30.02681,-2.01925],[30.02752,-2.01924],[30.02801,-2.01905],[30.03122,-2.01931],[30.03134,-2.01938],[30.0316,-2.01918],[30.03174,-2.01903],[30.03187,-2.01883],[30.03208,-2.0183],[30.03218,-2.0181],[30.03232,-2.01775],[30.03245,-2.01753],[30.0327,-2.01729],[30.03299,-2.01707],[30.03353,-2.01687],[30.03401,-2.01675],[30.03493,-2.01655],[30.03516,-2.01648],[30.03538,-2.01638],[30.03553,-2.01623],[30.03559,-2.01611],[30.03555,-2.01617],[30.03542,-2.01557],[30.03493,-2.01521],[30.03492,-2.0152],[30.0348,-2.01481],[30.0346,-2.01402],[30.03457,-2.01392],[30.03456,-2.01379],[30.0343,-2.01348],[30.03424,-2.01306],[30.03363,-2.0123],[30.03316,-2.01172],[30.03264,-2.00982],[30.03228,-2.00801],[30.03228,-2.00799],[30.03226,-2.00792],[30.03189,-2.00755],[30.03173,-2.00712],[30.03151,-2.00699],[30.03141,-2.00681],[30.0312,-2.00624],[30.03117,-2.0062],[30.03117,-2.00616],[30.03114,-2.00608],[30.03106,-2.00613],[30.03164,-2.00487],[30.03179,-2.00421],[30.03202,-2.0037],[30.0321,-2.00331],[30.03221,-2.00319],[30.0321,-2.00314],[30.03199,-2.00312],[30.03189,-2.00305],[30.03169,-2.00296],[30.03124,-2.00213],[30.03126,-2.00213],[30.03124,-2.00207],[30.03122,-2.00208],[30.03115,-2.00159],[30.03117,-2.00151],[30.03115,-2.00131],[30.03122,-2.00097],[30.0314,-2.00054],[30.03154,-2.00016],[30.03158,-1.99914],[30.03156,-1.9981],[30.03145,-1.9967],[30.03137,-1.99595],[30.03136,-1.9957],[30.03138,-1.99528],[30.03141,-1.99483],[30.03131,-1.99415],[30.0313,-1.99368],[30.03131,-1.99339],[30.03124,-1.99276],[30.03115,-1.99261],[30.0311,-1.99245],[30.0311,-1.99231],[30.03139,-1.99127],[30.03149,-1.9908],[30.03155,-1.99],[30.03144,-1.98969],[30.03133,-1.98935],[30.03135,-1.98916],[30.03136,-1.98894],[30.03145,-1.98871]]]}},{"type":"Feature","properties":{"d":"Nyarugenge","s":"Rwezamenyo","c":"Rwezamenyo I"},"geometry":{"type":"Polygon","coordinates":[[[30.05662,-1.97101],[30.05698,-1.97031],[30.05776,-1.96872],[30.05813,-1.96792],[30.05856,-1.9669],[30.05861,-1.96672],[30.05881,-1.96611],[30.05836,-1.96597],[30.05806,-1.96584],[30.05788,-1.96574],[30.05783,-1.96566],[30.05764,-1.96545],[30.05753,-1.96504],[30.05741,-1.96479],[30.05733,-1.96469],[30.05716,-1.96457],[30.05701,-1.96451],[30.0568,-1.96443],[30.05646,-1.96431],[30.05603,-1.96407],[30.05594,-1.96427],[30.05593,-1.96433],[30.05587,-1.96441],[30.05567,-1.96473],[30.05559,-1.96493],[30.05558,-1.96496],[30.05557,-1.96512],[30.05534,-1.9655],[30.05513,-1.96588],[30.05512,-1.96594],[30.05509,-1.96597],[30.05495,-1.96653],[30.05489,-1.96657],[30.05459,-1.96679],[30.05449,-1.96703],[30.0545,-1.96706],[30.05453,-1.9672],[30.05448,-1.9674],[30.05435,-1.96771],[30.05434,-1.9678],[30.05437,-1.96797],[30.05426,-1.96829],[30.05426,-1.96846],[30.05425,-1.96856],[30.05421,-1.96866],[30.05413,-1.9688],[30.05411,-1.96888],[30.05407,-1.96894],[30.05402,-1.969],[30.05404,-1.96914],[30.05398,-1.96924],[30.0538,-1.96943],[30.05368,-1.96968],[30.05363,-1.96979],[30.05363,-1.97004],[30.05354,-1.97019],[30.05348,-1.97043],[30.05342,-1.97051],[30.05338,-1.9707],[30.05318,-1.97097],[30.05313,-1.97099],[30.05277,-1.97122],[30.05268,-1.97133],[30.05259,-1.97138],[30.05258,-1.9714],[30.05258,-1.97157],[30.05233,-1.97178],[30.05229,-1.97188],[30.0523,-1.9719],[30.05231,-1.97191],[30.05235,-1.97193],[30.05241,-1.97211],[30.05248,-1.97215],[30.05249,-1.97215],[30.05256,-1.97211],[30.05281,-1.97205],[30.05345,-1.97199],[30.05356,-1.9719],[30.05367,-1.97177],[30.05379,-1.97169],[30.054,-1.97162],[30.05422,-1.97151],[30.05437,-1.97175],[30.05462,-1.97187],[30.05481,-1.97198],[30.05456,-1.97222],[30.05416,-1.97258],[30.05395,-1.97284],[30.05393,-1.97286],[30.05439,-1.9732],[30.05478,-1.97353],[30.05519,-1.97296],[30.05573,-1.97229],[30.05662,-1.97101]]]}},{"type":"Feature","properties":{"d":"Nyarugenge","s":"Rwezamenyo","c":"Rwezamenyo Ii"},"geometry":{"type":"Polygon","coordinates":[[[30.05481,-1.97198],[30.05462,-1.97187],[30.05437,-1.97175],[30.05422,-1.97151],[30.054,-1.97162],[30.05379,-1.97169],[30.05367,-1.97177],[30.05356,-1.9719],[30.05345,-1.97199],[30.05281,-1.97205],[30.05256,-1.97211],[30.05249,-1.97215],[30.05248,-1.97215],[30.05241,-1.97211],[30.05235,-1.97193],[30.05231,-1.97191],[30.05213,-1.97211],[30.05203,-1.97232],[30.05199,-1.97249],[30.05186,-1.97283],[30.05165,-1.97324],[30.05142,-1.97348],[30.05121,-1.97381],[30.05106,-1.97397],[30.05096,-1.97407],[30.05093,-1.97417],[30.05074,-1.97434],[30.05056,-1.97461],[30.0505,-1.97464],[30.05047,-1.97469],[30.05052,-1.97498],[30.05074,-1.97496],[30.05068,-1.97503],[30.05037,-1.97519],[30.05003,-1.97541],[30.04955,-1.97555],[30.04888,-1.97573],[30.04827,-1.97596],[30.04801,-1.976],[30.04679,-1.97632],[30.04743,-1.97801],[30.04758,-1.97836],[30.0486,-1.97804],[30.0489,-1.97796],[30.05014,-1.97758],[30.05083,-1.97736],[30.05163,-1.97711],[30.05202,-1.97695],[30.05259,-1.97648],[30.05265,-1.9764],[30.05317,-1.97573],[30.05374,-1.97499],[30.05429,-1.97424],[30.05478,-1.97353],[30.05439,-1.9732],[30.05393,-1.97286],[30.05395,-1.97284],[30.05416,-1.97258],[30.05456,-1.97222],[30.05481,-1.97198]]]}},{"type":"Feature","properties":{"d":"Kicukiro","s":"Nyarugunga","c":"Rwimbogo"},"geometry":{"type":"Polygon","coordinates":[[[30.13941,-1.95276],[30.1393,-1.95275],[30.1391,-1.95285],[30.13872,-1.95284],[30.13839,-1.95294],[30.13837,-1.95293],[30.13821,-1.95303],[30.13746,-1.95335],[30.13737,-1.9534],[30.13703,-1.95366],[30.13675,-1.95382],[30.13658,-1.95394],[30.13602,-1.95421],[30.13591,-1.95429],[30.13546,-1.95455],[30.1344,-1.95509],[30.13425,-1.95516],[30.13381,-1.95531],[30.13333,-1.95558],[30.13324,-1.95564],[30.13272,-1.95596],[30.13262,-1.95602],[30.13254,-1.95607],[30.132,-1.95641],[30.13152,-1.9567],[30.13105,-1.95706],[30.13082,-1.95727],[30.12976,-1.95798],[30.12933,-1.95832],[30.12903,-1.95859],[30.12853,-1.95901],[30.12837,-1.95914],[30.12797,-1.95957],[30.12728,-1.96019],[30.12709,-1.9603],[30.12649,-1.96056],[30.12625,-1.9607],[30.12582,-1.96116],[30.12578,-1.96116],[30.1256,-1.96104],[30.12548,-1.96092],[30.12537,-1.96074],[30.12535,-1.96077],[30.12526,-1.96083],[30.12524,-1.96093],[30.12514,-1.96102],[30.12506,-1.96115],[30.12501,-1.96119],[30.12499,-1.96116],[30.12482,-1.96132],[30.12472,-1.96134],[30.12464,-1.96143],[30.12441,-1.9615],[30.12434,-1.96157],[30.12425,-1.96162],[30.12414,-1.96176],[30.1241,-1.96172],[30.12407,-1.96171],[30.12393,-1.96182],[30.12396,-1.96187],[30.12385,-1.96204],[30.12374,-1.96228],[30.12481,-1.96266],[30.12515,-1.96276],[30.1255,-1.96294],[30.12703,-1.96354],[30.12764,-1.96366],[30.12769,-1.9638],[30.12766,-1.96428],[30.12764,-1.96431],[30.12761,-1.96433],[30.12679,-1.96417],[30.12658,-1.96414],[30.12596,-1.96402],[30.1258,-1.964],[30.12556,-1.96394],[30.12494,-1.96383],[30.12337,-1.96357],[30.1233,-1.96354],[30.12312,-1.96351],[30.12287,-1.96345],[30.12237,-1.96337],[30.12223,-1.96332],[30.12213,-1.96326],[30.12204,-1.96326],[30.12183,-1.9632],[30.12174,-1.9632],[30.12152,-1.96331],[30.12145,-1.96337],[30.12136,-1.96339],[30.12133,-1.96338],[30.12131,-1.96332],[30.12127,-1.96326],[30.1212,-1.96309],[30.1206,-1.9634],[30.12052,-1.96342],[30.12041,-1.96335],[30.12023,-1.96365],[30.12011,-1.9639],[30.12002,-1.9641],[30.11992,-1.9644],[30.11989,-1.96467],[30.1199,-1.96491],[30.12005,-1.96562],[30.12023,-1.96624],[30.12035,-1.96661],[30.12052,-1.967],[30.12071,-1.96739],[30.12085,-1.96766],[30.12106,-1.96764],[30.12114,-1.96767],[30.12206,-1.96784],[30.1224,-1.96791],[30.12286,-1.96797],[30.12362,-1.96812],[30.12528,-1.9684],[30.13025,-1.96927],[30.13028,-1.96929],[30.13029,-1.96932],[30.13188,-1.96961],[30.13183,-1.97002],[30.13186,-1.97004],[30.13198,-1.96994],[30.13221,-1.96986],[30.13451,-1.97015],[30.13529,-1.97034],[30.13576,-1.97041],[30.13602,-1.97055],[30.13639,-1.97086],[30.13658,-1.97098],[30.13721,-1.97118],[30.13725,-1.9712],[30.13727,-1.9712],[30.13761,-1.97131],[30.13817,-1.97112],[30.13863,-1.97116],[30.13911,-1.97125],[30.13952,-1.97133],[30.14013,-1.97136],[30.14266,-1.9717],[30.14293,-1.97034],[30.14317,-1.96852],[30.14332,-1.96789],[30.14336,-1.96782],[30.14336,-1.96772],[30.14355,-1.96695],[30.14294,-1.96683],[30.14294,-1.96677],[30.14299,-1.96656],[30.14291,-1.96638],[30.14291,-1.96636],[30.14295,-1.96629],[30.14296,-1.96623],[30.14315,-1.96571],[30.14326,-1.96565],[30.14328,-1.96552],[30.14325,-1.96545],[30.14342,-1.96499],[30.14345,-1.96497],[30.1435,-1.96483],[30.14352,-1.96481],[30.14355,-1.9647],[30.14369,-1.96446],[30.14373,-1.96445],[30.14375,-1.96436],[30.14378,-1.96431],[30.14381,-1.96419],[30.14382,-1.96392],[30.14381,-1.96392],[30.1438,-1.96379],[30.14353,-1.9631],[30.14331,-1.96254],[30.14335,-1.96171],[30.14354,-1.96142],[30.14404,-1.96085],[30.14422,-1.961],[30.14425,-1.96088],[30.14436,-1.96061],[30.14452,-1.96029],[30.14485,-1.95971],[30.14497,-1.95946],[30.14504,-1.95919],[30.14543,-1.95868],[30.14623,-1.95742],[30.14639,-1.95673],[30.14641,-1.95663],[30.14647,-1.95649],[30.14661,-1.95608],[30.14664,-1.95579],[30.14685,-1.95528],[30.14689,-1.95515],[30.14684,-1.95514],[30.14676,-1.95516],[30.14532,-1.95472],[30.14506,-1.95467],[30.14449,-1.95448],[30.14371,-1.95418],[30.14317,-1.95406],[30.14306,-1.95406],[30.14294,-1.95405],[30.14238,-1.95389],[30.14228,-1.95388],[30.14179,-1.95373],[30.14148,-1.95375],[30.14119,-1.95365],[30.14102,-1.95356],[30.1409,-1.95332],[30.14077,-1.9532],[30.14064,-1.95312],[30.1405,-1.95306],[30.14012,-1.95293],[30.13941,-1.95276]]]}},{"type":"Feature","properties":{"d":"Gasabo","s":"Nduba","c":"Sha"},"geometry":{"type":"Polygon","coordinates":[[[30.11035,-1.81901],[30.10995,-1.81859],[30.10908,-1.81759],[30.10808,-1.81654],[30.10741,-1.81604],[30.10673,-1.81572],[30.10575,-1.8153],[30.10527,-1.81507],[30.1033,-1.81415],[30.1025,-1.81379],[30.1018,-1.81358],[30.101,-1.81314],[30.10025,-1.81282],[30.09969,-1.81273],[30.09933,-1.81288],[30.09926,-1.81296],[30.09908,-1.81302],[30.09882,-1.81316],[30.0988,-1.81318],[30.09891,-1.81363],[30.09887,-1.81375],[30.09883,-1.81389],[30.09878,-1.81479],[30.09875,-1.81497],[30.09869,-1.81513],[30.09863,-1.8154],[30.09857,-1.81552],[30.09856,-1.81558],[30.09848,-1.8157],[30.0984,-1.81596],[30.09833,-1.81611],[30.09835,-1.81617],[30.09832,-1.81624],[30.09828,-1.81633],[30.09788,-1.81682],[30.09769,-1.81723],[30.09769,-1.81727],[30.0977,-1.81737],[30.09768,-1.81747],[30.0973,-1.81803],[30.09729,-1.81807],[30.0973,-1.81827],[30.09725,-1.81836],[30.09716,-1.81845],[30.09676,-1.81877],[30.09671,-1.81885],[30.09666,-1.81891],[30.0966,-1.81896],[30.09653,-1.81899],[30.09631,-1.81904],[30.09613,-1.8191],[30.09597,-1.81913],[30.09551,-1.81908],[30.09545,-1.81909],[30.09544,-1.81913],[30.09544,-1.81928],[30.09541,-1.81934],[30.09525,-1.81953],[30.09504,-1.81972],[30.09497,-1.81983],[30.09482,-1.82015],[30.09483,-1.82023],[30.09491,-1.8204],[30.09489,-1.82047],[30.09481,-1.82052],[30.09474,-1.82058],[30.09466,-1.82061],[30.09451,-1.82057],[30.09417,-1.82063],[30.09396,-1.82062],[30.09364,-1.82069],[30.09336,-1.82072],[30.09327,-1.82076],[30.09318,-1.82086],[30.09279,-1.82113],[30.09245,-1.82133],[30.0924,-1.82135],[30.09223,-1.82136],[30.09186,-1.82123],[30.09179,-1.82136],[30.09171,-1.82135],[30.09173,-1.82129],[30.09156,-1.82126],[30.09148,-1.82126],[30.09139,-1.8213],[30.09134,-1.82135],[30.09128,-1.82135],[30.0912,-1.82141],[30.0911,-1.82145],[30.09078,-1.8215],[30.09071,-1.82153],[30.09062,-1.82154],[30.09059,-1.82152],[30.09044,-1.82153],[30.09016,-1.82165],[30.09003,-1.82171],[30.08995,-1.82173],[30.08951,-1.8219],[30.08922,-1.82218],[30.08868,-1.8225],[30.08852,-1.82253],[30.08831,-1.82264],[30.08819,-1.82274],[30.08798,-1.82299],[30.08781,-1.82306],[30.08758,-1.82313],[30.08743,-1.82323],[30.08739,-1.82328],[30.08734,-1.82341],[30.08724,-1.82353],[30.08707,-1.82358],[30.08688,-1.82356],[30.08656,-1.82358],[30.0865,-1.82361],[30.08639,-1.82371],[30.08625,-1.82377],[30.08618,-1.82389],[30.08611,-1.82394],[30.08603,-1.82407],[30.08591,-1.8242],[30.0859,-1.82424],[30.08585,-1.8243],[30.08573,-1.82436],[30.0855,-1.82441],[30.08539,-1.82439],[30.08527,-1.82441],[30.08518,-1.82444],[30.08506,-1.82451],[30.0848,-1.82454],[30.08459,-1.82459],[30.08415,-1.82475],[30.08409,-1.82476],[30.08397,-1.82483],[30.0838,-1.82508],[30.08367,-1.82507],[30.08284,-1.82544],[30.08223,-1.82564],[30.08179,-1.82593],[30.08138,-1.82599],[30.0813,-1.82602],[30.08089,-1.82612],[30.08067,-1.82621],[30.08054,-1.82628],[30.08031,-1.82645],[30.08027,-1.82646],[30.08023,-1.82644],[30.08021,-1.82646],[30.0796,-1.82716],[30.07908,-1.82749],[30.07903,-1.82778],[30.0791,-1.82826],[30.07904,-1.82912],[30.07924,-1.83016],[30.07937,-1.8305],[30.07924,-1.8312],[30.07923,-1.83171],[30.07925,-1.83186],[30.07932,-1.83203],[30.0794,-1.83212],[30.07963,-1.83234],[30.07978,-1.83251],[30.07996,-1.83266],[30.08023,-1.83349],[30.08024,-1.83376],[30.08027,-1.83388],[30.08042,-1.83417],[30.08034,-1.83421],[30.08071,-1.83467],[30.08087,-1.83485],[30.08111,-1.83496],[30.08129,-1.83499],[30.08154,-1.83497],[30.0817,-1.8351],[30.08183,-1.83526],[30.08191,-1.83542],[30.08192,-1.83578],[30.08197,-1.836],[30.0821,-1.83627],[30.0824,-1.83677],[30.08243,-1.83687],[30.08246,-1.83715],[30.08254,-1.83729],[30.0826,-1.83733],[30.08265,-1.83734],[30.08276,-1.83734],[30.08293,-1.83731],[30.08307,-1.83731],[30.08332,-1.83735],[30.08341,-1.83738],[30.0835,-1.83743],[30.08354,-1.8375],[30.08356,-1.83757],[30.08357,-1.83771],[30.08356,-1.83786],[30.08359,-1.838],[30.08362,-1.83805],[30.08376,-1.83819],[30.08389,-1.83837],[30.08384,-1.83869],[30.08385,-1.8388],[30.08391,-1.83888],[30.08396,-1.83895],[30.08401,-1.83899],[30.08407,-1.839],[30.08443,-1.83878],[30.08447,-1.83878],[30.08457,-1.83889],[30.08495,-1.83952],[30.08499,-1.8395],[30.08535,-1.83955],[30.08544,-1.83981],[30.08534,-1.83997],[30.08499,-1.84008],[30.08494,-1.84022],[30.08507,-1.84056],[30.08553,-1.84062],[30.08611,-1.84096],[30.08614,-1.84122],[30.08605,-1.84154],[30.08663,-1.84216],[30.08692,-1.84232],[30.08718,-1.84227],[30.08738,-1.84199],[30.08769,-1.84198],[30.08802,-1.84203],[30.08822,-1.8423],[30.08844,-1.84243],[30.08913,-1.84224],[30.08956,-1.8424],[30.08966,-1.84231],[30.08976,-1.84165],[30.09049,-1.84151],[30.0908,-1.84164],[30.0909,-1.8422],[30.09119,-1.84188],[30.09166,-1.84166],[30.09177,-1.84166],[30.09187,-1.84179],[30.09179,-1.84212],[30.09184,-1.84228],[30.09213,-1.84211],[30.09222,-1.84193],[30.09255,-1.84181],[30.09263,-1.84182],[30.09264,-1.84191],[30.09255,-1.84229],[30.09261,-1.84244],[30.09272,-1.84248],[30.09341,-1.84259],[30.09365,-1.84218],[30.09376,-1.84218],[30.09391,-1.84225],[30.09397,-1.84266],[30.09426,-1.84305],[30.09429,-1.84331],[30.09444,-1.84314],[30.09448,-1.84313],[30.0947,-1.84301],[30.09487,-1.84288],[30.0951,-1.84276],[30.09514,-1.84276],[30.09517,-1.84279],[30.09516,-1.84267],[30.09518,-1.84265],[30.09595,-1.84196],[30.09613,-1.84168],[30.09647,-1.84126],[30.09655,-1.84107],[30.09664,-1.84097],[30.09652,-1.84063],[30.0967,-1.84042],[30.0968,-1.84028],[30.09688,-1.84011],[30.09704,-1.83973],[30.09714,-1.83957],[30.09739,-1.83928],[30.09757,-1.83915],[30.09775,-1.83881],[30.09774,-1.8388],[30.09777,-1.83873],[30.09789,-1.8386],[30.09797,-1.83843],[30.098,-1.83838],[30.09819,-1.83823],[30.0982,-1.83824],[30.09833,-1.83818],[30.09858,-1.83812],[30.09848,-1.83799],[30.09864,-1.83784],[30.09868,-1.83778],[30.09873,-1.83777],[30.09879,-1.83767],[30.09896,-1.83751],[30.09918,-1.83721],[30.0992,-1.83723],[30.09934,-1.83693],[30.09948,-1.83671],[30.09956,-1.8365],[30.09976,-1.83632],[30.09998,-1.83618],[30.10027,-1.83591],[30.10059,-1.8354],[30.101,-1.83478],[30.10118,-1.83454],[30.10143,-1.83413],[30.10205,-1.83332],[30.10229,-1.83289],[30.10232,-1.83281],[30.10235,-1.83256],[30.10237,-1.83201],[30.10239,-1.83194],[30.1025,-1.8317],[30.10256,-1.8313],[30.10269,-1.83108],[30.10267,-1.83103],[30.10268,-1.83098],[30.10278,-1.83075],[30.10315,-1.83032],[30.10321,-1.83026],[30.10339,-1.83015],[30.1036,-1.83006],[30.10377,-1.82997],[30.10409,-1.82974],[30.10435,-1.82959],[30.10461,-1.83007],[30.10467,-1.83003],[30.10514,-1.8298],[30.10544,-1.8296],[30.10568,-1.82956],[30.10611,-1.8294],[30.10618,-1.82944],[30.10624,-1.82945],[30.10626,-1.82944],[30.10634,-1.82944],[30.1065,-1.82939],[30.10662,-1.82937],[30.10671,-1.82961],[30.107,-1.83008],[30.10717,-1.83031],[30.10727,-1.83024],[30.10729,-1.83026],[30.10736,-1.8304],[30.10741,-1.83006],[30.10748,-1.82982],[30.1076,-1.82955],[30.10761,-1.82945],[30.1076,-1.82938],[30.10764,-1.82929],[30.10772,-1.8292],[30.10778,-1.82916],[30.10791,-1.8291],[30.10794,-1.8291],[30.10807,-1.82903],[30.10821,-1.8289],[30.10827,-1.82882],[30.10831,-1.82874],[30.10825,-1.82862],[30.10819,-1.82844],[30.10819,-1.82809],[30.10829,-1.82763],[30.10828,-1.82737],[30.10845,-1.82698],[30.10851,-1.8268],[30.10855,-1.82659],[30.10859,-1.82646],[30.10859,-1.82639],[30.10862,-1.82626],[30.10864,-1.82597],[30.10863,-1.82584],[30.10863,-1.82568],[30.10867,-1.82556],[30.10868,-1.82544],[30.10864,-1.82476],[30.10866,-1.82449],[30.1087,-1.82424],[30.1087,-1.82408],[30.10872,-1.82395],[30.10879,-1.82375],[30.10883,-1.82369],[30.1089,-1.82348],[30.10893,-1.82331],[30.10905,-1.82282],[30.10906,-1.82273],[30.10914,-1.82262],[30.10913,-1.82258],[30.10954,-1.82206],[30.10959,-1.82183],[30.10956,-1.8218],[30.11063,-1.82074],[30.11117,-1.81957],[30.11107,-1.81953],[30.11081,-1.81937],[30.11035,-1.81901]]]}},{"type":"Feature","properties":{"d":"Gasabo","s":"Nduba","c":"Shango"},"geometry":{"type":"Polygon","coordinates":[[[30.1311,-1.80874],[30.13105,-1.80867],[30.13067,-1.80852],[30.13052,-1.80848],[30.13031,-1.80852],[30.12897,-1.80886],[30.12868,-1.8089],[30.12852,-1.80889],[30.12806,-1.80878],[30.12803,-1.80898],[30.12782,-1.80931],[30.12659,-1.81024],[30.12636,-1.81052],[30.12659,-1.81048],[30.12595,-1.81109],[30.12549,-1.81138],[30.12437,-1.81183],[30.12408,-1.81202],[30.12379,-1.81211],[30.12338,-1.8122],[30.12307,-1.81237],[30.12299,-1.81246],[30.12293,-1.81258],[30.12284,-1.8133],[30.1228,-1.8134],[30.12272,-1.81355],[30.1225,-1.81375],[30.12231,-1.81398],[30.12211,-1.81418],[30.12194,-1.8143],[30.12166,-1.81443],[30.12127,-1.81469],[30.12117,-1.8148],[30.12109,-1.81493],[30.1209,-1.8153],[30.12073,-1.8156],[30.1204,-1.81599],[30.12034,-1.81609],[30.12013,-1.81673],[30.1201,-1.81676],[30.12006,-1.81676],[30.12001,-1.81693],[30.11942,-1.8184],[30.11882,-1.81909],[30.11936,-1.81966],[30.12092,-1.82137],[30.12117,-1.82151],[30.12131,-1.82191],[30.12285,-1.82502],[30.12308,-1.82568],[30.12309,-1.82571],[30.12302,-1.82625],[30.12287,-1.82661],[30.12243,-1.82707],[30.1228,-1.82934],[30.12282,-1.82989],[30.12296,-1.83008],[30.12304,-1.83068],[30.12316,-1.83087],[30.12414,-1.83171],[30.12443,-1.83203],[30.12471,-1.83368],[30.12506,-1.83463],[30.12528,-1.83551],[30.12538,-1.83568],[30.12574,-1.83595],[30.12614,-1.83655],[30.12627,-1.83774],[30.12631,-1.83809],[30.12653,-1.83891],[30.12723,-1.84026],[30.12727,-1.84199],[30.12727,-1.84211],[30.12682,-1.84324],[30.12608,-1.84446],[30.12579,-1.84559],[30.12563,-1.84621],[30.12573,-1.84673],[30.12598,-1.84703],[30.12631,-1.84734],[30.12664,-1.8475],[30.12726,-1.84823],[30.12731,-1.84833],[30.12738,-1.84841],[30.12763,-1.84866],[30.12805,-1.84903],[30.12809,-1.8491],[30.12814,-1.8493],[30.12826,-1.84931],[30.12826,-1.84937],[30.12833,-1.84959],[30.12841,-1.8496],[30.12876,-1.84971],[30.12897,-1.84975],[30.12941,-1.8499],[30.12948,-1.8498],[30.12965,-1.84991],[30.12961,-1.84996],[30.12977,-1.85003],[30.12977,-1.85007],[30.12991,-1.85022],[30.12993,-1.8502],[30.12995,-1.85019],[30.13002,-1.85023],[30.13009,-1.85019],[30.13013,-1.85019],[30.13022,-1.85045],[30.13031,-1.85087],[30.13037,-1.851],[30.13043,-1.85126],[30.13051,-1.8515],[30.13062,-1.85171],[30.13087,-1.85208],[30.13108,-1.85251],[30.1313,-1.85285],[30.13154,-1.85319],[30.13164,-1.85331],[30.13182,-1.85359],[30.1319,-1.85378],[30.13223,-1.85427],[30.13251,-1.85431],[30.13295,-1.85455],[30.13371,-1.85478],[30.13395,-1.85483],[30.13441,-1.85501],[30.1348,-1.85512],[30.13476,-1.85521],[30.13503,-1.8553],[30.13526,-1.85552],[30.13571,-1.85547],[30.13606,-1.85548],[30.13636,-1.85559],[30.13655,-1.85563],[30.13813,-1.85566],[30.13948,-1.85586],[30.13994,-1.85582],[30.13998,-1.85582],[30.13983,-1.8549],[30.13984,-1.85474],[30.13977,-1.85459],[30.1397,-1.8542],[30.13999,-1.85358],[30.1401,-1.85281],[30.1401,-1.85271],[30.14003,-1.85243],[30.14003,-1.85227],[30.14006,-1.85219],[30.14016,-1.85205],[30.14024,-1.85188],[30.14037,-1.85151],[30.14047,-1.85126],[30.14053,-1.85091],[30.14054,-1.85052],[30.14053,-1.85044],[30.14041,-1.85004],[30.14028,-1.84981],[30.14021,-1.84963],[30.14018,-1.84946],[30.14012,-1.84934],[30.14011,-1.84919],[30.14006,-1.84908],[30.13994,-1.84862],[30.13987,-1.84843],[30.13985,-1.84829],[30.13977,-1.84805],[30.13972,-1.84771],[30.13973,-1.84751],[30.13964,-1.84717],[30.13961,-1.84699],[30.13956,-1.84691],[30.13956,-1.84682],[30.13949,-1.84628],[30.13953,-1.84593],[30.1397,-1.8456],[30.13976,-1.84532],[30.13974,-1.84525],[30.13985,-1.84488],[30.13993,-1.84472],[30.13993,-1.84468],[30.14001,-1.84435],[30.1401,-1.84421],[30.14034,-1.84352],[30.14043,-1.84303],[30.14051,-1.84241],[30.14053,-1.84198],[30.14055,-1.84198],[30.14054,-1.84193],[30.14057,-1.84178],[30.14051,-1.84037],[30.14035,-1.83961],[30.14018,-1.83928],[30.14019,-1.83888],[30.14054,-1.83691],[30.14083,-1.83598],[30.14082,-1.83565],[30.14062,-1.83541],[30.14051,-1.83484],[30.14026,-1.83435],[30.1399,-1.83385],[30.1398,-1.83346],[30.13997,-1.83172],[30.14012,-1.83116],[30.14028,-1.83031],[30.14101,-1.82873],[30.14105,-1.82858],[30.14108,-1.8286],[30.14138,-1.82812],[30.14163,-1.82821],[30.14176,-1.82799],[30.14201,-1.82767],[30.14176,-1.82753],[30.14239,-1.82659],[30.14244,-1.82648],[30.14255,-1.82634],[30.14266,-1.82623],[30.14266,-1.82619],[30.14263,-1.82616],[30.14279,-1.82597],[30.14319,-1.82532],[30.14358,-1.82477],[30.14393,-1.82432],[30.14433,-1.82367],[30.14447,-1.82316],[30.1448,-1.82174],[30.14491,-1.82127],[30.14501,-1.82096],[30.14338,-1.81908],[30.14162,-1.81734],[30.14115,-1.81679],[30.14058,-1.81594],[30.14037,-1.81549],[30.14003,-1.81477],[30.13973,-1.81439],[30.13781,-1.81225],[30.13746,-1.81212],[30.13772,-1.81191],[30.13787,-1.81165],[30.13721,-1.81115],[30.13632,-1.81081],[30.13585,-1.81066],[30.13392,-1.80984],[30.13365,-1.80968],[30.13328,-1.80928],[30.1331,-1.80916],[30.13288,-1.80913],[30.13201,-1.80891],[30.1311,-1.80874]]]}},{"type":"Feature","properties":{"d":"Nyarugenge","s":"Kanyinya","c":"Taba"},"geometry":{"type":"Polygon","coordinates":[[[29.98943,-1.86677],[29.98908,-1.86701],[29.98904,-1.86703],[29.98897,-1.86703],[29.98892,-1.86708],[29.98781,-1.86751],[29.98775,-1.86746],[29.98773,-1.86739],[29.98767,-1.86738],[29.98738,-1.86748],[29.98735,-1.86757],[29.98731,-1.8676],[29.98724,-1.86762],[29.98711,-1.86761],[29.98701,-1.86769],[29.98686,-1.86771],[29.98673,-1.86775],[29.98668,-1.86781],[29.98663,-1.86784],[29.98649,-1.86784],[29.9862,-1.86782],[29.98607,-1.86787],[29.986,-1.86793],[29.98591,-1.86795],[29.98582,-1.86794],[29.98556,-1.86797],[29.9854,-1.86799],[29.98523,-1.86804],[29.98496,-1.86805],[29.98463,-1.86813],[29.98462,-1.86832],[29.98465,-1.86835],[29.98468,-1.86849],[29.98382,-1.86969],[29.9834,-1.86957],[29.98294,-1.86961],[29.98221,-1.86999],[29.98219,-1.87009],[29.98194,-1.87013],[29.98194,-1.87016],[29.98187,-1.87015],[29.98178,-1.87025],[29.98176,-1.87022],[29.98132,-1.87051],[29.98131,-1.8705],[29.98125,-1.87051],[29.98126,-1.87055],[29.9812,-1.87059],[29.98121,-1.87081],[29.98095,-1.87096],[29.98077,-1.87104],[29.98058,-1.87109],[29.98012,-1.87126],[29.97999,-1.87136],[29.9801,-1.87148],[29.9802,-1.87164],[29.98031,-1.87179],[29.98012,-1.87194],[29.98009,-1.87262],[29.98032,-1.87301],[29.98022,-1.87402],[29.97956,-1.87466],[29.97903,-1.87456],[29.97913,-1.87529],[29.97952,-1.87578],[29.97943,-1.87638],[29.97891,-1.87707],[29.97852,-1.87713],[29.97838,-1.87731],[29.97874,-1.87756],[29.9789,-1.87809],[29.97837,-1.87881],[29.97793,-1.87896],[29.97849,-1.8794],[29.97852,-1.87973],[29.97819,-1.88026],[29.97813,-1.88073],[29.97752,-1.88104],[29.97771,-1.88182],[29.97838,-1.88269],[29.97873,-1.88289],[29.97922,-1.88344],[29.97914,-1.88361],[29.97923,-1.88454],[29.9794,-1.88503],[29.97925,-1.88496],[29.97948,-1.88525],[29.97978,-1.88614],[29.98037,-1.88675],[29.97932,-1.88724],[29.97953,-1.88795],[29.97981,-1.88889],[29.97978,-1.88891],[29.97966,-1.88913],[29.97964,-1.88924],[29.97964,-1.88934],[29.97957,-1.88948],[29.97948,-1.88961],[29.97912,-1.88985],[29.97896,-1.88999],[29.97852,-1.89034],[29.97845,-1.89037],[29.97822,-1.89043],[29.978,-1.89053],[29.97797,-1.89056],[29.97796,-1.89062],[29.97798,-1.89073],[29.97803,-1.8908],[29.97823,-1.89094],[29.97842,-1.89105],[29.97856,-1.89108],[29.9788,-1.89103],[29.97893,-1.89094],[29.97906,-1.89083],[29.97916,-1.89079],[29.9792,-1.89079],[29.9793,-1.8909],[29.9795,-1.89115],[29.97982,-1.89159],[29.97995,-1.89173],[29.98014,-1.89186],[29.98028,-1.89184],[29.98037,-1.89181],[29.98047,-1.89171],[29.98051,-1.89157],[29.98056,-1.89147],[29.98077,-1.89135],[29.98143,-1.89204],[29.98209,-1.89298],[29.98256,-1.89365],[29.9829,-1.89408],[29.98358,-1.8951],[29.98426,-1.89581],[29.98508,-1.89604],[29.98509,-1.89613],[29.98514,-1.89627],[29.98537,-1.8965],[29.98541,-1.89652],[29.98547,-1.89652],[29.98559,-1.89663],[29.9857,-1.89665],[29.98576,-1.89666],[29.98582,-1.89662],[29.98597,-1.89666],[29.98615,-1.89637],[29.98613,-1.89696],[29.98622,-1.89715],[29.98612,-1.89751],[29.987,-1.89806],[29.98732,-1.89875],[29.98837,-1.90031],[29.98844,-1.90045],[29.98855,-1.90052],[29.98867,-1.90056],[29.98873,-1.90063],[29.98873,-1.90067],[29.98869,-1.90074],[29.98865,-1.90088],[29.98864,-1.901],[29.98868,-1.90112],[29.98849,-1.90158],[29.98885,-1.90187],[29.98933,-1.90193],[29.98919,-1.90202],[29.98929,-1.90239],[29.98979,-1.90236],[29.99002,-1.90223],[29.99008,-1.90234],[29.99021,-1.90233],[29.99037,-1.90262],[29.99041,-1.90273],[29.99063,-1.90319],[29.99083,-1.90381],[29.99081,-1.90418],[29.99059,-1.90434],[29.99061,-1.90452],[29.99082,-1.90479],[29.99091,-1.90497],[29.99098,-1.90514],[29.99101,-1.90518],[29.99102,-1.90517],[29.99192,-1.90685],[29.99164,-1.90712],[29.99247,-1.90734],[29.99247,-1.90734],[29.9925,-1.90735],[29.99235,-1.9076],[29.9922,-1.90796],[29.99206,-1.90859],[29.99194,-1.90878],[29.99197,-1.90889],[29.99233,-1.90877],[29.99269,-1.90921],[29.99267,-1.9097],[29.99287,-1.90993],[29.99424,-1.91024],[29.9947,-1.91065],[29.99495,-1.91072],[29.99514,-1.91062],[29.99549,-1.91099],[29.99553,-1.91115],[29.99578,-1.91145],[29.99597,-1.91192],[29.99673,-1.91225],[29.9968,-1.91218],[29.99724,-1.91271],[29.99754,-1.91283],[29.99777,-1.91248],[29.99834,-1.91239],[29.9987,-1.91205],[29.99901,-1.91175],[29.99905,-1.91144],[29.99952,-1.91086],[30.00037,-1.91085],[30.00089,-1.91025],[30.001,-1.91038],[30.00115,-1.9102],[30.00118,-1.91013],[30.00127,-1.91004],[30.00134,-1.90991],[30.00134,-1.90985],[30.00231,-1.90898],[30.00232,-1.90889],[30.00361,-1.90777],[30.00362,-1.90774],[30.00364,-1.90775],[30.00413,-1.90732],[30.00499,-1.90611],[30.00494,-1.9061],[30.00462,-1.90612],[30.00453,-1.90609],[30.00445,-1.90602],[30.00438,-1.90583],[30.00435,-1.90581],[30.00429,-1.90579],[30.00418,-1.90579],[30.00406,-1.90572],[30.00405,-1.90564],[30.00412,-1.90532],[30.00412,-1.905],[30.00406,-1.90496],[30.00397,-1.90495],[30.0039,-1.90487],[30.00382,-1.90473],[30.00382,-1.90449],[30.00385,-1.90444],[30.00389,-1.90434],[30.00394,-1.90429],[30.00394,-1.9042],[30.00394,-1.90414],[30.00385,-1.90404],[30.00376,-1.904],[30.00364,-1.90398],[30.00315,-1.90395],[30.00306,-1.90393],[30.00297,-1.90387],[30.00296,-1.90382],[30.00302,-1.90374],[30.00329,-1.90366],[30.00329,-1.90356],[30.00323,-1.90344],[30.00317,-1.90339],[30.00307,-1.90339],[30.00301,-1.90358],[30.00291,-1.90358],[30.00282,-1.90347],[30.00282,-1.90345],[30.0028,-1.90342],[30.00282,-1.90335],[30.00282,-1.90327],[30.00284,-1.90318],[30.00279,-1.90316],[30.00273,-1.90317],[30.00268,-1.90326],[30.0026,-1.90332],[30.00256,-1.9033],[30.0025,-1.90332],[30.00247,-1.90328],[30.00242,-1.90315],[30.00247,-1.90305],[30.0025,-1.903],[30.00252,-1.90292],[30.00252,-1.90285],[30.00228,-1.90271],[30.00191,-1.90258],[30.00188,-1.90254],[30.00182,-1.90251],[30.00181,-1.90239],[30.00192,-1.90235],[30.00206,-1.90225],[30.00204,-1.90212],[30.00203,-1.90211],[30.00179,-1.90208],[30.00166,-1.902],[30.00163,-1.90198],[30.00161,-1.90192],[30.00155,-1.90185],[30.0016,-1.90173],[30.00165,-1.90173],[30.00171,-1.90167],[30.00166,-1.90145],[30.00136,-1.9012],[30.00123,-1.90112],[30.00121,-1.90107],[30.00116,-1.90103],[30.00114,-1.90092],[30.00118,-1.90077],[30.00126,-1.90062],[30.00122,-1.90061],[30.00119,-1.90058],[30.00079,-1.90057],[30.00073,-1.90054],[30.00071,-1.90051],[30.00063,-1.90007],[30.00054,-1.89975],[30.0005,-1.89968],[30.00043,-1.89961],[30.00029,-1.89966],[30.00022,-1.89951],[30.00023,-1.89934],[30.00022,-1.89927],[30.00001,-1.89908],[30.0,-1.89907],[29.99994,-1.89913],[29.99982,-1.8991],[29.99983,-1.89903],[29.99986,-1.89898],[29.99997,-1.89889],[29.99999,-1.89886],[29.99996,-1.89874],[29.99987,-1.8986],[29.99985,-1.89848],[29.99979,-1.89841],[29.9997,-1.89841],[29.99964,-1.89844],[29.99942,-1.8986],[29.99933,-1.89862],[29.99922,-1.89861],[29.99908,-1.89854],[29.99901,-1.89847],[29.99897,-1.8985],[29.99894,-1.89847],[29.9989,-1.89834],[29.99889,-1.89811],[29.9988,-1.89799],[29.99847,-1.89779],[29.99835,-1.89768],[29.99823,-1.8975],[29.99814,-1.89731],[29.99809,-1.89715],[29.99808,-1.89701],[29.99808,-1.89696],[29.99786,-1.89663],[29.99784,-1.8965],[29.99768,-1.89597],[29.99732,-1.89565],[29.99733,-1.89553],[29.99738,-1.89532],[29.99738,-1.89524],[29.99734,-1.89509],[29.99723,-1.89499],[29.99711,-1.89494],[29.9969,-1.89479],[29.99675,-1.89475],[29.99668,-1.89475],[29.99656,-1.8947],[29.99647,-1.89468],[29.9962,-1.89454],[29.99605,-1.89437],[29.99599,-1.89428],[29.99578,-1.89419],[29.99565,-1.89408],[29.99547,-1.89374],[29.99538,-1.89361],[29.99537,-1.89357],[29.99537,-1.89348],[29.99546,-1.89332],[29.99553,-1.8931],[29.99552,-1.89306],[29.99547,-1.89295],[29.99534,-1.8928],[29.9953,-1.89269],[29.99529,-1.89262],[29.99532,-1.89254],[29.99538,-1.89237],[29.99538,-1.89223],[29.99534,-1.89215],[29.99525,-1.89212],[29.99512,-1.89209],[29.99504,-1.89204],[29.99498,-1.89196],[29.99493,-1.89176],[29.99497,-1.89133],[29.99496,-1.89125],[29.99494,-1.8912],[29.99499,-1.8912],[29.99493,-1.89108],[29.99494,-1.891],[29.99511,-1.8908],[29.99527,-1.89056],[29.99539,-1.89031],[29.99541,-1.89022],[29.99541,-1.89006],[29.99533,-1.88967],[29.9953,-1.88964],[29.99526,-1.88962],[29.99492,-1.88969],[29.9948,-1.88964],[29.99473,-1.88953],[29.99472,-1.88944],[29.99474,-1.88937],[29.99472,-1.88931],[29.99466,-1.8892],[29.99451,-1.88905],[29.99439,-1.88884],[29.9943,-1.88874],[29.9942,-1.88857],[29.9941,-1.88838],[29.99397,-1.88806],[29.99389,-1.88795],[29.99384,-1.88788],[29.99383,-1.8878],[29.99388,-1.88759],[29.99399,-1.88743],[29.99415,-1.88726],[29.99439,-1.88706],[29.99472,-1.8869],[29.99474,-1.88664],[29.99471,-1.88656],[29.99463,-1.88646],[29.9945,-1.88636],[29.99442,-1.88626],[29.99434,-1.8861],[29.99428,-1.88592],[29.9941,-1.88547],[29.99393,-1.88514],[29.99388,-1.88512],[29.99376,-1.88513],[29.99372,-1.88511],[29.9937,-1.88506],[29.9937,-1.88491],[29.99371,-1.88483],[29.99386,-1.88465],[29.99393,-1.88462],[29.99409,-1.88464],[29.99415,-1.8846],[29.99417,-1.88457],[29.99418,-1.8845],[29.99417,-1.88446],[29.99394,-1.88432],[29.99354,-1.88404],[29.99345,-1.88394],[29.99342,-1.88386],[29.99341,-1.88357],[29.99343,-1.88333],[29.99346,-1.88327],[29.99348,-1.88252],[29.99358,-1.88203],[29.99392,-1.88161],[29.99393,-1.88147],[29.99386,-1.88128],[29.99375,-1.88102],[29.99367,-1.88091],[29.99349,-1.88082],[29.99343,-1.88072],[29.9934,-1.88023],[29.99342,-1.88],[29.99339,-1.87983],[29.99342,-1.87977],[29.99344,-1.87976],[29.99355,-1.87979],[29.99359,-1.87981],[29.99371,-1.87983],[29.99376,-1.87981],[29.99377,-1.87977],[29.99354,-1.87943],[29.9934,-1.87926],[29.99331,-1.87903],[29.99331,-1.87892],[29.99342,-1.8787],[29.99345,-1.87869],[29.99352,-1.87864],[29.99378,-1.87861],[29.99392,-1.87856],[29.99401,-1.87851],[29.9941,-1.87842],[29.99414,-1.87835],[29.99414,-1.87828],[29.99413,-1.87818],[29.99402,-1.87793],[29.99401,-1.87789],[29.99402,-1.87786],[29.99412,-1.87782],[29.99412,-1.87778],[29.99399,-1.87751],[29.99387,-1.87733],[29.99376,-1.87722],[29.99361,-1.87685],[29.99352,-1.87651],[29.9935,-1.87636],[29.99353,-1.87631],[29.99356,-1.87628],[29.99362,-1.87613],[29.99358,-1.87593],[29.99356,-1.87568],[29.99339,-1.87545],[29.99323,-1.87533],[29.99318,-1.87526],[29.9932,-1.87505],[29.99323,-1.87503],[29.99324,-1.87496],[29.99338,-1.87489],[29.99347,-1.87473],[29.99342,-1.87466],[29.99314,-1.87469],[29.99311,-1.87466],[29.99304,-1.87464],[29.993,-1.8746],[29.993,-1.87453],[29.99322,-1.87426],[29.9934,-1.87398],[29.99339,-1.8739],[29.99323,-1.87357],[29.99321,-1.87355],[29.99295,-1.87353],[29.99291,-1.8735],[29.99287,-1.87335],[29.99284,-1.87316],[29.99277,-1.87306],[29.99274,-1.87297],[29.99273,-1.87271],[29.99271,-1.87261],[29.9926,-1.87248],[29.99253,-1.87244],[29.99237,-1.87263],[29.99216,-1.87257],[29.99184,-1.87232],[29.99183,-1.87226],[29.99184,-1.87212],[29.99183,-1.87205],[29.99169,-1.872],[29.99159,-1.87208],[29.99137,-1.87192],[29.99132,-1.87184],[29.99131,-1.87121],[29.99127,-1.87101],[29.99116,-1.8707],[29.99105,-1.8705],[29.99081,-1.86974],[29.99071,-1.8696],[29.99066,-1.86954],[29.99045,-1.86945],[29.9903,-1.86942],[29.99013,-1.86944],[29.98998,-1.86942],[29.98981,-1.86938],[29.98956,-1.86934],[29.98946,-1.86927],[29.98943,-1.86922],[29.98943,-1.86916],[29.98964,-1.86903],[29.98969,-1.86897],[29.9897,-1.8689],[29.98967,-1.86884],[29.98964,-1.86882],[29.98953,-1.86878],[29.98944,-1.86878],[29.98938,-1.86877],[29.98927,-1.86869],[29.98925,-1.86862],[29.98925,-1.86851],[29.98929,-1.86833],[29.98949,-1.86797],[29.98952,-1.86788],[29.98965,-1.86764],[29.98967,-1.86757],[29.98968,-1.86727],[29.98969,-1.86726],[29.9897,-1.86723],[29.98968,-1.86713],[29.98962,-1.86698],[29.98956,-1.86689],[29.98952,-1.86693],[29.98943,-1.86677]]]}},{"type":"Feature","properties":{"d":"Nyarugenge","s":"Muhima","c":"Tetero"},"geometry":{"type":"Polygon","coordinates":[[[30.05406,-1.93987],[30.05416,-1.93986],[30.05425,-1.93974],[30.05439,-1.93961],[30.05427,-1.93949],[30.05422,-1.93946],[30.05413,-1.93922],[30.05313,-1.93942],[30.05284,-1.93946],[30.05183,-1.93959],[30.0511,-1.93974],[30.04875,-1.94035],[30.04804,-1.94047],[30.04755,-1.9406],[30.04697,-1.94079],[30.04705,-1.94088],[30.04724,-1.94111],[30.04805,-1.94156],[30.0488,-1.94183],[30.0489,-1.94185],[30.04891,-1.94183],[30.04893,-1.94184],[30.04899,-1.94188],[30.0492,-1.94194],[30.04933,-1.94202],[30.04967,-1.94217],[30.04976,-1.94224],[30.04981,-1.94226],[30.04986,-1.94232],[30.05012,-1.94255],[30.05047,-1.94292],[30.05049,-1.94297],[30.05066,-1.94325],[30.05089,-1.94353],[30.05084,-1.94332],[30.05081,-1.94306],[30.05081,-1.94277],[30.05087,-1.94242],[30.05096,-1.94224],[30.05155,-1.94151],[30.05125,-1.94154],[30.05078,-1.94149],[30.05046,-1.94144],[30.05036,-1.94141],[30.05029,-1.94136],[30.05041,-1.94121],[30.05098,-1.94069],[30.05135,-1.9403],[30.05228,-1.94017],[30.0525,-1.94015],[30.05267,-1.94014],[30.05287,-1.94016],[30.0531,-1.94021],[30.05319,-1.94027],[30.05322,-1.94035],[30.05335,-1.94032],[30.05341,-1.94031],[30.05406,-1.93987]]]}},{"type":"Feature","properties":{"d":"Nyarugenge","s":"Muhima","c":"Ubumwe"},"geometry":{"type":"Polygon","coordinates":[[[30.07088,-1.94673],[30.07076,-1.9468],[30.07063,-1.9468],[30.07037,-1.94677],[30.07,-1.94658],[30.06976,-1.94643],[30.0697,-1.94637],[30.06964,-1.94624],[30.06937,-1.94592],[30.06833,-1.94477],[30.06794,-1.94444],[30.06791,-1.94439],[30.06784,-1.94431],[30.06786,-1.94429],[30.06776,-1.9441],[30.06815,-1.94356],[30.06723,-1.94259],[30.06649,-1.94203],[30.0655,-1.94149],[30.06529,-1.94146],[30.06512,-1.94139],[30.06447,-1.94121],[30.06429,-1.94138],[30.06415,-1.94141],[30.06399,-1.94128],[30.06342,-1.94243],[30.06345,-1.9426],[30.06279,-1.94351],[30.06287,-1.94365],[30.06276,-1.94384],[30.06253,-1.94388],[30.06251,-1.94387],[30.06236,-1.944],[30.06237,-1.94411],[30.06236,-1.94422],[30.06233,-1.94432],[30.06227,-1.94441],[30.06236,-1.9445],[30.06256,-1.94422],[30.06306,-1.94425],[30.06311,-1.94438],[30.06319,-1.94456],[30.06332,-1.94467],[30.06356,-1.94483],[30.06371,-1.94496],[30.06382,-1.94495],[30.06393,-1.94502],[30.0644,-1.94511],[30.0644,-1.94515],[30.06529,-1.94538],[30.06615,-1.94573],[30.06646,-1.94583],[30.06661,-1.94591],[30.06714,-1.94611],[30.06727,-1.94616],[30.06735,-1.94619],[30.07007,-1.94728],[30.07039,-1.94748],[30.07091,-1.94783],[30.07135,-1.94834],[30.07193,-1.94915],[30.073,-1.95115],[30.07339,-1.95201],[30.07353,-1.95253],[30.07365,-1.9536],[30.07367,-1.95428],[30.0737,-1.9544],[30.07385,-1.95491],[30.07429,-1.95558],[30.07441,-1.95569],[30.07451,-1.95566],[30.07464,-1.95567],[30.07473,-1.95572],[30.07492,-1.95553],[30.07499,-1.95537],[30.07511,-1.95523],[30.07517,-1.9552],[30.07548,-1.95511],[30.07689,-1.95478],[30.07679,-1.9542],[30.07674,-1.95395],[30.07671,-1.9539],[30.07666,-1.9537],[30.07662,-1.95325],[30.07652,-1.95272],[30.07647,-1.9525],[30.07634,-1.95219],[30.07629,-1.95182],[30.07625,-1.95168],[30.07619,-1.95154],[30.07597,-1.95095],[30.07584,-1.95054],[30.0756,-1.95043],[30.07512,-1.94945],[30.07493,-1.94964],[30.0747,-1.94996],[30.07462,-1.94969],[30.07441,-1.94852],[30.07424,-1.94786],[30.07457,-1.94771],[30.07443,-1.94679],[30.07445,-1.94652],[30.07439,-1.94604],[30.07431,-1.94577],[30.07434,-1.94576],[30.07429,-1.94557],[30.0743,-1.94556],[30.0743,-1.94534],[30.07427,-1.94535],[30.07414,-1.94541],[30.07404,-1.94546],[30.07325,-1.94567],[30.0731,-1.94541],[30.07285,-1.94505],[30.07279,-1.94512],[30.07239,-1.94538],[30.07198,-1.94553],[30.0719,-1.94567],[30.07184,-1.94564],[30.07165,-1.9459],[30.07147,-1.94604],[30.07141,-1.94614],[30.07151,-1.94625],[30.07149,-1.94688],[30.0712,-1.94687],[30.07105,-1.94683],[30.07088,-1.94673]]]}}]}